caso,nodo_u,nodo_v,dist_km,SKR_bits_pulso,viable_QKD
CyL,Adrada (La),Mombeltrán,32.77720068731872,0.002256652887948806,True
CyL,Adrada (La),Ávila,40.08861864841566,0.0016101231319534475,True
CyL,Adrada (La),Navaluenga,13.860100088380268,0.0054086385022914015,True
CyL,Adrada (La),Cebreros,22.528580037305225,0.0036227995459140634,True
CyL,Mombeltrán,Barco de Ávila (El),44.225397361937866,0.0013301840913790995,True
CyL,Mombeltrán,Navaluenga,31.190664579171383,0.0024281816759843997,True
CyL,Mombeltrán,Candeleda,22.1660509812748,0.0036839980861513274,True
CyL,Mombeltrán,Piedrahíta,34.69358362375083,0.002065551697403832,True
CyL,Arévalo,Carpio,36.5546787446037,0.001895474505902885,True
CyL,Arévalo,Peñaranda de Bracamonte,44.159601323277805,0.0013342311727856664,True
CyL,Arévalo,Carbonero el Mayor,38.671009791973596,0.0017190293539547916,True
CyL,Arévalo,Nava de la Asunción,22.127470936866082,0.0036905714768863296,True
CyL,Arévalo,Pedrajas de San Esteban,32.77828017967942,0.002256540407616319,True
CyL,Arévalo,Seca (La),41.91177153272962,0.0014801415074280461,True
CyL,Ávila,Navaluenga,27.300996950093754,0.0029059989155036632,True
CyL,Ávila,Cebreros,29.957925298398152,0.0025704202585142793,True
CyL,Ávila,Espinar (El),38.78902505326668,0.0017096884864916918,True
CyL,Barco de Ávila (El),Candeleda,32.92956490402108,0.002240832293450918,True
CyL,Barco de Ávila (El),Piedrahíta,20.32615716287004,0.004010938147281297,True
CyL,Barco de Ávila (El),Béjar,20.75521752011414,0.003932186239881459,True
CyL,Barco de Ávila (El),Guijuelo,25.421163851391004,0.0031696109397242093,True
CyL,Navaluenga,Cebreros,21.141317279598486,0.003862645322255432,True
CyL,Candeleda,Piedrahíta,35.09148401447079,0.002027950531163346,True
CyL,Cebreros,Espinar (El),34.48934429125676,0.0020851222179626497,True
CyL,Carpio,Villoria,32.88136548710106,0.002245824994178777,True
CyL,Carpio,Peñaranda de Bracamonte,35.2648644050784,0.002011781231597365,True
CyL,Carpio,Seca (La),28.10752221734029,0.0027997396378953094,True
CyL,Carpio,Fuentesaúco,32.324765567113616,0.0023042929451324275,True
CyL,Carpio,Toro,42.10594507490828,0.0014669315494072177,True
CyL,Espinar (El),Carbonero el Mayor,45.044128878098505,0.001280838767155935,True
CyL,Espinar (El),San Cristóbal de Segovia,29.829216251791106,0.002585743990895179,True
CyL,Piedrahíta,Béjar,38.11204150319047,0.001763969626963644,True
CyL,Piedrahíta,Guijuelo,30.936502838829448,0.0024568483222379496,True
CyL,Burgos,Belorado,42.808490175755004,0.0014201132410659287,True
CyL,Burgos,Briviesca,38.67717536850132,0.001718540089501991,True
CyL,Burgos,Lerma,35.33588883733654,0.002005194857743751,True
CyL,Burgos,Merindad de Río Ubierna,30.936456932034872,0.0024568535305001466,True
CyL,Burgos,Villadiego,32.047254623862784,0.0023340107319849666,True
CyL,Aranda de Duero,Huerta de Rey,33.66252321994401,0.002166263794903169,True
CyL,Aranda de Duero,Lerma,39.79361705038845,0.0016322027547049575,True
CyL,Aranda de Duero,Roa,20.24739733575077,0.0040255649557485035,True
CyL,Aranda de Duero,Mozoncillo,33.014219281350876,0.002232090304965754,True
CyL,Belorado,Briviesca,18.125701048022705,0.004440372203199101,True
CyL,Belorado,Miranda de Ebro,35.70101311977733,0.0019716744465885635,True
CyL,Belorado,Merindad de Río Ubierna,43.57482871200548,0.0013707453494946197,True
CyL,Belorado,Salas de los Infantes,44.87126555677198,0.0012911026321685256,True
CyL,Briviesca,Miranda de Ebro,34.317286195367636,0.00210175300199214,True
CyL,Briviesca,Merindad de Río Ubierna,27.741552490927806,0.0028474649976901983,True
CyL,Briviesca,Trespaderne,28.52604937945903,0.0027461413863020963,True
CyL,Miranda de Ebro,Trespaderne,38.41902215287977,0.0017391452826581526,True
CyL,Villarcayo de Merindad de Castilla la Vieja,Merindad de Río Ubierna,36.31289249328496,0.0019167527376325298,True
CyL,Villarcayo de Merindad de Castilla la Vieja,Trespaderne,21.187042283925376,0.003854491802206356,True
CyL,Villarcayo de Merindad de Castilla la Vieja,Valle de Mena,29.627580737782523,0.002609934223377705,True
CyL,Huerta de Rey,Lerma,39.497964579614276,0.0016546348732545291,True
CyL,Huerta de Rey,Duruelo de la Sierra,36.78651539468953,0.0018752938290302707,True
CyL,Huerta de Rey,Salas de los Infantes,21.04109537349122,0.003880577061719335,True
CyL,Huerta de Rey,Burgo de Osma-Ciudad de Osma,36.5609814921809,0.0018949230085870815,True
CyL,Huerta de Rey,San Leonardo de Yagüe,23.45370275158947,0.003471206748830717,True
CyL,Lerma,Roa,39.230630673666894,0.001675183674936446,True
CyL,Lerma,Salas de los Infantes,38.78447398051722,0.0017100477595300666,True
CyL,Melgar de Fernamental,Villadiego,22.925023787769085,0.003557041462932678,True
CyL,Melgar de Fernamental,Herrera de Pisuerga,22.386280657847845,0.0036466986911513313,True
CyL,Melgar de Fernamental,Torquemada,41.55348821520934,0.0015048291009736934,True
CyL,Melgar de Fernamental,Carrión de los Condes,30.213278825183046,0.002540287184073093,True
CyL,Melgar de Fernamental,Saldaña,42.437629108962966,0.001444638564932149,True
CyL,Merindad de Río Ubierna,Trespaderne,29.504637384592442,0.0026247948075492945,True
CyL,Merindad de Río Ubierna,Villadiego,31.55245935807137,0.002387951770761336,True
CyL,Trespaderne,Valle de Mena,34.2953823957505,0.0021038796805026047,True
CyL,Duruelo de la Sierra,Salas de los Infantes,30.274445492922514,0.002533121850411948,True
CyL,Duruelo de la Sierra,Burgo de Osma-Ciudad de Osma,42.26663983761275,0.0014560883890349279,True
CyL,Duruelo de la Sierra,Soria,44.11816726310244,0.001336786073976834,True
CyL,Duruelo de la Sierra,San Leonardo de Yagüe,17.81908064929229,0.004503764323774159,True
CyL,Roa,Campaspero,32.00167116157736,0.002338928672677972,True
CyL,Salas de los Infantes,San Leonardo de Yagüe,28.244383369591883,0.0027820983705891087,True
CyL,Villadiego,Herrera de Pisuerga,27.687934585164424,0.0028545252944209526,True
CyL,San Justo de la Vega,Bañeza (La),19.733422968312645,0.004122339290188766,True
CyL,San Justo de la Vega,Folgoso de la Ribera,32.644730658765496,0.002270498605817247,True
CyL,San Justo de la Vega,Santa Marina del Rey,14.425710963925354,0.005268963995356679,True
CyL,San Justo de la Vega,Santovenia de la Valdoncina,33.701258699364764,0.002162392811123258,True
CyL,San Justo de la Vega,Villaquilambre,42.71461276328703,0.0014262817992886244,True
CyL,San Justo de la Vega,Villamañán,38.459710364701124,0.0017358813158977336,True
CyL,San Justo de la Vega,Santibáñez de Vidriales,42.33414402099074,0.0014515573597267248,True
CyL,Bañeza (La),Santa Marina del Rey,24.28671208592052,0.0033401534104494962,True
CyL,Bañeza (La),Santovenia de la Valdoncina,35.70467563285953,0.001971341063557712,True
CyL,Bañeza (La),Villamañán,26.4236278296579,0.0030261838330411677,True
CyL,Bañeza (La),Benavente,37.75405252674708,0.0017933668033621032,True
CyL,Bañeza (La),Santibáñez de Vidriales,26.606039111261442,0.003000793283131013,True
CyL,Folgoso de la Ribera,Santa Marina del Rey,40.41156787478216,0.0015862940523396394,True
CyL,Folgoso de la Ribera,Cubillos del Sil,20.110485139754037,0.004051118867302312,True
CyL,Folgoso de la Ribera,Villadecanes,36.706773681447075,0.00188221073683298,True
CyL,Folgoso de la Ribera,Vega de Espinareda,28.929777707068112,0.0026954121325786914,True
CyL,Folgoso de la Ribera,Palacios del Sil,27.520929584305343,0.0028766287137962044,True
CyL,Santa Marina del Rey,Santovenia de la Valdoncina,19.6608524172238,0.004136189969390178,True
CyL,Santa Marina del Rey,Villaquilambre,28.297258748747364,0.0027753126342065794,True
CyL,Santa Marina del Rey,Villamañán,31.132057971258973,0.002434762011443181,True
CyL,Santa Marina del Rey,Villasabariego,36.4933327726234,0.0019008507398198247,True
CyL,Santa Marina del Rey,Pola de Gordón (La),40.95959005322863,0.0015466619008613494,True
CyL,Sabero,Villaquilambre,39.845851329816256,0.001628271298705751,True
CyL,Sabero,Gradefes,24.330549995733666,0.0033333955779189543,True
CyL,Sabero,Villasabariego,39.95991417367189,0.0016197191500935278,True
CyL,Sabero,Pola de Gordón (La),42.426475426834614,0.001445382688643474,True
CyL,Sabero,Velilla del Río Carrión,24.828748355796417,0.0032575515103354905,True
CyL,Cubillos del Sil,Villadecanes,16.750976704515587,0.004731762149342981,True
CyL,Cubillos del Sil,Vega de Espinareda,13.592080418894295,0.0054761162106976985,True
CyL,Cubillos del Sil,Palacios del Sil,30.058555787983465,0.002558502835513483,True
CyL,Cubillos del Sil,Puente de Domingo Flórez,31.59134968842051,0.002383667255619502,True
CyL,Villadecanes,Vega de Espinareda,18.35069256889905,0.004394426307430958,True
CyL,Villadecanes,Palacios del Sil,42.41493142938914,0.001446153255967291,True
CyL,Villadecanes,Puente de Domingo Flórez,19.156515838488676,0.004233744262723153,True
CyL,Santovenia de la Valdoncina,Villaquilambre,11.86192456323139,0.005932513540201913,True
CyL,Santovenia de la Valdoncina,Gradefes,33.545426804897886,0.0021780079024913326,True
CyL,Santovenia de la Valdoncina,Villamañán,24.84903880212671,0.0032544994691092685,True
CyL,Santovenia de la Valdoncina,Villasabariego,17.07155935529571,0.004662140473097723,True
CyL,Santovenia de la Valdoncina,Pola de Gordón (La),34.887009201719145,0.0020471868469597292,True
CyL,Villaquilambre,Gradefes,27.052494511102992,0.0029395459143611797,True
CyL,Villaquilambre,Villamañán,35.323421482000114,0.002006349441303149,True
CyL,Villaquilambre,Villasabariego,16.592486895015394,0.004766566035665916,True
CyL,Villaquilambre,Pola de Gordón (La),25.731932503224193,0.0031244342560760264,True
CyL,Vega de Espinareda,Palacios del Sil,24.666006440123528,0.0032821347263577065,True
CyL,Vega de Espinareda,Puente de Domingo Flórez,37.31447265070368,0.001830135152735273,True
CyL,Gradefes,Villamañán,44.53743801824856,0.0013111570697802914,True
CyL,Gradefes,Villasabariego,18.337602724795236,0.004397086296700162,True
CyL,Gradefes,Pola de Gordón (La),44.29255696961595,0.0013260657907589834,True
CyL,Gradefes,Velilla del Río Carrión,38.350263189076166,0.001744675013413325,True
CyL,Gradefes,Saldaña,41.814945513455854,0.0014867731183850876,True
CyL,Villamañán,Villasabariego,27.312607484592466,0.002904440941967943,True
CyL,Villamañán,Valderas,29.476377754637017,0.002628222602765737,True
CyL,Villamañán,Benavente,36.23495068484851,0.0019236627547168262,True
CyL,Villasabariego,Pola de Gordón (La),41.422124971948435,0.0015139834951823784,True
CyL,Puente de Domingo Flórez,Puebla de Sanabria,42.94835425653831,0.0014109723906709614,True
CyL,Villada,Valderas,43.692500547901915,0.001363318318702963,True
CyL,Villada,Carrión de los Condes,31.59453757039747,0.002383316390740652,True
CyL,Villada,Palencia,44.65116325230533,0.0013042903891273498,True
CyL,Villada,Paredes de Nava,24.950830841122063,0.003239231330396496,True
CyL,Villada,Saldaña,35.63830882661576,0.0019773909099720347,True
CyL,Valderas,Villabrágima,39.26839403363309,0.0016722655625111362,True
CyL,Valderas,Benavente,20.823760142201674,0.003919749961043006,True
CyL,Valderas,Villalpando,23.825378552199506,0.003412107995224935,True
CyL,Velilla del Río Carrión,Cervera de Pisuerga,28.63862174849482,0.0027319010912908582,True
CyL,Velilla del Río Carrión,Saldaña,34.98250725496291,0.002038180088153859,True
CyL,Barruelo de Santullán,Herrera de Pisuerga,35.00051371964514,0.002036486282783977,True
CyL,Barruelo de Santullán,Cervera de Pisuerga,17.882636253799138,0.004490550401531778,True
CyL,Herrera de Pisuerga,Carrión de los Condes,36.08113797576382,0.001937372392765412,True
CyL,Herrera de Pisuerga,Cervera de Pisuerga,33.14601331121587,0.0022185482362792512,True
CyL,Herrera de Pisuerga,Saldaña,34.16638088976796,0.002116448420782633,True
CyL,Torquemada,Carrión de los Condes,41.11493536247937,0.0015356087433928069,True
CyL,Torquemada,Venta de Baños,19.110325293391718,0.004242793451506022,True
CyL,Torquemada,Palencia,17.640191127126524,0.004541167193348734,True
CyL,Torquemada,Paredes de Nava,33.6334727324013,0.002169171470431233,True
CyL,Carrión de los Condes,Palencia,36.767102533034645,0.0018769753826194647,True
CyL,Carrión de los Condes,Paredes de Nava,22.03956123502055,0.0037055937550097362,True
CyL,Carrión de los Condes,Saldaña,23.175600859551707,0.003516096563648417,True
CyL,Cervera de Pisuerga,Saldaña,42.83007483244693,0.0014186987174209672,True
CyL,Venta de Baños,Palencia,10.60055649051156,0.006289149305832409,True
CyL,Venta de Baños,Paredes de Nava,30.622598201670513,0.002492721341157175,True
CyL,Venta de Baños,Zaratán,37.620162527045075,0.0018044869944129761,True
CyL,Venta de Baños,Santovenia de Pisuerga,29.718626214096574,0.00259898355934027,True
CyL,Venta de Baños,Traspinedo,38.431512505290144,0.0017381426669717376,True
CyL,Palencia,Paredes de Nava,20.626358759429614,0.003955673372160837,True
CyL,Palencia,Zaratán,44.342309924928905,0.001323023104570887,True
CyL,Palencia,Santovenia de Pisuerga,37.45874645933703,0.0018179850899016077,True
CyL,Paredes de Nava,Saldaña,41.20475259377612,0.0015292541204588294,True
CyL,Terradillos,Salamanca,17.21255483863661,0.004631846379036895,True
CyL,Terradillos,Villoria,22.236909660861553,0.0036719555105156317,True
CyL,Terradillos,Guijuelo,33.534707814020926,0.0021790861345501646,True
CyL,Terradillos,Peñaranda de Bracamonte,29.427494430412185,0.002634162565753129,True
CyL,Terradillos,Fuentesaúco,43.48228368974393,0.001376614864264046,True
CyL,Alberca (La),Béjar,31.48083959806805,0.0023958622395064792,True
CyL,Alberca (La),Ciudad Rodrigo,36.79427009497445,0.0018746225335950443,True
CyL,Alberca (La),Fuente de San Esteban (La),36.9176161253656,0.001863977191139867,True
CyL,Alberca (La),Guijuelo,37.707504468379746,0.0017972250431889081,True
CyL,Aldeadávila de la Ribera,Lumbrales,32.48431158120508,0.0022873794176026486,True
CyL,Aldeadávila de la Ribera,Vitigudino,27.814300026551166,0.0028379137015614605,True
CyL,Aldeadávila de la Ribera,Fermoselle,21.66473967624044,0.0037703351848074945,True
CyL,Salamanca,Villoria,24.429501944849832,0.003318191955618874,True
CyL,Salamanca,Ledesma,31.503597088385302,0.0023933458146331455,True
CyL,Salamanca,Peñaranda de Bracamonte,39.24532384087399,0.0016740476756309523,True
CyL,Salamanca,Fuentesaúco,32.53654353736477,0.0022818693314553312,True
CyL,Béjar,Guijuelo,20.61750001882635,0.003957293214853323,True
CyL,Villoria,Peñaranda de Bracamonte,17.593334753970524,0.004551015475869945,True
CyL,Villoria,Fuentesaúco,28.046367240198553,0.0028076586221829985,True
CyL,Ciudad Rodrigo,Fuente de San Esteban (La),31.91145770977503,0.002348692281697027,True
CyL,Ciudad Rodrigo,Fuentes de Oñoro,24.37641657553475,0.0033263396793058396,True
CyL,Ciudad Rodrigo,Lumbrales,41.05036829405583,0.0015401932073182867,True
CyL,Fuente de San Esteban (La),Ledesma,38.85074029483085,0.0017048239774834122,True
CyL,Fuente de San Esteban (La),Lumbrales,41.43790001463019,0.0015128812347287497,True
CyL,Fuente de San Esteban (La),Vitigudino,27.573043690392808,0.002869712979961965,True
CyL,Fuentes de Oñoro,Lumbrales,38.89690078167545,0.0017011945736969945,True
CyL,Ledesma,Vitigudino,37.9777652236385,0.0017749391496999604,True
CyL,Ledesma,Bermillo de Sayago,32.03668330307157,0.002335150335479548,True
CyL,Ledesma,Fermoselle,41.84314072027426,0.0014848389699285618,True
CyL,Ledesma,Fuentesaúco,44.749756973794845,0.0012983664354931784,True
CyL,Lumbrales,Vitigudino,24.823372356924786,0.00325836063584418,True
CyL,Peñaranda de Bracamonte,Fuentesaúco,43.77413228481666,0.0013581896553166103,True
CyL,Vitigudino,Fermoselle,34.61240352574149,0.002073308391693844,True
CyL,Mozoncillo,Cantalejo,37.89636991032257,0.0017816218199113733,True
CyL,Mozoncillo,Burgo de Osma-Ciudad de Osma,42.75954141233076,0.0014233262634826336,True
CyL,Cantalejo,Carbonero el Mayor,32.12163352120318,0.0023260083014879016,True
CyL,Cantalejo,Campaspero,34.49958968191478,0.00208413608363725,True
CyL,Cantalejo,San Cristóbal de Segovia,36.222189144338735,0.0019247965150194762,True
CyL,Carbonero el Mayor,Nava de la Asunción,18.81865207226918,0.004300384745973241,True
CyL,Carbonero el Mayor,Campaspero,41.56758082550905,0.001503850313119011,True
CyL,Carbonero el Mayor,San Cristóbal de Segovia,24.75387536091307,0.0032688385638480096,True
CyL,Carbonero el Mayor,Pedrajas de San Esteban,35.601888140463,0.0019807188266948005,True
CyL,Nava de la Asunción,Campaspero,44.53095328674479,0.001311549702112128,True
CyL,Nava de la Asunción,San Cristóbal de Segovia,41.20626733545803,0.0015291471773269888,True
CyL,Nava de la Asunción,Pedraja de Portillo (La),37.590823940576804,0.0018069328987795966,True
CyL,Nava de la Asunción,Pedrajas de San Esteban,21.834835425570404,0.0037408159031341367,True
CyL,Campaspero,Pedraja de Portillo (La),37.04336152061824,0.0018531870164210673,True
CyL,Campaspero,Pedrajas de San Esteban,36.06272821881186,0.0019390198277886642,True
CyL,Campaspero,Traspinedo,24.533598950457005,0.0033022727936516316,True
CyL,Ólvega,Soria,39.7872643727474,0.0016326815411830762,True
CyL,Almazán,Arcos de Jalón,37.23744124990688,0.0018366556026132874,True
CyL,Almazán,Berlanga de Duero,27.412911093930266,0.0028910163626208935,True
CyL,Almazán,Soria,31.397417368035725,0.002405109378086059,True
CyL,Berlanga de Duero,Burgo de Osma-Ciudad de Osma,21.848998058950187,0.0037383685192112323,True
CyL,Berlanga de Duero,San Leonardo de Yagüe,43.90185630229719,0.0013502038240840097,True
CyL,Burgo de Osma-Ciudad de Osma,San Leonardo de Yagüe,26.843570994425896,0.0029680498296400463,True
CyL,Pedraja de Portillo (La),Zaratán,23.981501172378078,0.00338758520669545,True
CyL,Pedraja de Portillo (La),Viana de Cega,10.99691218574281,0.00617482416877217,True
CyL,Pedraja de Portillo (La),Santovenia de Pisuerga,25.156575658274203,0.0032085897025186357,True
CyL,Pedraja de Portillo (La),Pedrajas de San Esteban,15.75885782408309,0.004953900992327293,True
CyL,Pedraja de Portillo (La),Seca (La),22.943173084609658,0.0035540598400729184,True
CyL,Pedraja de Portillo (La),Traspinedo,18.26466047045343,0.004411938499104826,True
CyL,Zaratán,Viana de Cega,14.943839973037619,0.005144193552583401,True
CyL,Zaratán,Santovenia de Pisuerga,8.880047867439558,0.006810578187387255,True
CyL,Zaratán,Pedrajas de San Esteban,39.60316485644309,0.0016466178694021967,True
CyL,Zaratán,Seca (La),29.24896121972763,0.0026559711039919427,True
CyL,Zaratán,Villabrágima,32.72801824524806,0.0022617835282745225,True
CyL,Zaratán,Traspinedo,27.59112927996313,0.00286731684947174,True
CyL,Viana de Cega,Santovenia de Pisuerga,19.39731624743385,0.004186881527373504,True
CyL,Viana de Cega,Pedrajas de San Esteban,25.48419403658527,0.003160395597243345,True
CyL,Viana de Cega,Seca (La),18.11275016690748,0.004443031539909681,True
CyL,Viana de Cega,Villabrágima,44.415930358046644,0.0013185335785649978,True
CyL,Viana de Cega,Traspinedo,23.86557461973715,0.003405777291333142,True
CyL,Santovenia de Pisuerga,Pedrajas de San Esteban,40.739990231156156,0.0015624227488898901,True
CyL,Santovenia de Pisuerga,Seca (La),36.25509176464677,0.0019218747407867673,True
CyL,Santovenia de Pisuerga,Villabrágima,37.94205619386866,0.001777867819127539,True
CyL,Santovenia de Pisuerga,Traspinedo,22.41329076364906,0.0036421502332207997,True
CyL,Pedrajas de San Esteban,Seca (La),28.545855623863417,0.0027436305383955876,True
CyL,Pedrajas de San Esteban,Traspinedo,27.809829511005876,0.002838499725937781,True
CyL,Seca (La),Traspinedo,40.418935294454386,0.001585754575159486,True
CyL,Seca (La),Toro,42.49465354416175,0.0014408401300642294,True
CyL,Villabrágima,Toro,40.497111831079245,0.001580041409873062,True
CyL,Villabrágima,Villalpando,25.117300074443314,0.0032144165157724745,True
CyL,Trabazos,Puebla de Sanabria,36.130591620564466,0.001932953861213756,True
CyL,Benavente,Santibáñez de Vidriales,29.23975088156274,0.0026571010741372547,True
CyL,Benavente,Villalpando,26.64693135557256,0.0029951306711477063,True
CyL,Bermillo de Sayago,Villaralbo,38.4589581618895,0.0017359416012187729,True
CyL,Bermillo de Sayago,Fermoselle,24.45450387956526,0.003314361502574366,True
CyL,Villaralbo,Fuentesaúco,33.175347774741915,0.0022155452732907054,True
CyL,Villaralbo,Toro,24.241670677736032,0.0033471110653496825,True
CyL,Fuentesaúco,Toro,34.09978003010382,0.002122966786804758,True
CyL,Toro,Villalpando,37.6358783340935,0.0018031781586639042,True
España,Abrucena,Berja,34.62232787645306,0.002072358566265754,True
España,Abrucena,Benahadux,38.06903421067259,0.0017674756496543632,True
España,Abrucena,Canjáyar,14.628187961828955,0.005219848110843821,True
España,Abrucena,Ejido (El),39.83092354316164,0.0016293938834267732,True
España,Abrucena,Gérgal,22.9845578352439,0.0035472703879256004,True
España,Abrucena,Nevada,24.462381521558072,0.003313155516533074,True
España,Abrucena,Roquetas de Mar,44.08595240513935,0.0013387758804080457,True
España,Abrucena,Tíjola,39.50422137760259,0.001654156971213852,True
España,Abrucena,Tabernas,37.05569566651334,0.001852131997854267,True
España,Abrucena,Cádiar,39.8438534323426,0.001628421497785336,True
España,Abrucena,Caniles,34.35696460764462,0.0020979060311643767,True
España,Abrucena,Purullena,40.40957652945709,0.0015864398995289533,True
España,Abrucena,Freila,45.049614986111834,0.0012805143646304957,True
España,Abrucena,Valle del Zalabí,25.32683897709972,0.0031834520368003746,True
España,Abrucena,Jerez del Marquesado,32.641063310885336,0.0022708831226966805,True
España,Berja,Benahadux,44.791304543234716,0.0012958781313605608,True
España,Berja,Canjáyar,26.024337700048157,0.003082516195152208,True
España,Berja,Ejido (El),14.528264344648296,0.005244029406581369,True
España,Berja,Nevada,18.091103435169842,0.004447480050894829,True
España,Berja,Roquetas de Mar,31.150110081973423,0.002432733224784238,True
España,Berja,Polopos,31.464082505682477,0.002397716859175955,True
España,Berja,Cádiar,23.38294259971847,0.003482573735455841,True
España,Berja,Jerez del Marquesado,41.913510838881315,0.0014800226531785923,True
España,Berja,Órgiva,42.666435236243125,0.0014294578724992225,True
España,Arboleas,Vera,21.59224034260845,0.003782987945533509,True
España,Arboleas,Turre,27.1746432979541,0.00292300804468331,True
España,Arboleas,Olula del Río,19.735044122275024,0.004122030411365328,True
España,Arboleas,Carboneras,42.431182546736586,0.0014450686039678175,True
España,Arboleas,Oria,24.548182698692298,0.00330004867526902,True
España,Arboleas,Uleila del Campo,21.583678980939474,0.0037844849021021676,True
España,Arboleas,Vélez-Blanco,37.928561430768596,0.0017789758475929372,True
España,Arboleas,Níjar,44.3164155804364,0.0013246058244413689,True
España,Arboleas,Pulpí,29.89647008409871,0.0025777255663782007,True
España,Arboleas,Tíjola,32.230654581303234,0.002314328317406398,True
España,Arboleas,Tabernas,43.71594634866952,0.0013618433150940773,True
España,Arboleas,Águilas,44.02926933103827,0.0013422841981381795,True
España,Arboleas,Puerto Lumbreras,33.18434028280561,0.0022146255269783056,True
España,Benahadux,Canjáyar,26.898873294769476,0.002960477979797517,True
España,Benahadux,Ejido (El),35.92429737039506,0.001951452570977774,True
España,Benahadux,Gérgal,22.872137543425403,0.003565744081405404,True
España,Benahadux,Uleila del Campo,36.50920395682836,0.0018994583610777564,True
España,Benahadux,Roquetas de Mar,22.88461929527783,0.003563688243348282,True
España,Benahadux,Níjar,22.583242606559505,0.0036136607662024434,True
España,Benahadux,Tabernas,14.837128037429155,0.005169646048125384,True
España,Vera,Turre,10.781916107160752,0.006236576350306768,True
España,Vera,Olula del Río,39.7850977759862,0.001632844864636691,True
España,Vera,Carboneras,27.929815982807607,0.0028228130571127524,True
España,Vera,Uleila del Campo,30.48821934092517,0.002508237993371935,True
España,Vera,Níjar,43.32277892186621,0.0013867902140994276,True
España,Vera,Pulpí,21.3134571660665,0.003832039615993486,True
España,Vera,Águilas,30.80403953924254,0.0024719227664648123,True
España,Vera,Puerto Lumbreras,35.43788362067402,0.0019957742000413538,True
España,Turre,Olula del Río,42.04292751240214,0.00147120577191223,True
España,Turre,Carboneras,17.308605184712942,0.004611322276089844,True
España,Turre,Uleila del Campo,27.61902838717976,0.00286362447068138,True
España,Turre,Níjar,34.56271395773936,0.0020780705634004405,True
España,Turre,Pulpí,31.746437552097007,0.0023666577440689895,True
España,Turre,Águilas,39.407390720333574,0.0016615685043664772,True
España,Canjáyar,Ejido (El),26.890757198519115,0.0029615880025036976,True
España,Canjáyar,Gérgal,21.714332448471737,0.003761704572338981,True
España,Canjáyar,Nevada,24.619726534687945,0.0032891594863316094,True
España,Canjáyar,Roquetas de Mar,29.46256643538238,0.002629899498066571,True
España,Canjáyar,Tabernas,31.11807651940308,0.0024363344808146525,True
España,Canjáyar,Cádiar,39.78345731414279,0.0016329685375995797,True
España,Canjáyar,Valle del Zalabí,38.907141829952444,0.0017003904113392148,True
España,Canjáyar,Jerez del Marquesado,41.99637890283666,0.0014743709659013281,True
España,Olula del Río,Oria,14.7814581003037,0.0051829743327381885,True
España,Olula del Río,Gérgal,33.38083800067078,0.0021946230252402697,True
España,Olula del Río,Uleila del Campo,20.32249892434865,0.0040116163522895786,True
España,Olula del Río,Vélez-Blanco,41.6921441483808,0.0014952265242543208,True
España,Olula del Río,Níjar,43.72160455938204,0.0013614875892216315,True
España,Olula del Río,Tíjola,12.512991202875133,0.005756451115376101,True
España,Olula del Río,Tabernas,34.681777319920684,0.002066677973472245,True
España,Olula del Río,Caniles,38.63163073316682,0.0017221575360122933,True
España,Olula del Río,Cúllar,35.57565627993081,0.001983119216864277,True
España,Carboneras,Uleila del Campo,34.51522703532315,0.0020826318643609866,True
España,Carboneras,Níjar,27.880730139833613,0.002829219871579594,True
España,Carboneras,Tabernas,44.57093027532738,0.0013091310768131642,True
España,Oria,Uleila del Campo,34.27082627592865,0.00210626643770533,True
España,Oria,Vélez-Blanco,28.857918553088016,0.0027043722294474654,True
España,Oria,Tíjola,20.083706908832045,0.0040561358593162716,True
España,Oria,Caniles,38.11002824172696,0.0017641335959336208,True
España,Oria,Galera,36.48664773510605,0.0019014375236235063,True
España,Oria,Cúllar,27.118379356741798,0.0029306140791969916,True
España,Oria,Puerto Lumbreras,43.607039217038604,0.0013687083254047118,True
España,Ejido (El),Nevada,30.89564953651643,0.002461487625046895,True
España,Ejido (El),Roquetas de Mar,17.659612379498682,0.004537091498605838,True
España,Ejido (El),Polopos,43.197626426406956,0.0013948267246404358,True
España,Ejido (El),Cádiar,37.88332281628328,0.0017826953425307576,True
España,Gérgal,Nevada,44.51804574028108,0.001312331567666268,True
España,Gérgal,Uleila del Campo,30.507994499453794,0.0025059485135915036,True
España,Gérgal,Roquetas de Mar,40.21404885547757,0.0016008259393003729,True
España,Gérgal,Níjar,34.117547790698175,0.002121225856551074,True
España,Gérgal,Tíjola,26.485926531597546,0.00301748812501617,True
España,Gérgal,Tabernas,15.153579899013966,0.005094533096863975,True
España,Gérgal,Caniles,38.68495692434155,0.0017179227890890053,True
España,Nevada,Roquetas de Mar,44.31417077005816,0.0013247431213440448,True
España,Nevada,Polopos,33.74815264755333,0.002157715781818899,True
España,Nevada,Cádiar,15.717138958437728,0.0049634678591599255,True
España,Nevada,Purullena,38.52007592250232,0.00173105013649474,True
España,Nevada,Valle del Zalabí,31.821449474192534,0.0023584743359167195,True
España,Nevada,Jerez del Marquesado,24.067813369236802,0.003374103694201175,True
España,Nevada,Órgiva,37.792308061108876,0.0017902021109561749,True
España,Uleila del Campo,Níjar,24.432931299102158,0.0033176662947208366,True
España,Uleila del Campo,Tíjola,27.41252225029096,0.0028910682850674468,True
España,Uleila del Campo,Tabernas,22.566920618633702,0.0036163871412112697,True
España,Vélez-Blanco,Pulpí,43.77511260489313,0.0013581281822424168,True
España,Vélez-Blanco,Galera,40.48080103513619,0.001581231706261922,True
España,Vélez-Blanco,Cúllar,43.96773130519462,0.0013461034102794642,True
España,Vélez-Blanco,Puebla de Don Fadrique,42.06832095375054,0.0014694819434075354,True
España,Vélez-Blanco,Lorca,34.99546689653387,0.0020369608777411063,True
España,Vélez-Blanco,Puerto Lumbreras,28.93020932064286,0.0026953584047122096,True
España,Roquetas de Mar,Níjar,42.68646160115915,0.0014281367892432912,True
España,Roquetas de Mar,Tabernas,37.363947981260935,0.0018259594489407726,True
España,Níjar,Tabernas,18.970435405610644,0.004270317757464923,True
España,Pulpí,Águilas,14.54296232819635,0.005240465487919182,True
España,Pulpí,Lorca,29.145290194751215,0.0026687178011682174,True
España,Pulpí,Mazarrón,43.41066351434126,0.0013811744936649047,True
España,Pulpí,Puerto Lumbreras,17.669458237340127,0.0045350266734483,True
España,Tíjola,Tabernas,33.17979800506068,0.0022150900596335336,True
España,Tíjola,Caniles,26.958690026969034,0.002952309803868049,True
España,Tíjola,Cúllar,29.1074388858391,0.0026733869943296636,True
España,Alcalá de los Gazules,Algar,22.464235023899054,0.0036335867716169486,True
España,Alcalá de los Gazules,San Roque,41.23078673589791,0.0015274171090903896,True
España,Alcalá de los Gazules,Bornos,39.41755942881539,0.0016607886213508556,True
España,Alcalá de los Gazules,Vejer de la Frontera,31.450040839351345,0.0023992720510127553,True
España,Alcalá de los Gazules,Benalup-Casas Viejas,15.160099885957761,0.005092997082354336,True
España,Alcalá de los Gazules,Bosque (El),38.28037309401018,0.0017503137334987599,True
España,Alcalá de los Gazules,San Fernando,42.29495020399486,0.0014541864160174658,True
España,Alcalá de los Gazules,Jimena de la Frontera,24.34943508931103,0.003330488569847482,True
España,Alcalá de los Gazules,Paterna de Rivera,14.51844394989274,0.005246411978895259,True
España,Alcalá de los Gazules,Casares,40.31087601262707,0.001593685605170479,True
España,Setenil de las Bodegas,Zahara,18.791036658974935,0.004305877905465007,True
España,Setenil de las Bodegas,Bosque (El),31.311790538914916,0.0024146380461906114,True
España,Setenil de las Bodegas,Puerto Serrano,33.01440761720827,0.002232070894221147,True
España,Setenil de las Bodegas,Cañete la Real,17.016658857467068,0.004673990004351609,True
España,Setenil de las Bodegas,Álora,42.49217251964489,0.0014410051847913137,True
España,Setenil de las Bodegas,Yunquera,27.474714252538483,0.0028827756211166782,True
España,Setenil de las Bodegas,Benahavís,39.636648895272565,0.0016440743077022315,True
España,Setenil de las Bodegas,Benaoján,17.3756899320754,0.004597041687739166,True
España,Setenil de las Bodegas,Martín de la Jara,33.2602256674171,0.0022068792342832926,True
España,Setenil de las Bodegas,Guaro,38.65626076296188,0.001720200316788077,True
España,Setenil de las Bodegas,Ojén,44.1618847001595,0.0013340905174962798,True
España,Setenil de las Bodegas,Algámitas,17.018763864018947,0.0046735351106620944,True
España,Setenil de las Bodegas,Morón de la Frontera,37.436574549361055,0.0018198470436411168,True
España,Setenil de las Bodegas,Osuna,42.04925836351254,0.001470775814307891,True
España,Setenil de las Bodegas,Puebla de Cazalla (La),41.71826120649559,0.0014934246631592533,True
España,Algar,Zahara,31.45563588940273,0.0023986522474519706,True
España,Algar,Bornos,19.29406772225379,0.0042069109354216745,True
España,Algar,Benalup-Casas Viejas,37.308539993050395,0.001830636508279978,True
España,Algar,Bosque (El),17.577027309011964,0.004554448000556093,True
España,Algar,Jimena de la Frontera,30.616736939545216,0.0024933961292353873,True
España,Algar,Paterna de Rivera,23.715186931988363,0.0034295232222083943,True
España,Algar,Puerto Serrano,31.235777030709478,0.0024231285892459035,True
España,Algar,Benaoján,36.7309998603591,0.0018801066294947596,True
España,Algar,Casares,41.613663195689064,0.0015006541505704451,True
España,San Roque,Benalup-Casas Viejas,40.856918027596606,0.0015540108658429399,True
España,San Roque,Jimena de la Frontera,25.692597411581467,0.003130116583198348,True
España,San Roque,Tarifa,29.4090145937059,0.0026364116069768004,True
España,San Roque,Casares,27.81307639475138,0.002838074091165731,True
España,Zahara,Bornos,31.534548630566288,0.0023899275723467373,True
España,Zahara,Bosque (El),13.881204180178125,0.005403360827113081,True
España,Zahara,Puerto Serrano,16.476709702238054,0.004792152566246474,True
España,Zahara,Cañete la Real,34.8255821748435,0.0020530012818768713,True
España,Zahara,Yunquera,43.54241309750327,0.0013727984042288973,True
España,Zahara,Benaoján,18.25196413157368,0.004414528811220869,True
España,Zahara,Algámitas,28.88682502104619,0.0027007643104720197,True
España,Zahara,Morón de la Frontera,31.801348103512645,0.002360664508232606,True
España,Zahara,Puebla de Cazalla (La),43.24733308037684,0.0013916293162173359,True
España,Bornos,Bosque (El),21.985664458260295,0.0037148340890889283,True
España,Bornos,Paterna de Rivera,34.18533004870488,0.0021145974890875276,True
España,Bornos,Puerto Serrano,21.236518680142744,0.003845688778808886,True
España,Bornos,Lebrija,32.0039740940582,0.0023386799636973717,True
España,Bornos,Molares (Los),37.94542919866677,0.0017775909761808895,True
España,Bornos,Morón de la Frontera,42.91091464892164,0.0014134134846463544,True
España,Bornos,Palacios y Villafranca (Los),41.48532448733603,0.0015095723411974297,True
España,Vejer de la Frontera,Benalup-Casas Viejas,16.977449544869494,0.004682471292488226,True
España,Vejer de la Frontera,Puerto de Santa María (El),44.95370622584037,0.0012861974546208006,True
España,Vejer de la Frontera,San Fernando,31.56035593176917,0.002387081188600975,True
España,Vejer de la Frontera,Paterna de Rivera,31.250229593961993,0.0024215119718087675,True
España,Vejer de la Frontera,Tarifa,41.957467806552,0.0014770220506642585,True
España,Benalup-Casas Viejas,San Fernando,37.251192272636196,0.0018354899231555056,True
España,Benalup-Casas Viejas,Jimena de la Frontera,33.43469050759004,0.002189172738457099,True
España,Benalup-Casas Viejas,Paterna de Rivera,20.699643482180893,0.003942298546379091,True
España,Benalup-Casas Viejas,Tarifa,41.120303814867434,0.0015352281813980346,True
España,Bosque (El),Jimena de la Frontera,36.28515285570763,0.0019192091750764783,True
España,Bosque (El),Paterna de Rivera,41.285133467349674,0.001523589422440951,True
España,Bosque (El),Puerto Serrano,18.56486711097614,0.004351132350634595,True
España,Bosque (El),Benaoján,23.02664303488338,0.0035403793512389604,True
España,Bosque (El),Casares,40.680606539181625,0.0015667122782792604,True
España,Bosque (El),Algámitas,42.76747705737712,0.001422804870464036,True
España,Bosque (El),Morón de la Frontera,40.856419574422794,0.0015540466286989665,True
España,Puerto de Santa María (El),San Fernando,14.850996190380755,0.005166331142051755,True
España,Puerto de Santa María (El),Sanlúcar de Barrameda,23.163499261443313,0.0035180630962949547,True
España,Puerto de Santa María (El),Paterna de Rivera,33.30672918175378,0.0022021456148271254,True
España,Puerto de Santa María (El),Lebrija,38.24934700162019,0.001752822751227939,True
España,San Fernando,Sanlúcar de Barrameda,37.54782896027605,0.0018105233037620065,True
España,San Fernando,Paterna de Rivera,30.236646331614615,0.0025375474190845767,True
España,Sanlúcar de Barrameda,Lebrija,29.105249689604726,0.002673657295312788,True
España,Sanlúcar de Barrameda,Isla Mayor,42.95504812492461,0.0014105363891293691,True
España,Jimena de la Frontera,Paterna de Rivera,38.20076446400661,0.0017567587517341807,True
España,Jimena de la Frontera,Benahavís,37.767754740414375,0.0017922326438678817,True
España,Jimena de la Frontera,Benaoján,36.36181091572411,0.001912428509676344,True
España,Jimena de la Frontera,Casares,16.131524279361315,0.004869258556721526,True
España,Puerto Serrano,Benaoján,34.44608654744956,0.0020892909908965104,True
España,Puerto Serrano,Algámitas,36.66951934633023,0.0018854509711245036,True
España,Puerto Serrano,Paradas,41.16856819356906,0.0015318110198329225,True
España,Puerto Serrano,Molares (Los),30.226951673734785,0.0025386837273040953,True
España,Puerto Serrano,Morón de la Frontera,23.81942731187927,0.003413046290952686,True
España,Puerto Serrano,Palacios y Villafranca (Los),42.700762135673116,0.001427194170013684,True
España,Puerto Serrano,Puebla de Cazalla (La),39.52724620308999,0.0016523994946139966,True
España,Lebrija,Palomares del Río,44.854500734436506,0.001292102415686584,True
España,Lebrija,Molares (Los),41.25450675407942,0.0015257453069953868,True
España,Lebrija,Isla Mayor,24.953769991416944,0.0032387915446351863,True
España,Lebrija,Palacios y Villafranca (Los),29.900814476962505,0.0025772084573714433,True
España,Carpio (El),Doña Mencía,44.67674266297407,0.0013027508731619799,True
España,Carpio (El),Cañete de las Torres,17.75986029949657,0.004516111992939545,True
España,Carpio (El),Cardeña,39.755193764687064,0.0016351007730599717,True
España,Carpio (El),Guadalcázar,44.119509379971824,0.0013367032399761573,True
España,Carpio (El),Espejo,29.119151431430883,0.002671941306104401,True
España,Carpio (El),Victoria (La),25.90136300211867,0.003100076286763241,True
España,Carpio (El),Rambla (La),42.66617147566607,0.0014294752801947792,True
España,Carpio (El),Villa del Río,18.807489354733733,0.00430260434727047,True
España,Carpio (El),Obejo,34.0971427338076,0.0021232253176170293,True
España,Carpio (El),Villanueva de Córdoba,43.98905396793594,0.0013447788414655574,True
España,Carpio (El),Arjonilla,34.54170283289687,0.0020800875282468247,True
España,Carpio (El),Lahiguera,44.80449826217114,0.0012950889505974196,True
España,Monturque,Priego de Córdoba,34.362647347115306,0.0020973556453749115,True
España,Monturque,Doña Mencía,21.73341796074591,0.0037583884064568453,True
España,Monturque,Benamejí,23.19501655351549,0.003512943777629325,True
España,Monturque,Guadalcázar,44.95197179568116,0.0012863004602834212,True
España,Monturque,Espejo,23.36001929190697,0.003486264153121373,True
España,Monturque,Rambla (La),20.56292377627778,0.003967287293784097,True
España,Monturque,Cuevas de San Marcos,27.06347180725023,0.0029380558606180666,True
España,Monturque,Casariche,25.395022772369558,0.003173440794601268,True
España,Monturque,Fuente de Piedra,39.86908557105657,0.0016265255986306066,True
España,Monturque,Gilena,38.32833915768034,0.0017464418817664572,True
España,Monturque,Écija,44.58728649277751,0.0013081428039721085,True
España,Monturque,Marinaleda,34.63758187255497,0.0020708995076617687,True
España,Añora,Belalcázar,29.956457431218013,0.0025705945050498785,True
España,Añora,Peñarroya-Pueblonuevo,34.863480510674385,0.0020494120286491703,True
España,Añora,Villanueva del Rey,32.301448135271315,0.002306775295648379,True
España,Añora,Obejo,31.906253808157476,0.0023492567316818545,True
España,Añora,Pedroche,11.841379250967291,0.005938156576087424,True
España,Añora,Villanueva de Córdoba,25.42985274814997,0.00316833897979313,True
España,Añora,Villaralto,9.05721909145334,0.00675493619510797,True
España,Añora,Villaviciosa de Córdoba,38.62160882271135,0.0017229545619915415,True
España,Añora,Chillón,42.99161931810448,0.0014081567207624953,True
España,Priego de Córdoba,Doña Mencía,19.277294492768682,0.004210173870432795,True
España,Priego de Córdoba,Benamejí,36.01447747760058,0.0019433442979980863,True
España,Priego de Córdoba,Espejo,41.527028884343466,0.0015066685276137995,True
España,Priego de Córdoba,Cuevas de San Marcos,27.01455068260882,0.0029447022261455684,True
España,Priego de Córdoba,Colomera,43.13275108953145,0.0013990109164151406,True
España,Priego de Córdoba,Cijuela,43.123355670107834,0.0013996179214439343,True
España,Priego de Córdoba,Huétor Tájar,30.138923871423383,0.0025490247826462148,True
España,Priego de Córdoba,Castillo de Locubín,24.287105264450357,0.003340092739055804,True
España,Priego de Córdoba,Villares (Los),43.304302587614615,0.0013879737301719592,True
España,Priego de Córdoba,Jamilena,42.35644275862357,0.0014500637186442241,True
España,Posadas,Guadalcázar,15.048043191848425,0.005119460771293034,True
España,Posadas,Victoria (La),29.74514110856568,0.0025958030887421337,True
España,Posadas,Villanueva del Rey,44.56364387595316,0.001309571574726577,True
España,Posadas,Rambla (La),38.62842572202697,0.0017224123851383168,True
España,Posadas,Peñaflor,23.455672932468936,0.0034708907893919163,True
España,Posadas,Villaviciosa de Córdoba,31.704829452804482,0.002371209218375,True
España,Posadas,Lora del Río,40.073282242822685,0.0016112636019198238,True
España,Posadas,Luisiana (La),32.949922944889785,0.002238726859056877,True
España,Posadas,Écija,28.95117218898226,0.0026927502077016266,True
España,Posadas,Navas de la Concepción (Las),34.71626642645532,0.002063389568216731,True
España,Doña Mencía,Benamejí,35.789964342462696,0.001963593522062852,True
España,Doña Mencía,Cañete de las Torres,34.953123742144996,0.0020409471201395294,True
España,Doña Mencía,Espejo,22.257080421479692,0.0036685346684362822,True
España,Doña Mencía,Rambla (La),34.33433537742922,0.0021000991557447012,True
España,Doña Mencía,Cuevas de San Marcos,32.074107220623134,0.002331118485850787,True
España,Doña Mencía,Castillo de Locubín,36.6119457826972,0.0018904694699657919,True
España,Doña Mencía,Villardompardo,44.586462912295254,0.001308192548392843,True
España,Doña Mencía,Jamilena,44.66770753257144,0.0013032944516828224,True
España,Belalcázar,Peñarroya-Pueblonuevo,31.97659442878086,0.002341638589885176,True
España,Belalcázar,Villanueva del Rey,42.140567887927816,0.001464588512437094,True
España,Belalcázar,Pedroche,38.87178788447329,0.0017031681350737839,True
España,Belalcázar,Villaralto,20.952268415726422,0.0038965397535257696,True
España,Belalcázar,Chillón,35.6169366444815,0.0019793431005584927,True
España,Belalcázar,Peñalsordo,27.162609163510503,0.002924633213945593,True
España,Belalcázar,Zalamea de la Serena,43.292875775964575,0.001388706188778962,True
España,Belalcázar,Monterrubio de la Serena,24.05175106732058,0.0033766084640406307,True
España,Peñarroya-Pueblonuevo,Villanueva del Rey,15.638442565831623,0.0049815648108405735,True
España,Peñarroya-Pueblonuevo,Villaralto,30.339975234881678,0.0025254678554110462,True
España,Peñarroya-Pueblonuevo,Villaviciosa de Córdoba,33.88786599252199,0.00214384121050266,True
España,Peñarroya-Pueblonuevo,Navas de la Concepción (Las),44.392932852508665,0.0013199343761962344,True
España,Peñarroya-Pueblonuevo,Granja de Torrehermosa,28.349150366003155,0.002768669262452828,True
España,Peñarroya-Pueblonuevo,Monterrubio de la Serena,35.11839988231151,0.0020254318818384693,True
España,Benamejí,Rambla (La),41.84502682007441,0.0014847096761425038,True
España,Benamejí,Cuevas de San Marcos,11.18264684201338,0.006121971142906763,True
España,Benamejí,Casariche,19.6100345664168,0.004145916735671216,True
España,Benamejí,Huétor Tájar,44.41345093534368,0.001318684530824609,True
España,Benamejí,Fuente de Piedra,22.329611025425383,0.003656260275152588,True
España,Benamejí,Villanueva del Trabuco,32.05160969531614,0.0023335414109703994,True
España,Benamejí,Antequera,27.641496946079005,0.002860654273655778,True
España,Benamejí,Martín de la Jara,41.41793428613765,0.0015142764488248175,True
España,Benamejí,Colmenar,44.20727138812193,0.0013312977849171247,True
España,Benamejí,Gilena,33.06514117552976,0.0022268482116042975,True
España,Benamejí,Marinaleda,38.455456263688525,0.0017362222885416731,True
España,Cañete de las Torres,Cardeña,44.82028898214393,0.0012941450619359033,True
España,Cañete de las Torres,Espejo,29.083963610147638,0.0026762869235036017,True
España,Cañete de las Torres,Victoria (La),40.95177201693001,0.001547220268842929,True
España,Cañete de las Torres,Villa del Río,13.00486176733434,0.005626925257556257,True
España,Cañete de las Torres,Arjonilla,22.009794006976392,0.003710694346417044,True
España,Cañete de las Torres,Villardompardo,28.048464307681673,0.0028073867009897266,True
España,Cañete de las Torres,Jamilena,38.1375408604027,0.0017618941645708435,True
España,Cañete de las Torres,Lahiguera,31.105933688392454,0.0024377009885534597,True
España,Cardeña,Villa del Río,32.17495855360842,0.002320287964939609,True
España,Cardeña,Obejo,44.325892007607486,0.0013240263847280884,True
España,Cardeña,Pedroche,42.1893435515719,0.001461294053163243,True
España,Cardeña,Villanueva de Córdoba,27.2117080146275,0.0029180082602110616,True
España,Cardeña,Arjonilla,38.071014212142494,0.001767314083846732,True
España,Cardeña,Lahiguera,44.37581406721632,0.001320978061548619,True
España,Cardeña,Fuencaliente,15.234412462734795,0.005075522910980059,True
España,Guadalcázar,Espejo,35.50751183817588,0.0019893684969951152,True
España,Guadalcázar,Victoria (La),19.80214825836528,0.004109265383119138,True
España,Guadalcázar,Rambla (La),24.41397498010998,0.0033205730160823493,True
España,Guadalcázar,Obejo,43.7606045029501,0.0013590382279494847,True
España,Guadalcázar,Peñaflor,35.7730787144667,0.0019651249734112704,True
España,Guadalcázar,Villaviciosa de Córdoba,35.930093156653854,0.0019509304441032828,True
España,Guadalcázar,Luisiana (La),37.1357795754072,0.0018452965071010315,True
España,Guadalcázar,Écija,26.87239398817996,0.0029641010418550297,True
España,Guadalcázar,Marinaleda,42.57530061226119,0.0014354852147581343,True
España,Espejo,Victoria (La),30.30111406833634,0.002530004113109151,True
España,Espejo,Rambla (La),18.557842754532505,0.004352545470368736,True
España,Espejo,Villa del Río,40.513383628226904,0.0015788548521818734,True
España,Victoria (La),Rambla (La),30.830542785807598,0.002468899281669127,True
España,Victoria (La),Villa del Río,44.70878423473427,0.0013008249892206658,True
España,Victoria (La),Obejo,27.949808405957846,0.002820207758708033,True
España,Victoria (La),Villaviciosa de Córdoba,29.37557609728203,0.00264048604152665,True
España,Villanueva del Rey,Obejo,31.527949387699493,0.0023906559727974223,True
España,Villanueva del Rey,Pedroche,42.36503374990805,0.0014494886765434815,True
España,Villanueva del Rey,Villaralto,31.98559120843222,0.0023406659915711308,True
España,Villanueva del Rey,Villaviciosa de Córdoba,18.252262952469298,0.004414467828141063,True
España,Villanueva del Rey,Navas de la Concepción (Las),40.35588424710702,0.00159037740951944,True
España,Villanueva del Rey,Granja de Torrehermosa,40.86672314838192,0.0015533075385086022,True
España,Rambla (La),Casariche,34.982194101307776,0.0020382095578933813,True
España,Rambla (La),Gilena,42.489529477611455,0.0014411810388257095,True
España,Rambla (La),Écija,30.76542368522107,0.0024763346908046277,True
España,Rambla (La),Marinaleda,32.01767243197341,0.0023372011360701835,True
España,Cuevas de San Marcos,Casariche,30.682428165530773,0.002485843760315948,True
España,Cuevas de San Marcos,Huétor Tájar,33.539412215836514,0.0021786128491664185,True
España,Cuevas de San Marcos,Fuente de Piedra,31.725926386790952,0.002368900348949824,True
España,Cuevas de San Marcos,Villanueva del Trabuco,27.66589384142653,0.0028574326567540474,True
España,Cuevas de San Marcos,Antequera,30.794097275528394,0.002473057933599093,True
España,Cuevas de San Marcos,Colmenar,41.14190248947246,0.0015336980345422753,True
España,Cuevas de San Marcos,Gilena,44.244476081119984,0.0013290128652504816,True
España,Villa del Río,Arjonilla,16.14353283768942,0.004866555357298798,True
España,Villa del Río,Villardompardo,29.94661085347196,0.0025717636713848287,True
España,Villa del Río,Jamilena,42.28841222190442,0.0014546254360557538,True
España,Villa del Río,Lahiguera,26.47794575256357,0.0030186006900210444,True
España,Obejo,Pedroche,32.89528941220106,0.0022443815523480685,True
España,Obejo,Villanueva de Córdoba,25.793400143285698,0.003115575355226146,True
España,Obejo,Villaralto,39.172860414642976,0.0016796576503839988,True
España,Obejo,Villaviciosa de Córdoba,19.792481707878213,0.004111101777153819,True
España,Peñaflor,Tocina,35.721330899086595,0.0019698257165404686,True
España,Peñaflor,Lora del Río,16.705428044794974,0.004741738313264139,True
España,Peñaflor,Luisiana (La),21.901750222582315,0.003729266756549785,True
España,Peñaflor,Pedroso (El),39.612327615375925,0.0016459214441763405,True
España,Peñaflor,Écija,29.87922838463103,0.0025797788540949376,True
España,Peñaflor,Lantejuela (La),40.81102708156949,0.0015573068866173107,True
España,Peñaflor,Navas de la Concepción (Las),27.218449055436206,0.00291709985946131,True
España,Pedroche,Villanueva de Córdoba,16.657069587547163,0.004752352976841345,True
España,Pedroche,Villaralto,19.47392330842848,0.004172082169705214,True
España,Pedroche,Villaviciosa de Córdoba,44.92254417793407,0.0012880493872209982,True
España,Pedroche,Chillón,41.914957602540916,0.0014799237968816225,True
España,Pedroche,Fuencaliente,40.06222840548049,0.0016120861056839483,True
España,Casariche,Fuente de Piedra,17.905434199385347,0.004485819934186536,True
España,Casariche,Cañete la Real,44.73142141299572,0.0012994660792737401,True
España,Casariche,Antequera,35.148570131950805,0.0020226124241557258,True
España,Casariche,Martín de la Jara,27.496667551617147,0.0028798540664796545,True
España,Casariche,Gilena,14.421505331854076,0.005269989078650689,True
España,Casariche,Écija,39.437778228734174,0.0016592390399514257,True
España,Casariche,Marinaleda,19.385077154038747,0.0041892508118111646,True
España,Casariche,Lantejuela (La),41.513859178023715,0.0015075849103560494,True
España,Casariche,Osuna,31.024738883426448,0.002446858079345196,True
España,Villanueva de Córdoba,Villaralto,34.370195258402994,0.0020966248369935665,True
España,Villanueva de Córdoba,Villaviciosa de Córdoba,43.47583250567482,0.001377024955338675,True
España,Villanueva de Córdoba,Fuencaliente,29.737177384230304,0.002596757930543008,True
España,Villaralto,Villaviciosa de Córdoba,42.304355527652504,0.001453555088715883,True
España,Villaralto,Chillón,39.28342695737922,0.0016711053288307042,True
España,Villaralto,Peñalsordo,41.957436152662815,0.0014770242092409657,True
España,Villaralto,Monterrubio de la Serena,42.60952801911054,0.0014332185540953267,True
España,Villaviciosa de Córdoba,Navas de la Concepción (Las),42.541208400012266,0.0014377464847144489,True
España,Pulianas,Dúrcal,26.36303318002138,0.0030346657664079863,True
España,Pulianas,Arenas del Rey,38.88534083607705,0.0017021027573963414,True
España,Pulianas,Ogíjares,11.423072365462309,0.006054229189513757,True
España,Pulianas,Vegas del Genil,10.242286514580378,0.006394317202544696,True
España,Pulianas,Pinos Genil,11.43596110569103,0.006050619007105825,True
España,Pulianas,Purullena,38.45574233733814,0.001736199357204391,True
España,Pulianas,Colomera,19.062967811482416,0.004252091390192273,True
España,Pulianas,Noalejo,34.34530376151722,0.0020990358622837886,True
España,Pulianas,Cijuela,18.1224088259482,0.004441048077434244,True
España,Pulianas,Montejícar,39.90341162613733,0.0016239499417818732,True
España,Pulianas,Huétor Tájar,39.00022222928486,0.0016930988260112595,True
España,Pulianas,Pinar (El),28.722776703531608,0.0027213038914851444,True
España,Pulianas,Jerez del Marquesado,39.93702787205086,0.001621431498444988,True
España,Pulianas,Órgiva,39.19602564531503,0.0016778622027111357,True
España,Polopos,Dúrcal,32.094867010579435,0.0023288849441336153,True
España,Polopos,Itrabo,30.417139043513455,0.0025164846577431683,True
España,Polopos,Cádiar,19.754135154357385,0.004118394737871506,True
España,Polopos,Pinos Genil,44.792445772316796,0.0012958098498919261,True
España,Polopos,Jerez del Marquesado,44.86722595450537,0.0012913434663392506,True
España,Polopos,Órgiva,16.376895785503294,0.0048143218106798755,True
España,Polopos,Motril,20.359905825192165,0.0040046868632766415,True
España,Dúrcal,Arenas del Rey,29.345682947822255,0.002644133817488125,True
España,Dúrcal,Ogíjares,15.136540244482235,0.005098549587846771,True
España,Dúrcal,Itrabo,21.925437159288883,0.0037251870840327964,True
España,Dúrcal,Cádiar,34.56378545383626,0.0020779677574938827,True
España,Dúrcal,Vegas del Genil,23.151536599053177,0.0035200081348586657,True
España,Dúrcal,Pinos Genil,20.30790530934334,0.0040143230234758335,True
España,Dúrcal,Colomera,44.67165021493235,0.0013030572210991015,True
España,Dúrcal,Cijuela,32.03601155934117,0.002335222769230063,True
España,Dúrcal,Jerez del Marquesado,42.11205002106278,0.0014665181361383237,True
España,Dúrcal,Órgiva,15.82455479191649,0.004938873017291322,True
España,Dúrcal,Motril,27.404543130391733,0.0028921339463642195,True
España,Dúrcal,Sayalonga,44.91465229586656,0.0012885188174567874,True
España,Dúrcal,Frigiliana,36.65301811435604,0.0018868879654271118,True
España,Arenas del Rey,Ogíjares,31.167767247616837,0.0024307504611173272,True
España,Arenas del Rey,Itrabo,28.7483749641205,0.002718088606204123,True
España,Arenas del Rey,Vegas del Genil,28.934136488136055,0.002694869594628568,True
España,Arenas del Rey,Pinos Genil,41.60559279720316,0.0015012134030832147,True
España,Arenas del Rey,Cijuela,27.929917463618036,0.0028227998266290907,True
España,Arenas del Rey,Huétor Tájar,29.627966723862137,0.0026098877008146715,True
España,Arenas del Rey,Órgiva,42.25850008726949,0.0014566357013783616,True
España,Arenas del Rey,Motril,41.10981442765075,0.0015359718471155061,True
España,Arenas del Rey,Alcaucín,20.47660836647644,0.003983145172185788,True
España,Arenas del Rey,Villanueva del Trabuco,40.210872166207984,0.0016010607393830744,True
España,Arenas del Rey,Sayalonga,20.610409022217873,0.003958590300312598,True
España,Arenas del Rey,Almáchar,33.17627867835951,0.0022154500435009037,True
España,Arenas del Rey,Colmenar,39.623626023016264,0.0016450631022213607,True
España,Arenas del Rey,Frigiliana,18.371323211247084,0.004390237226826115,True
España,Ogíjares,Itrabo,35.73495287321491,0.0019685872140827836,True
España,Ogíjares,Cádiar,42.544908720016004,0.001437500877530709,True
España,Ogíjares,Vegas del Genil,9.675875518432951,0.006564199261493962,True
España,Ogíjares,Pinos Genil,10.511654658526597,0.0063150827120452,True
España,Ogíjares,Purullena,43.02232344274351,0.0014061619187942598,True
España,Ogíjares,Colomera,29.562794588373645,0.0026177546178662277,True
España,Ogíjares,Cijuela,20.056727022872515,0.004061196931551907,True
España,Ogíjares,Huétor Tájar,39.799030532968715,0.0016317948639684057,True
España,Ogíjares,Pinar (El),38.93490847705864,0.0016982119908381726,True
España,Ogíjares,Jerez del Marquesado,40.341851511537975,0.0015914081063972717,True
España,Ogíjares,Órgiva,29.199079636199844,0.0026620965835207804,True
España,Ogíjares,Motril,42.50522384214789,0.0014401371332766482,True
España,Ogíjares,Frigiliana,44.60809861963198,0.0013068863747858228,True
España,Itrabo,Cádiar,43.920804122690136,0.0013490231326814988,True
España,Itrabo,Vegas del Genil,41.19099032944656,0.0015302261005216847,True
España,Itrabo,Pinos Genil,42.231597245319676,0.0014584460972985774,True
España,Itrabo,Órgiva,22.2616458923617,0.003667760834867227,True
España,Itrabo,Motril,12.458388037103239,0.005771013276971514,True
España,Itrabo,Alcaucín,43.83056406080058,0.0013546555035737996,True
España,Itrabo,Sayalonga,33.22858002256953,0.002210106283754735,True
España,Itrabo,Frigiliana,23.10731318109604,0.0035272078883802653,True
España,Cádiar,Pinos Genil,37.38094535347319,0.0018245270761088133,True
España,Cádiar,Purullena,41.24676671249357,0.0015262906289014479,True
España,Cádiar,Valle del Zalabí,40.691128082517395,0.0015659514063240231,True
España,Cádiar,Jerez del Marquesado,26.43027337520793,0.00302525504727216,True
España,Cádiar,Órgiva,22.19855768557647,0.0036784685998547725,True
España,Cádiar,Motril,37.41196453356689,0.0018219159784841864,True
España,Vegas del Genil,Pinos Genil,17.492529513034288,0.004572275417242176,True
España,Vegas del Genil,Colomera,22.871043816561137,0.0035659242830392607,True
España,Vegas del Genil,Noalejo,40.53996789920342,0.0015769182139567163,True
España,Vegas del Genil,Cijuela,10.48786504094036,0.006322040538343915,True
España,Vegas del Genil,Huétor Tájar,30.910742796704845,0.0024597726131737048,True
España,Vegas del Genil,Pinar (El),38.44264689305717,0.0017372493835777739,True
España,Vegas del Genil,Órgiva,38.27252956807919,0.001750947684214241,True
España,Caniles,Purullena,43.396955213659616,0.0013820489390910281,True
España,Caniles,Cortes de Baza,24.67322223935141,0.003281040805906911,True
España,Caniles,Galera,37.28379512199869,0.0018327291235794578,True
España,Caniles,Castril,40.28187656219942,0.0015958207671921813,True
España,Caniles,Freila,19.244747165505576,0.00421651261801518,True
España,Caniles,Cúllar,20.852359838118193,0.003914572536523851,True
España,Caniles,Valle del Zalabí,30.329090961200624,0.0025267375533879737,True
España,Caniles,Pozo Alcón,35.252339051191456,0.0020129449998789704,True
España,Pinos Genil,Purullena,32.535667311348064,0.002281961657189746,True
España,Pinos Genil,Colomera,29.79290045272401,0.002590084166510267,True
España,Pinos Genil,Noalejo,42.83151039857585,0.0014186046893467387,True
España,Pinos Genil,Cijuela,27.600945871020937,0.0028660171042328322,True
España,Pinos Genil,Pinar (El),31.630488300824528,0.0023793631559438336,True
España,Pinos Genil,Jerez del Marquesado,30.45423402529807,0.002512177554615234,True
España,Pinos Genil,Órgiva,29.86589533979954,0.0025813677887369818,True
España,Pinos Genil,Pedro Martínez,44.645338751524555,0.00130464119513512,True
España,Purullena,Freila,34.31704387173738,0.002101776517849383,True
España,Purullena,Montejícar,39.62996180990418,0.0016445819673139889,True
España,Purullena,Valle del Zalabí,16.421004007523578,0.00480451246272925,True
España,Purullena,Pinar (El),26.081009774018597,0.0030744573150214404,True
España,Purullena,Jerez del Marquesado,15.112702981093415,0.005104173704670462,True
España,Purullena,Pedro Martínez,20.778325519977493,0.003927989142998621,True
España,Colomera,Noalejo,18.282207264074362,0.004408361103993981,True
España,Colomera,Cijuela,20.979094714568205,0.003891711995434979,True
España,Colomera,Montejícar,28.89043890711761,0.0027003135875777774,True
España,Colomera,Huétor Tájar,35.48058110143803,0.001991843645782499,True
España,Colomera,Pinar (El),25.5008705532527,0.003157961896537311,True
España,Colomera,Castillo de Locubín,26.709339177433733,0.0029865092824676405,True
España,Colomera,Pegalajar,41.0612893539697,0.0015394168174394916,True
España,Colomera,Villares (Los),36.466920882882334,0.0019031701182745016,True
España,Cortes de Baza,Galera,21.5865495540639,0.0037839829154094717,True
España,Cortes de Baza,Castril,15.677009081625112,0.004972687832948602,True
España,Cortes de Baza,Freila,18.506480008188927,0.004362892328383597,True
España,Cortes de Baza,Cúllar,18.80493091576371,0.0043031132305713276,True
España,Cortes de Baza,Pedro Martínez,44.03344316553892,0.0013420255515159793,True
España,Cortes de Baza,Puebla de Don Fadrique,44.72429045476778,0.001299893997599571,True
España,Cortes de Baza,Cazorla,34.99273656261533,0.002037217679986031,True
España,Cortes de Baza,Quesada,33.646780940533645,0.0021678389618212425,True
España,Cortes de Baza,Pozo Alcón,15.510423987581044,0.005011145393322834,True
España,Noalejo,Cijuela,39.181920636475034,0.0016789551988683924,True
España,Noalejo,Montejícar,13.96019763249545,0.005383652117366293,True
España,Noalejo,Pinar (El),21.18654848391589,0.0038545797626539898,True
España,Noalejo,Pedro Martínez,37.436363826637674,0.001819864748871722,True
España,Noalejo,Albanchez de Mágina,33.41765132397694,0.0021908957680381296,True
España,Noalejo,Castillo de Locubín,25.57357523611673,0.0031473735956641484,True
España,Noalejo,Bélmez de la Moraleda,32.23816459938362,0.002313525895268971,True
España,Noalejo,Pegalajar,23.19414792978377,0.0035130847671350158,True
España,Noalejo,Villares (Los),22.961493612168532,0.0035510526269776042,True
España,Noalejo,Jamilena,33.23520606282948,0.002209430205830346,True
España,Galera,Castril,20.87536172136185,0.003910413462485428,True
España,Galera,Freila,39.34198626227291,0.0016665934209516243,True
España,Galera,Cúllar,17.840558466464344,0.004499294488247657,True
España,Galera,Puebla de Don Fadrique,25.990929689069524,0.0030872767895636613,True
España,Galera,Cazorla,43.77681452479538,0.0013580214663075339,True
España,Galera,Pozo Alcón,33.96079580429843,0.0021366342398652025,True
España,Galera,Santiago-Pontones,39.708958140783096,0.001638594847187761,True
España,Castril,Freila,31.750146231462395,0.002366252479516519,True
España,Castril,Cúllar,29.57058418553548,0.0026168130891100418,True
España,Castril,Puebla de Don Fadrique,35.168387290608365,0.0020207626163526934,True
España,Castril,Cazorla,23.379754655375894,0.003483086727394972,True
España,Castril,Santo Tomé,38.33796335704064,0.0017456660425947271,True
España,Castril,Quesada,25.9290103464683,0.0030961196911112408,True
España,Castril,Pozo Alcón,16.966953548165314,0.004684744278671906,True
España,Castril,Santiago-Pontones,39.3471650017176,0.001666194993537119,True
España,Cijuela,Huétor Tájar,20.941400701608945,0.0038984972550142162,True
España,Cijuela,Pinar (El),42.56136813292186,0.0014364088990380197,True
España,Cijuela,Alcaucín,42.62918987409502,0.0014319180944602475,True
España,Cijuela,Castillo de Locubín,38.35503685828773,0.001744290538168481,True
España,Freila,Cúllar,29.76958056633108,0.0025928750186658255,True
España,Freila,Valle del Zalabí,28.441076792527547,0.0027569395421155104,True
España,Freila,Jerez del Marquesado,44.391955389047496,0.0013199939472688046,True
España,Freila,Pedro Martínez,28.721900456412484,0.002721414020431959,True
España,Freila,Cazorla,43.281585518215614,0.0013894302737528206,True
España,Freila,Quesada,37.921747941724284,0.0017795355521605454,True
España,Freila,Pozo Alcón,19.76778399271282,0.004115797440352643,True
España,Cúllar,Puebla de Don Fadrique,43.42279605806072,0.001380401026308873,True
España,Cúllar,Pozo Alcón,34.29745173665751,0.002103678672476793,True
España,Montejícar,Pinar (El),15.414526235138064,0.005033419381195291,True
España,Montejícar,Pedro Martínez,25.395396505192252,0.0031733860074212136,True
España,Montejícar,Albanchez de Mágina,24.637708437420343,0.003286428251747134,True
España,Montejícar,Castillo de Locubín,39.00310051024116,0.001692873850903835,True
España,Montejícar,Bélmez de la Moraleda,20.04295948164092,0.004063781980569096,True
España,Montejícar,Pegalajar,22.513334367295982,0.003625352526558104,True
España,Montejícar,Villares (Los),30.565873061181374,0.0024992596066615723,True
España,Montejícar,Jamilena,40.82401276879647,0.0015563735084460674,True
España,Valle del Zalabí,Pinar (El),41.87445601112037,0.0014826937367687903,True
España,Valle del Zalabí,Jerez del Marquesado,17.54864173474614,0.0045604290235232315,True
España,Valle del Zalabí,Pedro Martínez,30.958117095148484,0.0024543973479011693,True
España,Huétor Tájar,Alcaucín,33.009009618394074,0.0022326273033463446,True
España,Huétor Tájar,Castillo de Locubín,38.208237330083286,0.0017561527494317267,True
España,Huétor Tájar,Villanueva del Trabuco,31.768892735099588,0.0023642050250417823,True
España,Huétor Tájar,Sayalonga,44.21525257745068,0.0013308072910154455,True
España,Huétor Tájar,Colmenar,41.117212808858355,0.0015354472869230492,True
España,Pinar (El),Jerez del Marquesado,37.998988004580525,0.0017732008539030684,True
España,Pinar (El),Pedro Martínez,19.530492329716523,0.004161187541419853,True
España,Pinar (El),Albanchez de Mágina,38.81034144450643,0.0017080067219602114,True
España,Pinar (El),Bélmez de la Moraleda,31.598076265659856,0.002382926975167328,True
España,Pinar (El),Pegalajar,37.695457669044806,0.0017982249207574058,True
España,Pinar (El),Villares (Los),43.18195989855575,0.001395836004024254,True
España,Jerez del Marquesado,Órgiva,39.115759722836536,0.0016840915141750565,True
España,Jerez del Marquesado,Pedro Martínez,35.89082243390001,0.001954470975081479,True
España,Órgiva,Motril,19.36772183901616,0.004192612816296924,True
España,Órgiva,Frigiliana,43.91392674995455,0.0013494515615574286,True
España,Motril,Sayalonga,44.502718340021026,0.0013132606192117532,True
España,Motril,Frigiliana,34.3831397988209,0.0020953721061088117,True
España,Pedro Martínez,Albanchez de Mágina,38.43598185605901,0.0017377840472369013,True
España,Pedro Martínez,Bélmez de la Moraleda,28.085464392278155,0.0028025933330687947,True
España,Pedro Martínez,Quesada,40.79446190340483,0.0015584983619058466,True
España,Pedro Martínez,Pozo Alcón,34.54071791686844,0.0020801821233991046,True
España,Puebla de Don Fadrique,Orcera,44.741723246194155,0.0012988481299957759,True
España,Puebla de Don Fadrique,Santiago-Pontones,18.7345165497518,0.004317142630820235,True
España,Puebla de Don Fadrique,Nerpio,24.117148285024793,0.0033664219972219618,True
España,Alcaucín,Villanueva del Trabuco,24.331517363819994,0.0033332466078807945,True
España,Alcaucín,Sayalonga,14.770074058375885,0.005185704100364008,True
España,Alcaucín,Almáchar,13.919550973153479,0.005393784350958012,True
España,Alcaucín,Almogía,38.91149620798699,0.0017000486057852,True
España,Alcaucín,Antequera,41.93048212358241,0.0014788634331524095,True
España,Alcaucín,Colmenar,19.658100360923783,0.004136716138947697,True
España,Alcaucín,Frigiliana,22.793904318970085,0.0035786567769848726,True
España,Huelva,Bollullos Par del Condado,37.643662625289004,0.0018025302230224147,True
España,Huelva,San Bartolomé de la Torre,25.177594423287886,0.0032054757664200647,True
España,Huelva,Ayamonte,41.01856123999061,0.0015424566362315243,True
España,Huelva,Trigueros,17.36204617047371,0.004599942490025723,True
España,Huelva,Bonares,24.851976691548877,0.0032540577961768184,True
España,Huelva,Lepe,22.463987550012426,0.003633628321862206,True
España,Huelva,Valverde del Camino,39.205908115226855,0.0016770968347632569,True
España,Jabugo,Higuera de la Sierra,26.204209628412034,0.003057010784983703,True
España,Jabugo,Aroche,19.98636773192665,0.004074425213843994,True
España,Jabugo,Arroyomolinos de León,29.607058566234326,0.0026124089386679195,True
España,Jabugo,Cerro de Andévalo (El),27.321756572616835,0.002903213849908714,True
España,Jabugo,Minas de Riotinto,27.55207793005925,0.0028724932094766407,True
España,Jabugo,Higuera la Real,25.18555623000179,0.0032042970132097146,True
España,Jabugo,Encinasola,27.338306666499726,0.0029009954406339746,True
España,Jabugo,Rosal de la Frontera,43.46878940998502,0.0013774728126869197,True
España,Jabugo,Santa Bárbara de Casa,42.50086267488495,0.0014404271390337695,True
España,Jabugo,Valverde del Camino,38.235176514132256,0.0017539698864173924,True
España,Jabugo,Segura de León,28.720176901026246,0.0027216306542398655,True
España,Jabugo,Monesterio,44.10812032824632,0.001337406322900731,True
España,Jabugo,Oliva de la Frontera,43.30732554070169,0.0013877800234858616,True
España,Jabugo,Valencia del Ventoso,44.674160292573454,0.0013029062126024239,True
España,Bollullos Par del Condado,Trigueros,26.851786196268613,0.00296692379971818,True
España,Bollullos Par del Condado,Bonares,12.91286994024628,0.00565092534630489,True
España,Bollullos Par del Condado,Minas de Riotinto,40.087518415624174,0.0016102049223145616,True
España,Bollullos Par del Condado,Manzanilla,11.009839522452086,0.00617113074923303,True
España,Bollullos Par del Condado,Pilas,20.98481102994847,0.0038906840417653908,True
España,Bollullos Par del Condado,Valverde del Camino,32.63265351076285,0.00227176512591757,True
España,Bollullos Par del Condado,Villanueva del Ariscal,35.48280373516427,0.001991639251478182,True
España,Bollullos Par del Condado,Palomares del Río,42.29451512824053,0.00145421562687657,True
España,Bollullos Par del Condado,Gerena,39.47233721326853,0.0016565937648917737,True
España,Bollullos Par del Condado,Castilleja de la Cuesta,43.133054203834995,0.0013989913376476963,True
España,Bollullos Par del Condado,Isla Mayor,39.969806967862056,0.001618979533159095,True
España,San Bartolomé de la Torre,Ayamonte,37.14633483783053,0.0018443974562694038,True
España,San Bartolomé de la Torre,Trigueros,25.094804350228596,0.003217758690422203,True
España,San Bartolomé de la Torre,Bonares,40.085836100923785,0.0016103299921781012,True
España,San Bartolomé de la Torre,Cerro de Andévalo (El),35.40200336338443,0.0019990831886536387,True
España,San Bartolomé de la Torre,Lepe,22.958654318560118,0.003551518514273963,True
España,San Bartolomé de la Torre,Paymogo,38.963658099548866,0.0016959593924248603,True
España,San Bartolomé de la Torre,Puebla de Guzmán,22.116602944381622,0.0036924253212223665,True
España,San Bartolomé de la Torre,Santa Bárbara de Casa,39.64634256719899,0.0016433386770110586,True
España,San Bartolomé de la Torre,Valverde del Camino,34.23367150106097,0.002109882886148902,True
España,Higuera de la Sierra,Arroyomolinos de León,21.016627838818295,0.003884967459443631,True
España,Higuera de la Sierra,Cerro de Andévalo (El),44.65491417353008,0.0013040645234144508,True
España,Higuera de la Sierra,Minas de Riotinto,20.450035269500994,0.003988039965752463,True
España,Higuera de la Sierra,Higuera la Real,39.80839694830927,0.001631089371567366,True
España,Higuera de la Sierra,Real de la Jara (El),28.484031907907703,0.0027514755837401983,True
España,Higuera de la Sierra,Valverde del Camino,39.88337191113715,0.0016254531266476323,True
España,Higuera de la Sierra,Gerena,43.12355270431945,0.0013996051890538123,True
España,Higuera de la Sierra,Ronquillo (El),26.879014386012358,0.0029631947820494935,True
España,Higuera de la Sierra,Segura de León,32.24188104755362,0.0023131289073114007,True
España,Higuera de la Sierra,Monesterio,31.541399462051405,0.002389171637469223,True
España,Aroche,Cerro de Andévalo (El),23.287494282986053,0.0034979657674350105,True
España,Aroche,Minas de Riotinto,42.28881149066809,0.0014545986216932898,True
España,Aroche,Higuera la Real,31.86794459414455,0.0023534161863238015,True
España,Aroche,Encinasola,22.41871439567812,0.0036412375880799704,True
España,Aroche,Paymogo,41.1813773842048,0.0015309053952331586,True
España,Aroche,Puebla de Guzmán,45.01356050278821,0.0012826478294737877,True
España,Aroche,Rosal de la Frontera,23.49088234083844,0.003465249086090974,True
España,Aroche,Santa Bárbara de Casa,26.32456702401448,0.003040062543694474,True
España,Aroche,Valverde del Camino,44.86115103651321,0.0012917057270778625,True
España,Aroche,Segura de León,42.151352814833515,0.0014638594262923834,True
España,Aroche,Oliva de la Frontera,37.016639950696415,0.0018554747460141276,True
España,Arroyomolinos de León,Minas de Riotinto,39.85721173454671,0.0016274175030075045,True
España,Arroyomolinos de León,Higuera la Real,26.766615888514533,0.002978618611735214,True
España,Arroyomolinos de León,Encinasola,41.30211890918774,0.0015223950914966895,True
España,Arroyomolinos de León,Real de la Jara (El),24.708726048560347,0.003275663720201833,True
España,Arroyomolinos de León,Ronquillo (El),39.69387176018816,0.0016397365554784785,True
España,Arroyomolinos de León,Bienvenida,35.4294470534659,0.001996551753332183,True
España,Arroyomolinos de León,Segura de León,14.142748000178088,0.005338381726455349,True
España,Arroyomolinos de León,Burguillos del Cerro,41.85483124916061,0.0014840377552850369,True
España,Arroyomolinos de León,Monesterio,14.520460624228557,0.005245922615401967,True
España,Arroyomolinos de León,Llerena,42.58499036467255,0.001434843161473218,True
España,Arroyomolinos de León,Puebla de Sancho Pérez,41.36254467398933,0.0015181538384708535,True
España,Arroyomolinos de León,Valencia del Ventoso,26.98001339465752,0.0029494034867707584,True
España,Ayamonte,Lepe,18.803249810927195,0.0043034476416124855,True
España,Trigueros,Bonares,15.148280718713984,0.005095781849415662,True
España,Trigueros,Cerro de Andévalo (El),40.219652143531334,0.0016004118648425408,True
España,Trigueros,Minas de Riotinto,40.60367837070619,0.0015722866300220601,True
España,Trigueros,Lepe,35.68688494235823,0.001972961003203923,True
España,Trigueros,Manzanilla,35.72690827531403,0.0019693185303178216,True
España,Trigueros,Puebla de Guzmán,44.336619270077065,0.001323370767913889,True
España,Trigueros,Valverde del Camino,22.30686876498684,0.0036601045242421965,True
España,Bonares,Minas de Riotinto,42.10148726674754,0.0014672334957794384,True
España,Bonares,Manzanilla,23.384891821038792,0.0034822601114352673,True
España,Bonares,Pilas,33.527306854757335,0.0021798309148134652,True
España,Bonares,Valverde del Camino,28.690996819400592,0.002725300922889926,True
España,Cerro de Andévalo (El),Minas de Riotinto,30.856353568713963,0.0024659583511783423,True
España,Cerro de Andévalo (El),Encinasola,44.863062402147946,0.0012915917371864644,True
España,Cerro de Andévalo (El),Paymogo,35.81750104306069,0.0019610986266932326,True
España,Cerro de Andévalo (El),Puebla de Guzmán,30.329296156896522,0.0025267136105061143,True
España,Cerro de Andévalo (El),Rosal de la Frontera,35.79295164428417,0.0019633227114076893,True
España,Cerro de Andévalo (El),Santa Bárbara de Casa,23.00178737052608,0.003544447597870224,True
España,Cerro de Andévalo (El),Valverde del Camino,24.2890941706604,0.0033397858477830396,True
España,Minas de Riotinto,Manzanilla,36.9349865116448,0.0018624829106281362,True
España,Minas de Riotinto,Valverde del Camino,19.542594506314884,0.00415886048956768,True
España,Minas de Riotinto,Gerena,42.58367224871013,0.0014349304843641055,True
España,Minas de Riotinto,Ronquillo (El),36.66595898164995,0.001885760929491729,True
España,Lepe,Puebla de Guzmán,39.88670475516648,0.0016252030326214455,True
España,Manzanilla,Pilas,14.749966615117371,0.0051905291683189535,True
España,Manzanilla,Valverde del Camino,35.26088001636125,0.002012151360101666,True
España,Manzanilla,Villanueva del Ariscal,25.46837383979867,0.003162706066778462,True
España,Manzanilla,Rinconada (La),41.26899394477423,0.0015247251405518635,True
España,Manzanilla,Palomares del Río,33.64390890729604,0.002168126460056827,True
España,Manzanilla,Gerena,28.464504292906092,0.002753958181582682,True
España,Manzanilla,Castilleja de la Cuesta,33.35986904299207,0.002196748915901535,True
España,Manzanilla,Ronquillo (El),43.66109414294858,0.001365296635962003,True
España,Manzanilla,Isla Mayor,36.81699729664405,0.0018726565089508787,True
España,Higuera la Real,Encinasola,15.965281776042033,0.0049068358957175566,True
España,Higuera la Real,Salvaleón,41.863519180313816,0.0014834426047433758,True
España,Higuera la Real,Segura de León,14.275552476523302,0.00530568797988041,True
España,Higuera la Real,Burguillos del Cerro,27.81627822798131,0.0028376544246678935,True
España,Higuera la Real,Monesterio,36.84441554488703,0.0018702874285595212,True
España,Higuera la Real,Parra (La),42.683032887679,0.0014283628852530333,True
España,Higuera la Real,Valle de Santa Ana,26.36500151488493,0.003034389868499511,True
España,Higuera la Real,Puebla de Sancho Pérez,38.13205434332607,0.0017623405208743435,True
España,Higuera la Real,Oliva de la Frontera,25.094446851375178,0.003217811831878632,True
España,Higuera la Real,Valencia del Ventoso,23.307410304957244,0.0034947484842142032,True
España,Encinasola,Rosal de la Frontera,35.73686089741111,0.00196841379977773,True
España,Encinasola,Salvaleón,42.32491840125789,0.001452175771088819,True
España,Encinasola,Segura de León,30.096615966695293,0.0025540098927526816,True
España,Encinasola,Burguillos del Cerro,36.627277361530425,0.0018891317625598925,True
España,Encinasola,Valle de Santa Ana,26.615700268378834,0.0029994544739329514,True
España,Encinasola,Oliva de la Frontera,16.207589042194595,0.004852161329789533,True
España,Encinasola,Valencia del Ventoso,37.61547348318826,0.0018048776889735732,True
España,Encinasola,Villanueva del Fresno,37.262447985322915,0.0018345363228927528,True
España,Pilas,Villanueva del Ariscal,17.67057455433696,0.004534792624399748,True
España,Pilas,Rinconada (La),35.259833783835525,0.0020122485608279556,True
España,Pilas,Palomares del Río,21.76807079767746,0.003752374858335193,True
España,Pilas,Gerena,27.9848537092314,0.002815646663549272,True
España,Pilas,Castilleja de la Cuesta,24.076082211934022,0.0033728149693709585,True
España,Pilas,Isla Mayor,22.412624469501488,0.003642262367646805,True
España,Pilas,Palacios y Villafranca (Los),37.07798285629425,0.0018502271550539734,True
España,Paymogo,Puebla de Guzmán,16.854334321904638,0.004709202565802416,True
España,Paymogo,Rosal de la Frontera,27.557539508594424,0.0028717687002430886,True
España,Paymogo,Santa Bárbara de Casa,15.165177235287562,0.00509180125420921,True
España,Puebla de Guzmán,Rosal de la Frontera,39.6877610191729,0.001640199230949049,True
España,Puebla de Guzmán,Santa Bárbara de Casa,21.189455411658056,0.0038540619814264984,True
España,Puebla de Guzmán,Valverde del Camino,43.594759309887415,0.001369484561707068,True
España,Rosal de la Frontera,Santa Bárbara de Casa,19.246762015619787,0.00421611993862262,True
España,Rosal de la Frontera,Oliva de la Frontera,43.20176529003268,0.0013945602098767384,True
España,Real de la Jara (El),Guadalcanal,33.26977942255471,0.0022059059216790497,True
España,Real de la Jara (El),Ronquillo (El),25.093792368901212,0.0032179091216069156,True
España,Real de la Jara (El),Pedroso (El),36.47888504011029,0.0019021191269392858,True
España,Real de la Jara (El),Bienvenida,38.9535827158075,0.0016967484813759232,True
España,Real de la Jara (El),Segura de León,37.73837261113895,0.0017946655419884025,True
España,Real de la Jara (El),Monesterio,18.352811767080986,0.004393995816633868,True
España,Real de la Jara (El),Llerena,34.21004555406506,0.002112185741312107,True
España,Real de la Jara (El),Valencia del Ventoso,44.71791924956234,0.001300276443386189,True
España,Albanchez de Mágina,Arquillos,43.52961995570035,0.0013736095081481848,True
España,Albanchez de Mágina,Ibros,25.85514753761594,0.00310670146795954,True
España,Albanchez de Mágina,Bélmez de la Moraleda,10.677020591667645,0.006266929660231726,True
España,Albanchez de Mágina,Pegalajar,17.142560888450582,0.004646860422767915,True
España,Albanchez de Mágina,Cazorla,43.00786147699784,0.0014071011393552873,True
España,Albanchez de Mágina,Santo Tomé,41.53585089910539,0.0015060549801624897,True
España,Albanchez de Mágina,Villares (Los),32.83576211638806,0.002250559034592226,True
España,Albanchez de Mágina,Quesada,35.694953439785316,0.0019722261574258606,True
España,Albanchez de Mágina,Jabalquinto,33.867438807713825,0.0021458641954213075,True
España,Albanchez de Mágina,Jamilena,39.34101662559462,0.0016666680307435412,True
España,Albanchez de Mágina,Torreperogil,31.312242666093077,0.002414587633766705,True
España,Castillo de Locubín,Pegalajar,34.750012062483364,0.0020601771174236718,True
España,Castillo de Locubín,Villares (Los),21.028224341340742,0.003882885989555323,True
España,Castillo de Locubín,Villardompardo,34.99852827098185,0.0020366729779131257,True
España,Castillo de Locubín,Jamilena,24.48915795329036,0.0033090596059063533,True
España,Arjonilla,Baños de la Encina,36.49887931149569,0.0019003640260263953,True
España,Arjonilla,Villares (Los),40.50492119858976,0.0015794718308029167,True
España,Arjonilla,Villardompardo,17.538943060661254,0.004562474401603926,True
España,Arjonilla,Jabalquinto,33.88618313197295,0.002144007798680141,True
España,Arjonilla,Jamilena,30.43571745868048,0.0025143265922809516,True
España,Arjonilla,Lahiguera,10.337025718418003,0.006366336527744184,True
España,Arquillos,Ibros,18.795898567068523,0.0043049102819813535,True
España,Arquillos,Baños de la Encina,30.038057319252008,0.0025609259243309676,True
España,Arquillos,Santa Elena,19.865789867697472,0.004097195640817706,True
España,Arquillos,Castellar,27.389561140060177,0.0028941359476449087,True
España,Arquillos,Santo Tomé,33.48819399208903,0.0021837711895940225,True
España,Arquillos,Iznatoraf,34.89764219507761,0.002046182044848577,True
España,Arquillos,Jabalquinto,31.43644086026181,0.0024007792861059436,True
España,Arquillos,Torreperogil,20.644836697835707,0.003952296774087435,True
España,Arquillos,Viso del Marqués,39.65161781393537,0.0016429384888585904,True
España,Arroyo del Ojanco,Castellar,21.895948620792893,0.0037302666664333958,True
España,Arroyo del Ojanco,Santo Tomé,37.23665629913206,0.0018367221655280416,True
España,Arroyo del Ojanco,Iznatoraf,21.807529147763983,0.0037455391176486894,True
España,Arroyo del Ojanco,Orcera,20.07492521824414,0.004057782494636195,True
España,Arroyo del Ojanco,Santiago-Pontones,38.88352070693576,0.001702245796330004,True
España,Arroyo del Ojanco,Montiel,41.84245202386543,0.0014848861834734555,True
España,Arroyo del Ojanco,Cózar,40.84478502997938,0.0015548816140173885,True
España,Arroyo del Ojanco,Villamanrique,26.779567078401925,0.0029768373000762134,True
España,Arroyo del Ojanco,Villanueva de la Fuente,44.80461242536841,0.0012950821240355428,True
España,Ibros,Baños de la Encina,28.974281169464426,0.00268987792003569,True
España,Ibros,Bélmez de la Moraleda,34.8491940731993,0.002050764322240786,True
España,Ibros,Pegalajar,34.23637574398241,0.002109619459977885,True
España,Ibros,Santa Elena,35.3403646596898,0.0020047805205594626,True
España,Ibros,Castellar,41.525132219958195,0.0015068004681668226,True
España,Ibros,Santo Tomé,35.08892970308921,0.0020281897133062297,True
España,Ibros,Quesada,42.9370371887191,0.0014117098282779845,True
España,Ibros,Iznatoraf,43.73486907870811,0.001360654026600969,True
España,Ibros,Jabalquinto,19.478949479750888,0.0041711130228051395,True
España,Ibros,Lahiguera,43.04767266905475,0.0014045171456471097,True
España,Ibros,Torreperogil,18.858516203906895,0.004292467506154226,True
España,Baños de la Encina,Santa Elena,27.734171270684364,0.0028484359027674553,True
España,Baños de la Encina,Villardompardo,41.89930511174802,0.001480993670791626,True
España,Baños de la Encina,Jabalquinto,17.45013086316517,0.0045812470731135205,True
España,Baños de la Encina,Lahiguera,29.2000413323223,0.0026619783532106835,True
España,Baños de la Encina,Viso del Marqués,43.26083366031732,0.0013907621497365051,True
España,Bélmez de la Moraleda,Pegalajar,23.697715288744522,0.0034322926954898627,True
España,Bélmez de la Moraleda,Cazorla,39.30962759937571,0.0016690851000141817,True
España,Bélmez de la Moraleda,Santo Tomé,41.837239539223155,0.0014852435737464716,True
España,Bélmez de la Moraleda,Villares (Los),38.57873076943518,0.0017263687505138796,True
España,Bélmez de la Moraleda,Quesada,30.75902482129665,0.002477066532405629,True
España,Bélmez de la Moraleda,Jabalquinto,44.52841358413447,0.0013117035060137099,True
España,Bélmez de la Moraleda,Pozo Alcón,39.4502979448005,0.0016582802460499728,True
España,Bélmez de la Moraleda,Torreperogil,35.52158597271258,0.001988076196697159,True
España,Pegalajar,Villares (Los),15.693329069870277,0.004968936189681852,True
España,Pegalajar,Villardompardo,32.78542561572297,0.002255796013004331,True
España,Pegalajar,Jabalquinto,31.944736979650138,0.0023450857978132974,True
España,Pegalajar,Jamilena,22.989654601429155,0.003546435127894673,True
España,Pegalajar,Lahiguera,39.36299140321367,0.001664977976253072,True
España,Santa Elena,Castellar,36.72020475632926,0.0018810439218676389,True
España,Santa Elena,Jabalquinto,39.08008149784332,0.0016868678650391374,True
España,Santa Elena,Torreperogil,40.38490247595649,0.001588248153055752,True
España,Santa Elena,Torrenueva,36.853760366730384,0.0018694806721957118,True
España,Santa Elena,Viso del Marqués,20.580301894432964,0.0039641022455758216,True
España,Castellar,Cazorla,40.078354761619856,0.0016108863019074382,True
España,Castellar,Santo Tomé,25.49187898857501,0.003159273854349229,True
España,Castellar,Iznatoraf,13.980758859558327,0.005378533976068046,True
España,Castellar,Orcera,41.32401341599909,0.0015208569606118415,True
España,Castellar,Torreperogil,28.16192409947651,0.0027927139147683874,True
España,Castellar,Villamanrique,34.53662180075849,0.0020805755764419656,True
España,Cazorla,Santo Tomé,15.72986723188395,0.004960547079793937,True
España,Cazorla,Quesada,9.270250981022933,0.006688636227799403,True
España,Cazorla,Iznatoraf,27.58467299743448,0.0028681720018453568,True
España,Cazorla,Pozo Alcón,23.606731012136,0.003446751098865271,True
España,Cazorla,Torreperogil,28.564605564714256,0.002741255716819686,True
España,Cazorla,Santiago-Pontones,44.86974028736596,0.0012911935608438919,True
España,Santo Tomé,Quesada,20.578001470625637,0.0039645237182466065,True
España,Santo Tomé,Iznatoraf,15.58755878439207,0.0049933012240792555,True
España,Santo Tomé,Pozo Alcón,38.81474621092376,0.0017076594126062183,True
España,Santo Tomé,Torreperogil,16.284407411529465,0.004834955833785155,True
España,Villares (Los),Villardompardo,23.184866768514638,0.003514591580495094,True
España,Villares (Los),Jabalquinto,37.60836293693775,0.0018054703063239141,True
España,Villares (Los),Jamilena,10.451413914747466,0.006332716455887495,True
España,Villares (Los),Lahiguera,34.669220963135444,0.00206787647599678,True
España,Villardompardo,Jabalquinto,31.423165373283005,0.002402251473063496,True
España,Villardompardo,Jamilena,12.92907413059005,0.00564669033156788,True
España,Villardompardo,Lahiguera,14.583129531715718,0.00523073826898124,True
España,Quesada,Iznatoraf,34.86327971988439,0.0020494310284707826,True
España,Quesada,Pozo Alcón,19.47793805962569,0.004171308026801151,True
España,Quesada,Torreperogil,28.561678365791487,0.0027416263330320443,True
España,Iznatoraf,Orcera,36.732959640970286,0.0018799365203019777,True
España,Iznatoraf,Torreperogil,26.14532283461645,0.0030653374323215033,True
España,Iznatoraf,Santiago-Pontones,42.72000427318823,0.0014259268065726508,True
España,Iznatoraf,Villamanrique,43.562644850162,0.0013715166585873172,True
España,Jabalquinto,Jamilena,34.458122910204246,0.0020881302031956965,True
España,Jabalquinto,Lahiguera,23.801899695438298,0.0034158112654883864,True
España,Jabalquinto,Torreperogil,38.32363449549611,0.0017468212659405525,True
España,Jamilena,Lahiguera,25.741192188806323,0.0031230981098961485,True
España,Orcera,Santiago-Pontones,26.173823976568148,0.0030613045114346346,True
España,Orcera,Alcaraz,41.942698256702705,0.0014780295746462942,True
España,Orcera,Molinicos,40.8124544485839,0.0015572042637337089,True
España,Orcera,Nerpio,36.83358700923192,0.0018712227123831714,True
España,Orcera,Riópar,29.564484412283548,0.002617550340014573,True
España,Orcera,Villamanrique,38.65275847392875,0.0017204784895844872,True
España,Orcera,Villanueva de la Fuente,41.75722561250677,0.0014907404758265552,True
España,Santiago-Pontones,Nerpio,22.298724675153515,0.0036614821492489983,True
España,Fuente de Piedra,Villanueva del Trabuco,36.66926594584025,0.0018854730299895813,True
España,Fuente de Piedra,Cañete la Real,33.14721608840421,0.0022184250281799,True
España,Fuente de Piedra,Almogía,38.273934001172904,0.0017508341544391931,True
España,Fuente de Piedra,Álora,34.751505434333374,0.002060035070029537,True
España,Fuente de Piedra,Antequera,19.57345646795234,0.004152932140384871,True
España,Fuente de Piedra,Martín de la Jara,20.850797918073038,0.003914855115037872,True
España,Fuente de Piedra,Colmenar,43.338099279259296,0.001385809621644528,True
España,Fuente de Piedra,Gilena,20.822760475295446,0.0039199310556027045,True
España,Fuente de Piedra,Algámitas,39.57383437572221,0.001648849145735608,True
España,Fuente de Piedra,Marinaleda,33.261041373704685,0.0022067961153950594,True
España,Fuente de Piedra,Osuna,34.95517268532159,0.002040754050247935,True
España,Villanueva del Trabuco,Sayalonga,38.70525681374334,0.001716313469665057,True
España,Villanueva del Trabuco,Alhaurín de la Torre,44.339519036696686,0.0013231935989408633,True
España,Villanueva del Trabuco,Almáchar,26.688072537978517,0.0029894443874279603,True
España,Villanueva del Trabuco,Almogía,28.858871797553597,0.00270425317470486,True
España,Villanueva del Trabuco,Álora,39.933420966412406,0.001621701531457512,True
España,Villanueva del Trabuco,Antequera,19.954419656498278,0.004080446038222424,True
España,Villanueva del Trabuco,Colmenar,13.705455710399995,0.005447469886811447,True
España,Sayalonga,Almáchar,18.33518304961518,0.004397578176065059,True
España,Sayalonga,Colmenar,31.132106217456037,0.002434756587037294,True
España,Sayalonga,Frigiliana,10.153350528886847,0.006420696319552154,True
España,Alhaurín de la Torre,Mijas,11.06052188620591,0.006156671872281239,True
España,Alhaurín de la Torre,Almáchar,33.722605455194696,0.0021602625078705998,True
España,Alhaurín de la Torre,Almogía,17.482800357857347,0.004574332570666196,True
España,Alhaurín de la Torre,Álora,21.953645349223216,0.0037203345372365916,True
España,Alhaurín de la Torre,Yunquera,33.54686927750366,0.002177862843756418,True
España,Alhaurín de la Torre,Antequera,39.041619874336455,0.0016898659370920414,True
España,Alhaurín de la Torre,Colmenar,32.68846023058466,0.002265918632250803,True
España,Alhaurín de la Torre,Guaro,25.044789377417388,0.0032252018607282105,True
España,Alhaurín de la Torre,Ojén,29.460020754149035,0.0026302086977414364,True
España,Mijas,Almáchar,44.31455124595986,0.0013247198497080774,True
España,Mijas,Almogía,26.94988909545657,0.002953510182994205,True
España,Mijas,Álora,25.975411887219266,0.0030894905585696648,True
España,Mijas,Yunquera,29.443552579165008,0.002632209809751546,True
España,Mijas,Benahavís,37.35158287919914,0.0018270021659181367,True
España,Mijas,Colmenar,43.69118497336811,0.0013634011303815278,True
España,Mijas,Guaro,18.72798612132765,0.004318446079096513,True
España,Mijas,Ojén,19.85429942723148,0.004099372190595221,True
España,Almáchar,Almogía,28.84003136001454,0.002706607210277998,True
España,Almáchar,Álora,43.58554518311167,0.0013700672931401285,True
España,Almáchar,Antequera,38.6360802352075,0.0017218037926767724,True
España,Almáchar,Colmenar,14.994178086117364,0.005132230796320096,True
España,Almáchar,Frigiliana,28.488413702596723,0.002750918822395329,True
España,Cañete la Real,Álora,31.669921742066602,0.0023750345009309077,True
España,Cañete la Real,Yunquera,26.114493437994028,0.0030697057937572737,True
España,Cañete la Real,Antequera,41.67416515786442,0.001496468188929791,True
España,Cañete la Real,Benaoján,32.93039756715751,0.002240746140336508,True
España,Cañete la Real,Martín de la Jara,18.105828846520705,0.004444453420159828,True
España,Cañete la Real,Guaro,36.947411863083346,0.0018614147599617767,True
España,Cañete la Real,Gilena,34.763189389890634,0.0020589240471068923,True
España,Cañete la Real,Algámitas,13.195960135812664,0.0055773954261566176,True
España,Cañete la Real,Morón de la Frontera,42.439676210115714,0.0014445020331137722,True
España,Cañete la Real,Osuna,32.50062411018233,0.002285657137602617,True
España,Cañete la Real,Puebla de Cazalla (La),39.6684336207977,0.001641663466803077,True
España,Almogía,Álora,14.778119045116577,0.005183774851851142,True
España,Almogía,Yunquera,35.42060388278464,0.0019973671064407485,True
España,Almogía,Antequera,21.672695519792736,0.0037689492968140986,True
España,Almogía,Colmenar,20.318878149174875,0.004012287725128376,True
España,Almogía,Guaro,32.13040261691812,0.0023250666454157813,True
España,Almogía,Ojén,40.43735009377714,0.0015844069589852495,True
España,Álora,Yunquera,21.589164291822087,0.003783525725581922,True
España,Álora,Antequera,25.33892882536103,0.0031816746123792825,True
España,Álora,Benahavís,44.90616037648586,0.0012890241304916662,True
España,Álora,Martín de la Jara,38.881141362499534,0.0017024328005821703,True
España,Álora,Colmenar,34.29594937747579,0.002103824604109814,True
España,Álora,Guaro,21.65254494257169,0.0037724604683793492,True
España,Álora,Ojén,31.684500812666855,0.0023734361358564967,True
España,Álora,Algámitas,44.82108639781782,0.0012940974147363483,True
España,Yunquera,Benahavís,25.616775491320702,0.003141099004552088,True
España,Yunquera,Benaoján,29.64917637796929,0.0026073325957003245,True
España,Yunquera,Martín de la Jara,41.84505353890588,0.0014847078446241547,True
España,Yunquera,Casares,44.93767191666504,0.0012871500266646927,True
España,Yunquera,Guaro,11.439392178360329,0.006049658315698593,True
España,Yunquera,Ojén,19.484180653134597,0.004170104587100296,True
España,Yunquera,Algámitas,37.511992902616434,0.0018135213367516576,True
España,Antequera,Martín de la Jara,36.731026203203406,0.0018801043428306086,True
España,Antequera,Colmenar,23.893292634212965,0.0034014186830442,True
España,Antequera,Gilena,40.38850768099862,0.0015879838148288058,True
España,Benahavís,Benaoján,28.41562655017541,0.002760181977408707,True
España,Benahavís,Casares,22.22676276454137,0.003673677572724987,True
España,Benahavís,Guaro,24.01806832841034,0.0033818670320192347,True
España,Benahavís,Ojén,17.52411449392479,0.004565603414706729,True
España,Benaoján,Casares,30.678155387967127,0.0024863342946500134,True
España,Benaoján,Guaro,38.0675695516593,0.0017675951736250996,True
España,Benaoján,Ojén,39.3396606641472,0.0016667723723338078,True
España,Benaoján,Algámitas,34.20318754580763,0.0021128546721477567,True
España,Martín de la Jara,Gilena,16.667531731671474,0.004750054521365299,True
España,Martín de la Jara,Algámitas,19.511895705346415,0.004164765914609923,True
España,Martín de la Jara,Marinaleda,29.82948299262883,0.0025857121391027567,True
España,Martín de la Jara,Lantejuela (La),35.88043168119114,0.001955408849245811,True
España,Martín de la Jara,Morón de la Frontera,43.45679387119044,0.0013782359218571752,True
España,Martín de la Jara,Osuna,19.116639838340646,0.00424155522565374,True
España,Martín de la Jara,Puebla de Cazalla (La),33.67689476480567,0.002164826783302602,True
España,Colmenar,Frigiliana,40.85862278401872,0.0015538885597539708,True
España,Casares,Ojén,39.62459229752967,0.0016449897149633224,True
España,Guaro,Ojén,10.459190159521896,0.006330437407228964,True
España,Gilena,Algámitas,33.605065657231364,0.0021720185233123105,True
España,Gilena,Luisiana (La),42.55309722395505,0.0014369575181208437,True
España,Gilena,Écija,35.39961900075445,0.001999303276372208,True
España,Gilena,Marinaleda,14.175639902497018,0.00533026562494928,True
España,Gilena,Lantejuela (La),29.63915490473444,0.002608539559965487,True
España,Gilena,Osuna,16.828461068735496,0.004714839706281761,True
España,Gilena,Puebla de Cazalla (La),35.42864354457634,0.0019966258242561465,True
España,Guadalcanal,Pedroso (El),28.228114427988086,0.002784189577894876,True
España,Guadalcanal,Navas de la Concepción (Las),35.8513271306865,0.001958038236996528,True
España,Guadalcanal,Berlanga,21.22088800402573,0.0038484676667461977,True
España,Guadalcanal,Granja de Torrehermosa,31.191995197727053,0.0024280324813255377,True
España,Guadalcanal,Bienvenida,41.038058755338675,0.0015410687749870273,True
España,Guadalcanal,Monesterio,39.660079599365766,0.0016422967686146712,True
España,Guadalcanal,Llerena,23.466098421759266,0.0034692193252256194,True
España,Villanueva del Ariscal,Mairena del Alcor,34.876557836022236,0.0020481749666430285,True
España,Villanueva del Ariscal,Rinconada (La),17.589727708989685,0.00455177449271738,True
España,Villanueva del Ariscal,Tocina,43.16781781748355,0.0013967477013906873,True
España,Villanueva del Ariscal,Palomares del Río,10.989507971430578,0.006176940598019024,True
España,Villanueva del Ariscal,Gerena,14.506094501442103,0.0052494096788531855,True
España,Villanueva del Ariscal,Castilleja de la Cuesta,7.971770798729893,0.007103144866829495,True
España,Villanueva del Ariscal,Villaverde del Río,31.857320142229472,0.0023545710500601363,True
España,Villanueva del Ariscal,Ronquillo (El),36.809795927035815,0.0018732792426485465,True
España,Villanueva del Ariscal,Isla Mayor,29.212851585933596,0.002660403970126352,True
España,Villanueva del Ariscal,Palacios y Villafranca (Los),32.62503498971356,0.002272564437328661,True
España,Mairena del Alcor,Rinconada (La),24.106242564708268,0.003368118563280814,True
España,Mairena del Alcor,Tocina,26.342137397533552,0.0030375962398109455,True
España,Mairena del Alcor,Palomares del Río,27.984976731589843,0.0028156306653866676,True
España,Mairena del Alcor,Paradas,23.998957652739268,0.0033848542489989674,True
España,Mairena del Alcor,Gerena,39.96742760406955,0.0016191573911549626,True
España,Mairena del Alcor,Castilleja de la Cuesta,26.92302477305355,0.002957177293335179,True
España,Mairena del Alcor,Villaverde del Río,26.35800694416339,0.0030353703987279447,True
España,Mairena del Alcor,Lora del Río,37.32077637653069,0.0018296025895517334,True
España,Mairena del Alcor,Molares (Los),24.350809086584466,0.0033302771677312633,True
España,Mairena del Alcor,Morón de la Frontera,38.25270964230749,0.0017525506475196812,True
España,Mairena del Alcor,Palacios y Villafranca (Los),28.520238914871044,0.002746878418337137,True
España,Mairena del Alcor,Puebla de Cazalla (La),41.908312150245365,0.0014803779302352015,True
España,Rinconada (La),Tocina,25.597274388291986,0.003143929875712158,True
España,Rinconada (La),Palomares del Río,19.635735465232056,0.004140994604595286,True
España,Rinconada (La),Gerena,16.281443964681593,0.004835618439333703,True
España,Rinconada (La),Castilleja de la Cuesta,12.962869168120355,0.0056378681433310015,True
España,Rinconada (La),Villaverde del Río,14.525742841870217,0.0052446410566464475,True
España,Rinconada (La),Lora del Río,44.24217399881662,0.0013291541333999377,True
España,Rinconada (La),Ronquillo (El),31.655199741174766,0.0023766496293724975,True
España,Rinconada (La),Pedroso (El),43.74829657331627,0.0013598107419086215,True
España,Rinconada (La),Molares (Los),43.526558118974435,0.0013738037041107025,True
España,Rinconada (La),Isla Mayor,42.6017832857704,0.0014337311244922366,True
España,Rinconada (La),Palacios y Villafranca (Los),36.92979929186725,0.0018629290135952006,True
España,Tocina,Palomares del Río,42.90626235604962,0.001413717112805424,True
España,Tocina,Paradas,41.22298205980056,0.001527967588027203,True
España,Tocina,Gerena,38.576357462580226,0.0017265579238766914,True
España,Tocina,Castilleja de la Cuesta,37.517425803098206,0.0018130665029144504,True
España,Tocina,Villaverde del Río,12.621604758292676,0.005727594451396338,True
España,Tocina,Lora del Río,19.021106739896226,0.004260327200721137,True
España,Tocina,Luisiana (La),43.69028822123412,0.0013634575812618102,True
España,Tocina,Ronquillo (El),41.1368620620898,0.001534054984538099,True
España,Tocina,Pedroso (El),25.984484953901617,0.0030881960022483114,True
España,Tocina,Navas de la Concepción (Las),43.028227453955495,0.0014057786677692087,True
España,Algámitas,Paradas,43.38047638238623,0.0013831008477216695,True
España,Algámitas,Marinaleda,43.6035486592832,0.001368928925455966,True
España,Algámitas,Lantejuela (La),38.19635408777938,0.0017571165035673388,True
España,Algámitas,Morón de la Frontera,29.338129469079476,0.0026450563452630515,True
España,Algámitas,Osuna,25.030499109180496,0.00322733168825743,True
España,Algámitas,Puebla de Cazalla (La),27.381195960633352,0.002895254366813035,True
España,Palomares del Río,Gerena,24.233321289128803,0.003348402409984372,True
España,Palomares del Río,Castilleja de la Cuesta,7.122107307824746,0.007388256263644043,True
España,Palomares del Río,Villaverde del Río,33.695373338580545,0.0021629805113421033,True
España,Palomares del Río,Molares (Los),35.243869595902964,0.0020137323041158456,True
España,Palomares del Río,Isla Mayor,22.983435093290677,0.003547454409809048,True
España,Palomares del Río,Palacios y Villafranca (Los),21.729988128048337,0.003758984134293399,True
España,Paradas,Lora del Río,41.15762758404325,0.0015325849577076417,True
España,Paradas,Luisiana (La),34.23820926567009,0.002109440871373466,True
España,Paradas,Molares (Los),24.72120102805586,0.003273776469429487,True
España,Paradas,Lantejuela (La),25.263536877428336,0.003192774832240409,True
España,Paradas,Morón de la Frontera,19.054357154026864,0.004253784158810194,True
España,Paradas,Osuna,35.39994427306354,0.0019992732508030083,True
España,Paradas,Palacios y Villafranca (Los),40.52073678765174,0.0015783189438821005,True
España,Paradas,Puebla de Cazalla (La),17.911262124074952,0.00448461146928446,True
España,Gerena,Castilleja de la Cuesta,18.067666452068416,0.004452301503714758,True
España,Gerena,Villaverde del Río,25.979286174655307,0.0030889377039837237,True
España,Gerena,Ronquillo (El),22.306122907936977,0.0036602306691323836,True
España,Gerena,Isla Mayor,43.58745670691907,0.0013699463817675372,True
España,Castilleja de la Cuesta,Villaverde del Río,27.379724053678174,0.002895451204613605,True
España,Castilleja de la Cuesta,Ronquillo (El),39.28737699489651,0.0016708006004490996,True
España,Castilleja de la Cuesta,Molares (Los),39.05334204922364,0.0016889516329391223,True
España,Castilleja de la Cuesta,Isla Mayor,29.784604590111744,0.0025910766449791867,True
España,Castilleja de la Cuesta,Palacios y Villafranca (Los),27.74029108810735,0.002847630895609084,True
España,Villaverde del Río,Lora del Río,31.60287581884791,0.002382398910303309,True
España,Villaverde del Río,Ronquillo (El),30.76599712128136,0.002476269117174327,True
España,Villaverde del Río,Pedroso (El),29.877636867532022,0.0025799684679705774,True
España,Lora del Río,Luisiana (La),28.585005448508717,0.002738674255434501,True
España,Lora del Río,Pedroso (El),29.138446103779607,0.0026695614570012094,True
España,Lora del Río,Écija,41.463004966504556,0.0015111287133208924,True
España,Lora del Río,Lantejuela (La),43.257734004240255,0.0013909611984276918,True
España,Lora del Río,Navas de la Concepción (Las),30.96881196868516,0.0024531854953148274,True
España,Luisiana (La),Écija,14.972212318356087,0.005137447482431211,True
España,Luisiana (La),Marinaleda,31.003750080661387,0.0024492307769296926,True
España,Luisiana (La),Lantejuela (La),19.326267653587408,0.004200654112728122,True
España,Luisiana (La),Osuna,34.64350746509701,0.002070332996580946,True
España,Luisiana (La),Puebla de Cazalla (La),34.01643165747321,0.002131152575650818,True
España,Ronquillo (El),Pedroso (El),38.58051063871298,0.0017262268929314148,True
España,Ronquillo (El),Monesterio,41.06459620751485,0.0015391818068598872,True
España,Pedroso (El),Navas de la Concepción (Las),28.10871607841476,0.002799585267097242,True
España,Molares (Los),Isla Mayor,39.364380756654676,0.0016648711803243696,True
España,Molares (Los),Morón de la Frontera,24.008115417486028,0.0033834224559723177,True
España,Molares (Los),Palacios y Villafranca (Los),18.138711953319326,0.004437702148483985,True
España,Molares (Los),Puebla de Cazalla (La),36.88494053994286,0.0018667913458279032,True
España,Écija,Marinaleda,21.576340664131404,0.0037857684814673036,True
España,Écija,Lantejuela (La),24.365053555838745,0.0033280863171486048,True
España,Écija,Osuna,33.8587548356309,0.002146724782077764,True
España,Écija,Puebla de Cazalla (La),40.74369837697552,0.0015621552840660942,True
España,Marinaleda,Lantejuela (La),23.907092278837386,0.003399250797910138,True
España,Marinaleda,Osuna,20.204342129805333,0.004033583507394788,True
España,Marinaleda,Puebla de Cazalla (La),35.84426466353891,0.0019586768134687077,True
España,Isla Mayor,Palacios y Villafranca (Los),21.333865419836826,0.0038284272740464823,True
España,Lantejuela (La),Morón de la Frontera,32.7358128752172,0.002260969626091568,True
España,Lantejuela (La),Osuna,16.766323166816154,0.00472840567861456,True
España,Lantejuela (La),Puebla de Cazalla (La),16.38672275449501,0.0048121346262318815,True
España,Morón de la Frontera,Osuna,33.455118292245984,0.0021871088354136416,True
España,Morón de la Frontera,Palacios y Villafranca (Los),42.058349925030974,0.0014701585837177066,True
España,Morón de la Frontera,Puebla de Cazalla (La),16.78986238901093,0.004723261985284375,True
España,Navas de la Concepción (Las),Granja de Torrehermosa,43.52171251804959,0.0013741110907987157,True
España,Osuna,Puebla de Cazalla (La),18.602330727651648,0.0043436034016088535,True
España,Aínsa-Sobrarbe,Benabarre,43.92652696108623,0.00134866672965176,True
España,Aínsa-Sobrarbe,Benasque,37.41158975893028,0.0018219475035238372,True
España,Aínsa-Sobrarbe,Sabiñánigo,43.56245357398992,0.0013715287709360363,True
España,Aínsa-Sobrarbe,Graus,29.380023904072928,0.0026399437191063323,True
España,Albalate de Cinca,Altorricón,23.90077168590893,0.003400243573295211,True
España,Albalate de Cinca,Fonz,33.25538689614351,0.0022073723601088186,True
España,Albalate de Cinca,Binaced,12.396897177221778,0.005787456601540083,True
España,Albalate de Cinca,Torrente de Cinca,31.9446152979585,0.0023450989743910113,True
España,Albalate de Cinca,Lalueza,35.80849398514014,0.0019619143399217786,True
España,Albalate de Cinca,Gimenells i el Pla de la Font,21.713307717468727,0.003761882705404898,True
España,Albalate de Cinca,Bujaraloz,35.04821896594494,0.002032005621791763,True
España,Albalate de Cinca,Soses,35.366965498354986,0.002002319786410135,True
España,Albalate de Cinca,Lleida,41.66216390307043,0.0014972975930156284,True
España,Albalate de Cinca,Rosselló,37.45016570844872,0.0018187054584843728,True
España,Albalate de Cinca,Alfarràs,37.01950332277078,0.001855229467365604,True
España,Almudévar,Sotonera (La),24.335988446038115,0.0033325581693512685,True
España,Almudévar,Lalueza,34.51474596439486,0.0020826781242888424,True
España,Almudévar,Gurrea de Gállego,15.310489670717093,0.005057696109785596,True
España,Almudévar,Huesca,18.13854947275358,0.004437735482275265,True
España,Almudévar,San Mateo de Gállego,27.82321186314303,0.002836745841296298,True
España,Altorricón,Fonz,26.326547194522348,0.003039784492479434,True
España,Altorricón,Benabarre,34.15043433516671,0.0021180073177464493,True
España,Altorricón,Binaced,17.769804996584796,0.004514036116162511,True
España,Altorricón,Torrente de Cinca,37.30426406972136,0.001830997942125153,True
España,Altorricón,Graus,43.74485094005738,0.0013600270875972795,True
España,Altorricón,Gimenells i el Pla de la Font,16.882227900286114,0.004703132819294567,True
España,Altorricón,Soses,30.59620872711194,0.0024957609177799047,True
España,Altorricón,Lleida,27.45133893411295,0.0028858896816348406,True
España,Altorricón,Rosselló,19.113353321234083,0.00424219963707451,True
España,Altorricón,Alfarràs,13.20787484007238,0.005574321846280551,True
España,Altorricón,Juneda,44.464522304660996,0.001315578686149581,True
España,Altorricón,Puigverd de Lleida,39.23935711687375,0.001674508898779908,True
España,Altorricón,Térmens,30.70675689920231,0.0024830525565452677,True
España,Sotonera (La),Sabiñánigo,32.95479683260096,0.002238223093994118,True
España,Sotonera (La),Gurrea de Gállego,32.274366080428024,0.0023096617839176944,True
España,Sotonera (La),Huesca,16.954582721778443,0.004687424694134119,True
España,Sotonera (La),Jaca,35.176463488894804,0.0020200092393192017,True
España,Fonz,Benabarre,21.148124665151407,0.003861430359060199,True
España,Fonz,Binaced,20.946677757211663,0.0038975466243903224,True
España,Fonz,Graus,21.374714267325025,0.003821207115721921,True
España,Fonz,Gimenells i el Pla de la Font,41.229566797893284,0.0015275031406066686,True
España,Fonz,Rosselló,44.51734328975767,0.0013123741314761664,True
España,Fonz,Alfarràs,32.460931323064955,0.0022898501749905238,True
España,Benabarre,Binaced,38.692035656487604,0.0017173614353627972,True
España,Benabarre,Graus,15.030420384933167,0.0051236351705707525,True
España,Benabarre,Alfarràs,31.500000377740527,0.002393743347251247,True
España,Benabarre,Pobla de Segur (La),43.197349952067235,0.0013948445295278967,True
España,Benasque,Vielha e Mijaran,24.672837910438776,0.0032810990612411215,True
España,Benasque,Vall de Boí (La),25.48195074681194,0.0031607231168514936,True
España,Sabiñánigo,Huesca,42.36301528245025,0.0014496237631337326,True
España,Sabiñánigo,Jaca,16.145969712658786,0.004866006985719777,True
España,Sabiñánigo,Sallent de Gállego,28.168116355432296,0.002791915336752683,True
España,Binaced,Torrente de Cinca,40.87134487505203,0.0015529761295934967,True
España,Binaced,Lalueza,37.863148155137,0.0017843565994372166,True
España,Binaced,Graus,42.28115912793836,0.001455112630293689,True
España,Binaced,Gimenells i el Pla de la Font,24.898576103997005,0.0032470602137071826,True
España,Binaced,Soses,40.34173993919855,0.001591416304001412,True
España,Binaced,Lleida,42.43432212489864,0.0014448591521458195,True
España,Binaced,Rosselló,35.707586291616664,0.001971076158856416,True
España,Binaced,Alfarràs,30.420428446589188,0.002516102426208742,True
España,Torrente de Cinca,Gimenells i el Pla de la Font,20.477058005839442,0.003983062399959172,True
España,Torrente de Cinca,Bujaraloz,40.4272997499273,0.001585142312691151,True
España,Torrente de Cinca,Caspe,41.30490917630733,0.0015221989834642272,True
España,Torrente de Cinca,Fabara,35.5908515795987,0.0019817283911866684,True
España,Torrente de Cinca,Soses,14.43087853515605,0.005267704722404766,True
España,Torrente de Cinca,Lleida,28.85913652764576,0.0027042201123724362,True
España,Torrente de Cinca,Rosselló,33.165053585405076,0.0022165986237724215,True
España,Torrente de Cinca,Alfarràs,44.27937654934496,0.00132687302222083,True
España,Torrente de Cinca,Juneda,41.69129829806495,0.0014952849172554963,True
España,Torrente de Cinca,Puigverd de Lleida,34.22620171108635,0.002110610705640944,True
España,Torrente de Cinca,Flix,32.42618076953287,0.0022935274483338658,True
España,Lalueza,Huesca,35.50442186509481,0.0019896523337308834,True
España,Lalueza,Bujaraloz,39.25380092310395,0.0016733926221906572,True
España,Lalueza,San Mateo de Gállego,42.562953857784095,0.0014363037399730979,True
España,Graus,Alfarràs,44.465454892247436,0.0013155220399658875,True
España,Gurrea de Gállego,Huesca,32.38310854844459,0.0022980935172163706,True
España,Gurrea de Gállego,Pinseque,41.726456340700594,0.0014928597142404214,True
España,Gurrea de Gállego,Puebla de Alfindén (La),42.68950970352602,0.0014279358215076796,True
España,Gurrea de Gállego,Biota,44.63785637793871,0.0013050919921610564,True
España,Gurrea de Gállego,Boquiñeni,44.29348321834111,0.0013260090813552651,True
España,Gurrea de Gállego,Ejea de los Caballeros,33.5487356925362,0.0021776751666343686,True
España,Gurrea de Gállego,San Mateo de Gállego,20.32894817088887,0.004010420796425418,True
España,Jaca,Sallent de Gállego,28.420049745181906,0.0027596181753990574,True
España,Gimenells i el Pla de la Font,Soses,15.515952349992277,0.005009864350204483,True
España,Gimenells i el Pla de la Font,Lleida,20.08049136443041,0.0040567387211618705,True
España,Gimenells i el Pla de la Font,Rosselló,17.86915096187739,0.004493350891222256,True
España,Gimenells i el Pla de la Font,Alfarràs,24.764978437571077,0.003267162311536886,True
España,Gimenells i el Pla de la Font,Juneda,38.04467736636264,0.0017694643487460777,True
España,Gimenells i el Pla de la Font,Puigverd de Lleida,31.08774829706724,0.0024397489379590098,True
España,Gimenells i el Pla de la Font,Térmens,32.00945784715903,0.0023380878433179307,True
España,Híjar,Alcañiz,30.31660239206643,0.0025281951867345367,True
España,Híjar,Andorra,22.27864212648172,0.003664881462184379,True
España,Híjar,Calanda,31.735614671460368,0.0023678408075507953,True
España,Híjar,Belchite,29.213808393597212,0.002660286415671363,True
España,Híjar,Bujaraloz,43.79119643689056,0.0013571200080599148,True
España,Híjar,Caspe,34.65446402020027,0.002069285913135736,True
España,Híjar,Sástago,18.22023991915103,0.004421007866051082,True
España,Híjar,Fuentes de Ebro,40.386358891949016,0.0015881413614830568,True
España,Híjar,Quinto,27.879574223692735,0.0028293709201874864,True
España,Cella,Monreal del Campo,37.703289436093364,0.001797574825235269,True
España,Cella,Teruel,19.602685121910408,0.00414732534947684,True
España,Cella,Ademuz,43.73964100740433,0.0013603542761063093,True
España,Alcañiz,Andorra,27.506862828519175,0.002878498283046592,True
España,Alcañiz,Calaceite,26.98248334079819,0.0029490670250536116,True
España,Alcañiz,Calanda,14.742209155028037,0.00519239188562666,True
España,Alcañiz,Valderrobres,30.82524028821182,0.0024695038930983896,True
España,Alcañiz,Caspe,21.81578998284986,0.0037441095963391255,True
España,Alcañiz,Sástago,35.45610946570311,0.0019940954554352654,True
España,Alcañiz,Fabara,28.806352114958194,0.0027108204075743597,True
España,Andorra,Calanda,17.988549373626988,0.004468616205932095,True
España,Andorra,Utrillas,38.10729449358618,0.0017643562689480625,True
España,Andorra,Caspe,44.12995091207642,0.0013360589751031243,True
España,Andorra,Sástago,39.232955744521476,0.0016750038612143333,True
España,Calaceite,Calanda,36.4433151170293,0.0019052454708154065,True
España,Calaceite,Valderrobres,16.01827222134935,0.004894826491837428,True
España,Calaceite,Caspe,30.970217284567997,0.0024530263013380423,True
España,Calaceite,Fabara,18.02441983717884,0.004461211955529053,True
España,Calaceite,Flix,37.90404350290137,0.0017809907341795805,True
España,Calaceite,Gandesa,21.3522218737366,0.003825181024631436,True
España,Calaceite,Benissanet,37.670910389590986,0.0018002640534754573,True
España,Calaceite,Roquetes,34.226755230061734,0.0021105567648648333,True
España,Calaceite,Rossell,44.672652079842145,0.00130299694592033,True
España,Calamocha,Utrillas,40.302017707482726,0.0015943375183573977,True
España,Calamocha,Monreal del Campo,15.125903581574475,0.005101058412412484,True
España,Calamocha,Daroca,23.670816005664815,0.003436560948794087,True
España,Calanda,Valderrobres,33.578030542975384,0.0021747315464629895,True
España,Calanda,Caspe,36.182668633968646,0.0019283118370721128,True
España,Calanda,Sástago,43.31652176581633,0.001387190908126943,True
España,Calanda,Fabara,42.71647506668366,0.001426159169821962,True
España,Calanda,Morella,37.687938216254324,0.0017988493131308116,True
España,Utrillas,Monreal del Campo,43.091418790217475,0.0014016832200859015,True
España,Monreal del Campo,Daroca,36.48933170326943,0.001901201914688613,True
España,Monreal del Campo,Molina de Aragón,44.87342762078859,0.0012909737520559394,True
España,Sarrión,Teruel,33.44727656797527,0.002187900886673114,True
España,Sarrión,Segorbe,42.672710794334066,0.0014290437601174582,True
España,Sarrión,Jérica,32.74471817075767,0.0022600401088142055,True
España,Sarrión,Ademuz,41.066931975609876,0.0015390158307378686,True
España,Teruel,Ademuz,34.90744361400563,0.0020452562623686802,True
España,Valderrobres,Caspe,43.24544453335644,0.0013917506640647697,True
España,Valderrobres,Fabara,33.73103655379537,0.002159421703559108,True
España,Valderrobres,Amposta,40.05973748931008,0.0016122715099479454,True
España,Valderrobres,Gandesa,30.833767980843977,0.002468531604846993,True
España,Valderrobres,Roquetes,29.759402854289405,0.002594093999434121,True
España,Valderrobres,Rossell,29.322072771458455,0.002647018466045429,True
España,Valderrobres,Morella,35.62045488313722,0.0019790216029758017,True
España,Ainzón,Pinseque,35.71213982126878,0.0019706618047245356,True
España,Ainzón,Ricla,35.75370771584103,0.0019668833086047585,True
España,Ainzón,Boquiñeni,22.6842092019058,0.0035968413355673117,True
España,Ainzón,Brea de Aragón,33.088331750178675,0.0022244649706072836,True
España,Ainzón,Lumpiaque,27.660943523050843,0.002858086053732465,True
España,Ainzón,Mallén,12.533798085439027,0.005750911822698463,True
España,Ainzón,Cascante,24.131693369104525,0.0033641606000736233,True
España,Ainzón,Ágreda,33.42649040548323,0.0021900017766008526,True
España,Ainzón,Castejón,41.47224077509807,0.0015104844926905091,True
España,Ainzón,Fitero,38.60244370867651,0.0017244797592876557,True
España,Ainzón,Fustiñana,22.731323976162106,0.003589019630560483,True
España,Pinseque,Puebla de Alfindén (La),31.46829021539627,0.002397251028681673,True
España,Pinseque,Ricla,35.62771130273114,0.0019783586744170824,True
España,Pinseque,Boquiñeni,17.379892270478397,0.004596148597551494,True
España,Pinseque,María de Huerva,23.82088428647258,0.0034128165547675183,True
España,Pinseque,Ejea de los Caballeros,43.70182096407646,0.0013627317689548174,True
España,Pinseque,Lumpiaque,20.211096709981,0.004032324484048876,True
España,Pinseque,San Mateo de Gállego,29.587227053384126,0.002614802601248166,True
España,Pinseque,Mallén,31.835797105451626,0.00235691231419195,True
España,Pinseque,Fustiñana,44.671420497054285,0.0013030710420039921,True
España,Puebla de Alfindén (La),Belchite,35.96073404978759,0.0019481724097172503,True
España,Puebla de Alfindén (La),María de Huerva,22.42543269818584,0.0036401074039861185,True
España,Puebla de Alfindén (La),Fuentes de Ebro,16.30060463403444,0.004831335859576476,True
España,Puebla de Alfindén (La),Quinto,31.15741892837707,0.002431912301343286,True
España,Puebla de Alfindén (La),San Mateo de Gállego,22.40305911728435,0.003643872556518144,True
España,Cariñena,Ricla,24.125517725178316,0.0033651205724139414,True
España,Cariñena,Belchite,39.379917374589,0.0016636773880756885,True
España,Cariñena,Brea de Aragón,37.58971435579966,0.0018070254678870142,True
España,Cariñena,María de Huerva,29.56942869178171,0.002616952732242372,True
España,Cariñena,Calatayud,35.35503925426635,0.002003422660258316,True
España,Cariñena,Daroca,29.312524827548568,0.002648185911100023,True
España,Cariñena,Lumpiaque,33.222793927411,0.002210696828488438,True
España,Alhama de Aragón,Brea de Aragón,35.4268330810658,0.0019967927306880065,True
España,Alhama de Aragón,Calatayud,21.60947925897196,0.003779975516412479,True
España,Alhama de Aragón,Arcos de Jalón,32.81196145571961,0.0022530337224031007,True
España,Ricla,Boquiñeni,39.983537054134345,0.0016179535875899317,True
España,Ricla,Brea de Aragón,16.435807713940335,0.004801224721859541,True
España,Ricla,María de Huerva,34.22196898381321,0.002111023233215035,True
España,Ricla,Calatayud,26.579676015881784,0.003004449634020469,True
España,Ricla,Daroca,43.64550370288285,0.0013662797570781063,True
España,Ricla,Lumpiaque,16.06801360017636,0.00488358026690101,True
España,Ricla,Mallén,43.693022814620925,0.0013632854448912136,True
España,Belchite,María de Huerva,32.69371164686751,0.002265369252563351,True
España,Belchite,Sástago,33.73109155825622,0.0021594162192297636,True
España,Belchite,Fuentes de Ebro,24.762616446415294,0.003267518833645072,True
España,Belchite,Quinto,25.06628226746922,0.003222001202628495,True
España,Biota,Ejea de los Caballeros,15.336680895004557,0.005051573396059663,True
España,Biota,Mallén,44.52149714348109,0.001312122455727311,True
España,Biota,Castejón,42.78270250798741,0.0014218050523140142,True
España,Biota,Fustiñana,36.53017849213029,0.0018976198304569629,True
España,Biota,Carcastillo,24.8814845298002,0.0032496250109036347,True
España,Biota,Cáseda,32.59672806663079,0.002275536777755813,True
España,Biota,Lumbier,44.553184500179896,0.0013102041532909627,True
España,Boquiñeni,María de Huerva,40.47409791699569,0.0015817211328177942,True
España,Boquiñeni,Ejea de los Caballeros,32.53863566836304,0.0022816489039866553,True
España,Boquiñeni,Lumpiaque,24.651524838858688,0.003284331250373178,True
España,Boquiñeni,San Mateo de Gállego,39.86979974415194,0.0016264719690361677,True
España,Boquiñeni,Mallén,15.112251025253927,0.005104280398347175,True
España,Boquiñeni,Cascante,39.261221619169646,0.0016728194097736513,True
España,Boquiñeni,Fustiñana,27.294204736572862,0.0029069107248459423,True
España,Brea de Aragón,Calatayud,19.43440100757691,0.004179710735810811,True
España,Brea de Aragón,Lumpiaque,27.43302987006667,0.0028883311681958948,True
España,Brea de Aragón,Mallén,44.31949925046092,0.0013244172444622886,True
España,Bujaraloz,Caspe,30.625342884131445,0.0024924054176272284,True
España,Bujaraloz,Sástago,25.85290123633363,0.003107023845875472,True
España,Bujaraloz,Fabara,44.23817766820638,0.0013293994053782696,True
España,Bujaraloz,Fuentes de Ebro,40.68472049387664,0.0015664147310837668,True
España,Bujaraloz,Quinto,30.22117127442957,0.002539361488738726,True
España,María de Huerva,Lumpiaque,27.434573041880554,0.002888125308718714,True
España,María de Huerva,Fuentes de Ebro,29.805920263658056,0.0025885273041515743,True
España,María de Huerva,Quinto,43.20201012089895,0.0013945444460231765,True
España,María de Huerva,San Mateo de Gállego,37.39766639100075,0.001823119086740533,True
España,Calatayud,Daroca,32.95530362496555,0.002238170718444266,True
España,Calatayud,Lumpiaque,42.14650062687211,0.0014641874005738513,True
España,Caspe,Sástago,27.422024292725567,0.0028897997409331002,True
España,Caspe,Fabara,18.70010093947502,0.004324016295290523,True
España,Caspe,Quinto,43.408289288007495,0.0013813259047302762,True
España,Ejea de los Caballeros,Mallén,34.436272926127316,0.002090237895064985,True
España,Ejea de los Caballeros,Fustiñana,31.250507422991088,0.002421480905322189,True
España,Ejea de los Caballeros,Carcastillo,37.61394099072213,0.0018050053957100404,True
España,Lumpiaque,Mallén,31.6155832562674,0.0023810013558595664,True
España,Sástago,Fuentes de Ebro,31.862015570701733,0.0023540605933231843,True
España,Sástago,Quinto,16.770995594998855,0.004727384232192541,True
España,Fabara,Flix,32.05928776106506,0.0023327142200091286,True
España,Fabara,Gandesa,26.756548650463927,0.0029800040009766255,True
España,Fabara,Benissanet,41.42126899381626,0.0015140433284945222,True
España,Fuentes de Ebro,Quinto,15.101825527895333,0.005106742177440129,True
España,Fuentes de Ebro,San Mateo de Gállego,37.19634958873648,0.0018401433729962253,True
España,Mallén,Cascante,24.179924395713112,0.0033566727661512507,True
España,Mallén,Ágreda,41.86276309126193,0.0014834943897347385,True
España,Mallén,Castejón,37.266377513426654,0.0018342035243050156,True
España,Mallén,Fitero,40.262126083873405,0.0015972765861628447,True
España,Mallén,Fustiñana,14.409106308521373,0.005273012388986938,True
España,Cascante,Ágreda,25.579491139476872,0.0031465136029794915,True
España,Cascante,Rincón de Soto,29.772994352333217,0.0025924662792429828,True
España,Cascante,Castejón,18.801222275616492,0.004303851000439725,True
España,Cascante,Quel,39.855608716849616,0.0016275379513007184,True
España,Cascante,San Adrián,42.61634741829515,0.0014327673768394391,True
España,Cascante,Fitero,16.098493529581283,0.004876701751671601,True
España,Cascante,Fustiñana,16.11050604103543,0.004873993515892099,True
España,Cascante,Marcilla,36.748027897858016,0.0018786291079738635,True
España,Allande,Belmonte de Miranda,32.250413491488345,0.002312217736555955,True
España,Allande,Coaña,29.673799786034945,0.002604369380550079,True
España,Allande,Castropol,44.28366088749716,0.0013266105751672886,True
España,Allande,Grandas de Salime,21.699189803768284,0.0037643377393000977,True
España,Allande,Ibias,32.932100101578065,0.002240569994612474,True
España,Allande,Teverga,43.83756128686293,0.0013542179294496646,True
España,Allande,Tineo,18.01932543345513,0.004462262773700178,True
España,Allande,Valdés,31.509538989296686,0.0023926892205921677,True
España,Allande,Fonsagrada (A),39.88248789074292,0.0016255194693086132,True
España,Aller,San Martín del Rey Aurelio,15.550324762725504,0.005001906875283405,True
España,Aller,Cabranes,37.485410486721385,0.0018157484204711655,True
España,Aller,Regueras (Las),37.220680879248306,0.0018380773870195861,True
España,Aller,Caso,27.656165133970777,0.002858716899529158,True
España,Aller,Riosa,18.08804683167113,0.004448108557896169,True
España,Aller,Ribera de Arriba,24.239560408586552,0.0033474373995750796,True
España,Aller,Siero,26.12239405403161,0.0030685857246299207,True
España,Aller,Teverga,33.43345894716742,0.0021892972303450588,True
España,Aller,Robla (La),39.00347291780177,0.0016928447445918155,True
España,Aller,Villamanín,23.641490070942766,0.0034412203118732295,True
España,Castrillón,Belmonte de Miranda,36.03490097732104,0.0019415126664385106,True
España,Castrillón,San Martín del Rey Aurelio,42.02812306961968,0.001472211701176927,True
España,Castrillón,Regueras (Las),15.15403548637792,0.005094425751975042,True
España,Castrillón,Carreño,14.282229351426539,0.005304049585160217,True
España,Castrillón,Muros de Nalón,10.724753816777753,0.0062530988842559535,True
España,Castrillón,Riosa,39.293165645054046,0.0016703541314078971,True
España,Castrillón,Ribera de Arriba,27.547344802204197,0.002873121233669557,True
España,Castrillón,Siero,31.6117542442936,0.002381422381325016,True
España,Castrillón,Tineo,43.33802771223877,0.0013858142007406927,True
España,Belmonte de Miranda,Regueras (Las),24.8264681949594,0.0032578946659371534,True
España,Belmonte de Miranda,Muros de Nalón,30.593219581377205,0.002496105445626601,True
España,Belmonte de Miranda,Riosa,27.413802230190388,0.002890897372362539,True
España,Belmonte de Miranda,Ribera de Arriba,26.49352632831431,0.0030164290528417784,True
España,Belmonte de Miranda,Teverga,17.60720310569939,0.004548098393094261,True
España,Belmonte de Miranda,Tineo,16.894798585879442,0.00470039995707397,True
España,Belmonte de Miranda,Valdés,38.72883588927421,0.0017144460780495288,True
España,San Martín del Rey Aurelio,Cabranes,22.550453707091748,0.0036191398127434623,True
España,San Martín del Rey Aurelio,Regueras (Las),33.06740370120568,0.0022266155846977186,True
España,San Martín del Rey Aurelio,Cangas de Onís,39.69495679844007,0.001639654415326033,True
España,San Martín del Rey Aurelio,Carreño,33.620697914754174,0.0021704513433561026,True
España,San Martín del Rey Aurelio,Caso,23.307852138984696,0.003494677142888436,True
España,San Martín del Rey Aurelio,Riosa,25.178103721336797,0.0032054003513464742,True
España,San Martín del Rey Aurelio,Ribera de Arriba,23.39843931810878,0.003480081140454936,True
España,San Martín del Rey Aurelio,Siero,12.307240781133684,0.00581151602010648,True
España,San Martín del Rey Aurelio,Teverga,42.32105693563516,0.0014524346908791543,True
España,San Martín del Rey Aurelio,Villamanín,37.81985629632641,0.0017879266408927987,True
España,Coaña,Castropol,22.61587848155747,0.003608215544664716,True
España,Coaña,Grandas de Salime,34.53438548670316,0.0020807904173455365,True
España,Coaña,Tineo,33.688684686541684,0.0021636486206541407,True
España,Coaña,Valdés,17.57130520543647,0.004555653051118403,True
España,Coaña,Foz,41.21817071110619,0.001528307040606232,True
España,Coaña,Lourenzá,44.453900515177395,0.0013162240349396375,True
España,Coaña,Riotorto,44.236174536632745,0.0013295223631881571,True
España,Llanes,Cangas de Onís,31.399416105358153,0.002404887406047033,True
España,Llanes,Peñamellera Baja,17.81967968664223,0.004503639595331849,True
España,Llanes,Cabezón de la Sal,43.73233578229985,0.0013608131833927613,True
España,Llanes,Rionansa,33.61314046004435,0.002171208859155049,True
España,Llanes,Potes,31.35196309250575,0.0024101628942406915,True
España,Llanes,San Vicente de la Barquera,28.74757937414232,0.002718188479474671,True
España,Cabranes,Cangas de Onís,23.95782561554674,0.003391292628087504,True
España,Cabranes,Carreño,34.08275532936845,0.0021246362514600998,True
España,Cabranes,Caso,26.510954609556727,0.0030140017346369334,True
España,Cabranes,Ribera de Arriba,41.137122397021244,0.0015340365462592894,True
España,Cabranes,Siero,19.970742223147123,0.004077368829860812,True
España,Regueras (Las),Carreño,20.910555107384504,0.0039040585595767957,True
España,Regueras (Las),Muros de Nalón,17.823119820638613,0.004502923375587673,True
España,Regueras (Las),Riosa,24.441613351029535,0.0033163358587588133,True
España,Regueras (Las),Ribera de Arriba,13.297173929605876,0.005551339839120263,True
España,Regueras (Las),Siero,26.118075400083296,0.0030691979288044874,True
España,Regueras (Las),Teverga,31.144099428738564,0.002433408544125838,True
España,Regueras (Las),Tineo,36.962421039498885,0.001860125306820823,True
España,Cangas de Onís,Caso,25.757292499526155,0.0031207762437182943,True
España,Cangas de Onís,Siero,42.4540646752061,0.0014435427554712757,True
España,Cangas de Onís,Peñamellera Baja,43.64334286417949,0.0013664160737205467,True
España,Carreño,Muros de Nalón,24.98985404154031,0.003233397152270921,True
España,Carreño,Riosa,39.76738895666811,0.001634180412145009,True
España,Carreño,Ribera de Arriba,28.017148003572004,0.0028114501483998172,True
España,Carreño,Siero,21.590476774142036,0.003783296257448293,True
España,Caso,Riosa,44.626209281048844,0.0013057940146556195,True
España,Caso,Siero,32.90375406586468,0.0022435045068242383,True
España,Caso,Sabero,41.86207026688031,0.0014835418432777624,True
España,Caso,Villamanín,36.852600613351235,0.0018695807770020114,True
España,Castropol,Grandas de Salime,36.601733248271614,0.0018913610574581908,True
España,Castropol,Valdés,39.88274126959411,0.001625500453828834,True
España,Castropol,Abadín,40.75473200349192,0.001561359710440097,True
España,Castropol,Valadouro (O),34.8929454772686,0.002046625816861878,True
España,Castropol,Foz,18.748234429365848,0.0043144058796600795,True
España,Castropol,Cervo,37.72981868839746,0.0017953744442543774,True
España,Castropol,Lourenzá,22.509550133573782,0.003625986498885654,True
España,Castropol,Riotorto,26.050434649700833,0.0030788025326457507,True
España,Muros de Nalón,Riosa,41.48928142014473,0.0015092965859066952,True
España,Muros de Nalón,Ribera de Arriba,31.049390240101967,0.0024440742831774807,True
España,Muros de Nalón,Siero,40.4603526032097,0.0015827252174183007,True
España,Muros de Nalón,Teverga,43.77744607205171,0.0013579818683646253,True
España,Muros de Nalón,Tineo,34.42412068260903,0.002091411045121501,True
España,Muros de Nalón,Valdés,35.145182249201966,0.002022928831352229,True
España,Palacios del Sil,Ibias,39.36114722404962,0.0016651197440157072,True
España,Palacios del Sil,Teverga,40.71032611489255,0.0015645640406635047,True
España,Palacios del Sil,Folgoso de la Ribera,27.520929584305343,0.0028766287137962044,True
España,Palacios del Sil,Cubillos del Sil,30.058555787983465,0.002558502835513483,True
España,Palacios del Sil,Villadecanes,42.41493142938914,0.001446153255967291,True
España,Palacios del Sil,Vega de Espinareda,24.666006440123528,0.0032821347263577065,True
España,Grandas de Salime,Ibias,20.608060340094422,0.0039590200153180495,True
España,Grandas de Salime,Tineo,39.542112273542855,0.0016512657649777425,True
España,Grandas de Salime,Castroverde,42.114477275056814,0.0014663538003014804,True
España,Grandas de Salime,Pol,37.51138990689159,0.0018135718256363218,True
España,Grandas de Salime,Fonsagrada (A),18.77727294520755,0.004308618361051743,True
España,Grandas de Salime,Lourenzá,44.171514931806676,0.0013334974613338495,True
España,Grandas de Salime,Riotorto,34.40006846495134,0.0020937349345374282,True
España,Ibias,Vega de Espinareda,38.27761012479925,0.0017505370234915572,True
España,Ibias,Castroverde,37.42514768942919,0.0018208073937806052,True
España,Ibias,Láncara,43.57746577985171,0.0013705784648960662,True
España,Ibias,Nogais (As),31.790244476254937,0.002361875191837266,True
España,Ibias,Pol,39.89997028310541,0.0016242079790303105,True
España,Ibias,Fonsagrada (A),19.189506853320374,0.00422729284318288,True
España,Riosa,Ribera de Arriba,12.030816876280248,0.005886328658032236,True
España,Riosa,Siero,28.6963606298168,0.0027246258916087036,True
España,Riosa,Teverga,17.144661705538237,0.004646409077463575,True
España,Riosa,Tineo,44.30743061360507,0.001325155447696553,True
España,Riosa,Villamanín,35.218036143098146,0.0020161356356495014,True
España,Ribera de Arriba,Siero,21.374820908102386,0.0038211882845126813,True
España,Ribera de Arriba,Teverga,24.27137740155807,0.0033425205677021863,True
España,Ribera de Arriba,Tineo,42.28431226714131,0.0014549008121908192,True
España,Siero,Teverga,44.70826461258262,0.0013008561988104403,True
España,Peñamellera Baja,Reocín,40.15924213474691,0.0016048817252403678,True
España,Peñamellera Baja,Cabezón de la Sal,28.93657899537226,0.002694565623293977,True
España,Peñamellera Baja,Rionansa,16.375237693966213,0.004814690949746385,True
España,Peñamellera Baja,Potes,17.605800069530037,0.004548393423823008,True
España,Peñamellera Baja,San Vicente de la Barquera,17.6660704873112,0.004535737029445142,True
España,Peñamellera Baja,Corrales de Buelna (Los),42.60429405698838,0.0014335649338191665,True
España,Teverga,Tineo,32.76964491904296,0.002257440336709323,True
España,Teverga,Villamanín,43.10291641947003,0.0014009393390658185,True
España,Tineo,Valdés,25.189674177339047,0.003203687517497464,True
España,Reocín,Molledo,21.550457519443977,0.0037902993083224314,True
España,Reocín,Meruelo,44.01923860249988,0.0013429059919692376,True
España,Reocín,Astillero (El),23.358073276808724,0.0034865776220048186,True
España,Reocín,Cabezón de la Sal,11.744093056015199,0.005964950755734746,True
España,Reocín,Rionansa,26.696888033693444,0.002988227370625745,True
España,Reocín,Campoo de Enmedio,42.04839489051573,0.001470834449384241,True
España,Reocín,Villafufre,18.44155890079435,0.004376005772631288,True
España,Reocín,San Vicente de la Barquera,24.92261697545799,0.00324345602256667,True
España,Reocín,Corrales de Buelna (Los),9.507792149751815,0.006615478987831974,True
España,Reocín,Entrambasaguas,33.48120405396005,0.002184476114347171,True
España,Reocín,Miengo,12.39946837676429,0.005786768093505179,True
España,Reocín,Selaya,27.706600118593396,0.0028520654679630645,True
España,Limpias,Argoños,12.176153325135061,0.005846874376087898,True
España,Limpias,Meruelo,17.218513912482642,0.004630570378417484,True
España,Limpias,Astillero (El),34.093638252712914,0.0021235689062017787,True
España,Limpias,Villafufre,41.62300991449557,0.001500006713493864,True
España,Limpias,Castro-Urdiales,14.561843029762002,0.005235890923801868,True
España,Limpias,Entrambasaguas,23.142029177871198,0.0035215547382455572,True
España,Limpias,Ramales de la Victoria,13.442335506083444,0.0055141838409745285,True
España,Limpias,Selaya,37.25813490771448,0.0018349016744884307,True
España,Limpias,Espinosa de los Monteros,34.75702061651481,0.0020595105587092348,True
España,Limpias,Artziniega,35.091307945116974,0.002027967017145562,True
España,Limpias,Laudio/Llodio,43.28009339177589,0.0013895259974356618,True
España,Limpias,Santurtzi,30.001226088796518,0.002565285454966541,True
España,Limpias,Sondika,39.108655093049336,0.0016846440062248155,True
España,Limpias,Mungia,44.65212807427268,0.0013042322876111977,True
España,Limpias,Zalla,27.39856305096798,0.002892932881211922,True
España,Limpias,Plentzia,36.46751386682804,0.0019031180139223935,True
España,Molledo,Astillero (El),33.07732621635994,0.0022255956651046653,True
España,Molledo,Cabezón de la Sal,23.07761875225385,0.003532050542125683,True
España,Molledo,Rionansa,31.317455933698504,0.002414006427724902,True
España,Molledo,Campoo de Enmedio,22.476228855267482,0.003631573608037988,True
España,Molledo,Villafufre,17.434574519882442,0.004584543258347538,True
España,Molledo,San Vicente de la Barquera,38.75109192530306,0.00171268533137829,True
España,Molledo,Corrales de Buelna (Los),12.051893499447301,0.005880590488496786,True
España,Molledo,Entrambasaguas,38.425402939412706,0.001738633016961854,True
España,Molledo,Miengo,30.73281253877574,0.0024800667063761667,True
España,Molledo,Selaya,20.305325778287006,0.004014801638302405,True
España,Molledo,Valderredible,39.33694922349842,0.0016669810379977387,True
España,Molledo,Espinosa de los Monteros,40.65889240735861,0.001568283718094704,True
España,Molledo,Aguilar de Campoo,43.82228929327157,0.0013551731516100827,True
España,Argoños,Meruelo,7.101266163927095,0.007395392353574317,True
España,Argoños,Astillero (El),27.553334942693127,0.0028723264434373603,True
España,Argoños,Villafufre,39.25632637146452,0.0016731975216308782,True
España,Argoños,Castro-Urdiales,23.082141911315066,0.003531312462294031,True
España,Argoños,Entrambasaguas,18.243582495471113,0.004416239671647351,True
España,Argoños,Miengo,41.26463100396179,0.001525032300573378,True
España,Argoños,Ramales de la Victoria,22.31451187127895,0.003658812116332056,True
España,Argoños,Selaya,37.67503068978984,0.0017999216203249276,True
España,Argoños,Espinosa de los Monteros,42.72246777777451,0.0014257646316554017,True
España,Argoños,Santurtzi,39.41225993070332,0.0016611950175024052,True
España,Argoños,Zalla,39.2519745936347,0.0016735337273131653,True
España,Argoños,Plentzia,43.67582517588953,0.001364368358103032,True
España,Meruelo,Astillero (El),20.663739254013137,0.003948845572424855,True
España,Meruelo,Villafufre,33.4348148692737,0.0021891601677902464,True
España,Meruelo,Castro-Urdiales,29.781265745309756,0.002591476196311914,True
España,Meruelo,Entrambasaguas,12.377647295550696,0.005792613889935993,True
España,Meruelo,Miengo,34.18082136461936,0.002115037745175946,True
España,Meruelo,Ramales de la Victoria,23.812347209824104,0.0034141629041654093,True
España,Meruelo,Selaya,33.10964613811899,0.002222276792155609,True
España,Meruelo,Espinosa de los Monteros,42.29798750944116,0.0014539825085572431,True
España,Meruelo,Zalla,44.591145770467925,0.0013079097280355903,True
España,Astillero (El),Cabezón de la Sal,35.0904967461736,0.002028042974238831,True
España,Astillero (El),Villafufre,16.25151073610637,0.004842316404689471,True
España,Astillero (El),Corrales de Buelna (Los),25.66121408398851,0.0031346576261355296,True
España,Astillero (El),Entrambasaguas,11.056497287542307,0.0061578187821600145,True
España,Astillero (El),Miengo,14.583652561011318,0.0052306117274948695,True
España,Astillero (El),Ramales de la Victoria,32.71811122251213,0.0022628184261737835,True
España,Astillero (El),Selaya,21.20294664823191,0.0038516598382779504,True
España,Astillero (El),Espinosa de los Monteros,42.04105415460832,0.0014713330244622966,True
España,Cabezón de la Sal,Rionansa,14.96435599646189,0.005139314584690077,True
España,Cabezón de la Sal,Potes,35.95678203357945,0.0019485279176081282,True
España,Cabezón de la Sal,Campoo de Enmedio,38.47275117273788,0.001734836492635619,True
España,Cabezón de la Sal,Villafufre,27.815195437781234,0.002837796339774062,True
España,Cabezón de la Sal,San Vicente de la Barquera,15.993087902451501,0.004900530417868863,True
España,Cabezón de la Sal,Corrales de Buelna (Los),14.312325361374997,0.005296670821721959,True
España,Cabezón de la Sal,Miengo,23.337102242003542,0.0034899574803681516,True
España,Cabezón de la Sal,Selaya,36.23125463235421,0.0019239910505296424,True
España,Rionansa,Potes,21.101966960750076,0.00386967597069771,True
España,Rionansa,Campoo de Enmedio,38.026625448562235,0.0017709397041150384,True
España,Rionansa,Villafufre,41.23917460898633,0.001526825717201208,True
España,Rionansa,San Vicente de la Barquera,14.594245494929243,0.005228049538583836,True
España,Rionansa,Corrales de Buelna (Los),27.07420061719502,0.0029366002672625625,True
España,Rionansa,Miengo,38.10591783259376,0.0017644684132755084,True
España,Rionansa,Cervera de Pisuerga,43.957153701039346,0.001346760977347569,True
España,Potes,Campoo de Enmedio,43.660947312236665,0.0013653058916942376,True
España,Potes,San Vicente de la Barquera,31.604546880311624,0.0023822150813381177,True
España,Potes,Velilla del Río Carrión,40.67480080417694,0.001567132281870831,True
España,Potes,Cervera de Pisuerga,33.53243569576948,0.0021793147573889423,True
España,Campoo de Enmedio,Villafufre,39.26798878392275,0.0016722968506333814,True
España,Campoo de Enmedio,Corrales de Buelna (Los),33.2382870249692,0.002209115915047741,True
España,Campoo de Enmedio,Selaya,39.03955641662732,0.001690026933534795,True
España,Campoo de Enmedio,Valderredible,24.686113106580517,0.0032790874500708465,True
España,Campoo de Enmedio,Aguilar de Campoo,21.352935040546182,0.003825054960249673,True
España,Campoo de Enmedio,Alar del Rey,36.57721414091545,0.001893503373011311,True
España,Campoo de Enmedio,Cervera de Pisuerga,30.56537719889191,0.002499316836476066,True
España,Villafufre,San Vicente de la Barquera,42.93912583756774,0.0014115736997100856,True
España,Villafufre,Corrales de Buelna (Los),14.170423239795964,0.005331552013650148,True
España,Villafufre,Entrambasaguas,21.115444955081223,0.003867266439298589,True
España,Villafufre,Miengo,19.706953616304105,0.0041273857855162665,True
España,Villafufre,Ramales de la Victoria,34.6952871834939,0.0020653892350525095,True
España,Villafufre,Selaya,9.420450731094723,0.00664228423682426,True
España,Villafufre,Espinosa de los Monteros,34.75804733259437,0.0020594129295074953,True
España,Villafufre,Villarcayo de Merindad de Castilla la Vieja,44.78188962687073,0.0012964415773179887,True
España,Castro-Urdiales,Entrambasaguas,37.58322403126625,0.0018075670299235588,True
España,Castro-Urdiales,Ramales de la Victoria,24.236590006773593,0.0033478967996298263,True
España,Castro-Urdiales,Espinosa de los Monteros,43.40128160520812,0.0013817729010579336,True
España,Castro-Urdiales,Artziniega,29.90389710921251,0.0025768415975392293,True
España,Castro-Urdiales,Laudio/Llodio,33.77176018053588,0.002155365085808259,True
España,Castro-Urdiales,Santurtzi,16.33016819663899,0.004824735603763457,True
España,Castro-Urdiales,Sondika,25.568708385540145,0.003148081264459164,True
España,Castro-Urdiales,Galdakao,34.65519566757085,0.0020692160107783812,True
España,Castro-Urdiales,Mungia,30.30367759029185,0.002529704622467145,True
España,Castro-Urdiales,Zalla,19.96817557086102,0.004077852553228501,True
España,Castro-Urdiales,Plentzia,21.905796750112177,0.003728569493899785,True
España,Castro-Urdiales,Mundaka,42.20418500028445,0.0014602930866389398,True
España,Castro-Urdiales,Gernika-Lumo,44.31771591012612,0.0013245263002919733,True
España,San Vicente de la Barquera,Corrales de Buelna (Los),30.156255096894025,0.0025469854704295468,True
España,San Vicente de la Barquera,Miengo,32.86233172164259,0.002247799657443253,True
España,Corrales de Buelna (Los),Entrambasaguas,33.800294482574245,0.0021525272322781655,True
España,Corrales de Buelna (Los),Miengo,19.542069372710174,0.0041589614371395555,True
España,Corrales de Buelna (Los),Selaya,21.999064919174817,0.003712534491918317,True
España,Entrambasaguas,Miengo,25.638722053311678,0.0031379161927736067,True
España,Entrambasaguas,Ramales de la Victoria,22.34656185614305,0.003653397615454645,True
España,Entrambasaguas,Selaya,21.149144400405685,0.0038612483925467254,True
España,Entrambasaguas,Espinosa de los Monteros,35.36661030592396,0.0020023526238865394,True
España,Miengo,Selaya,28.52638878585316,0.0027460983402064374,True
España,Ramales de la Victoria,Selaya,28.014674537975697,0.002811771343812225,True
España,Ramales de la Victoria,Espinosa de los Monteros,21.336592246581148,0.0038279448734497663,True
España,Ramales de la Victoria,Villarcayo de Merindad de Castilla la Vieja,36.60273189184383,0.0018912738540720177,True
España,Ramales de la Victoria,Artziniega,31.20748026931327,0.0024262969033055953,True
España,Ramales de la Victoria,Laudio/Llodio,42.651374604594764,0.0014304521849812625,True
España,Ramales de la Victoria,Santurtzi,35.94701946773105,0.0019494063979873214,True
España,Ramales de la Victoria,Sondika,44.0344245092768,0.0013419647462654639,True
España,Ramales de la Victoria,Zalla,27.169462995024325,0.0029237075162208354,True
España,Ramales de la Victoria,Plentzia,44.7306011030174,0.0012995152977032297,True
España,Selaya,Espinosa de los Monteros,25.35854525542382,0.0031787927604089066,True
España,Selaya,Villarcayo de Merindad de Castilla la Vieja,35.71258503935455,0.0019706212962244873,True
España,Valderredible,Espinosa de los Monteros,43.48193245837686,0.001376637188317114,True
España,Valderredible,Villarcayo de Merindad de Castilla la Vieja,33.20991933702186,0.0022120114111446954,True
España,Valderredible,Merindad de Río Ubierna,31.7358478927261,0.0023678153075844866,True
España,Valderredible,Trespaderne,44.686743602352045,0.001302149453099162,True
España,Valderredible,Villadiego,32.92483646829633,0.0022413215931375258,True
España,Valderredible,Aguilar de Campoo,26.245335695400538,0.0030512089609028726,True
España,Valderredible,Alar del Rey,34.565449045122314,0.0020778081524279388,True
España,Albacete,San Pedro,34.03601881112284,0.0021292260526608532,True
España,Albacete,Barrax,29.86297435968055,0.0025817160205743148,True
España,Albacete,Valdeganga,21.99599453354648,0.0037130612619521,True
España,Albacete,Cenizate,38.15734147938077,0.0017602842228435821,True
España,Albacete,Pozo Cañada,24.30037913976016,0.003338045094604338,True
España,Albacete,Gineta (La),17.375595237006248,0.004597061814548407,True
España,Albacete,Lezuza,43.02057265016696,0.0014062755892397464,True
España,Albacete,Tarazona de la Mancha,30.10841157118983,0.0025526190446683505,True
España,Albacete,Pozohondo,31.07111103924468,0.002441624052715838,True
España,Casas-Ibáñez,Valdeganga,24.34403573601623,0.0033313194402422933,True
España,Casas-Ibáñez,Cenizate,16.51564256109495,0.004783533142698221,True
España,Casas-Ibáñez,Tarazona de la Mancha,38.08506426081396,0.0017661680405102495,True
España,Casas-Ibáñez,Villalpardo,24.60677285913138,0.003291128402750948,True
España,Casas-Ibáñez,Ayora,43.65935202464067,0.0013654064574967757,True
España,Casas-Ibáñez,Camporrobles,40.7580737105014,0.0015611188384159636,True
España,Casas-Ibáñez,Jalance,35.46597831312901,0.0019931870461388575,True
España,Casas-Ibáñez,Utiel,38.925439215530524,0.001698954583929257,True
España,Casas-Ibáñez,Venta del Moro,24.10977421175711,0.003367569063113799,True
España,Alcaraz,San Pedro,31.78628128200378,0.0023623074690657412,True
España,Alcaraz,Molinicos,31.52366795815836,0.0023911286602801684,True
España,Alcaraz,Bonillo (El),31.517207574175792,0.002391842090410538,True
España,Alcaraz,Lezuza,33.312525910053715,0.0022015562751927335,True
España,Alcaraz,Ossa de Montiel,39.31940215414735,0.0016683320481157033,True
España,Alcaraz,Riópar,20.063665479128133,0.004059894763888417,True
España,Alcaraz,Montiel,32.20942697796609,0.002316597927736747,True
España,Alcaraz,Villanueva de la Fuente,17.72999280603326,0.004522352353283801,True
España,Almansa,Bonete,21.730076739298426,0.003758968742209417,True
España,Almansa,Caudete,20.68402539087614,0.003945145119278148,True
España,Almansa,Ontur,44.85002839938171,0.0012923692576563665,True
España,Almansa,Yecla,28.31828225953197,0.002772619199203674,True
España,Almansa,Bocairent,43.83722560823416,0.0013542389180105825,True
España,Almansa,Cañada,32.98557359929463,0.002235044626187751,True
España,Almansa,Chella,42.4377778678083,0.0014446286429967347,True
España,Almansa,Ayora,21.26684341722363,0.003840303253224643,True
España,Almansa,Font de la Figuera (la),19.918418441045898,0.004087241393116177,True
España,Almansa,Jalance,35.884726998759895,0.001955021097308053,True
España,Almansa,Mogente/Moixent,29.91925066732642,0.0025750151702020035,True
España,Bonete,Valdeganga,40.9890578761151,0.0015445591048074375,True
España,Bonete,Caudete,36.05996011946776,0.0019392676580372225,True
España,Bonete,Pozo Cañada,34.47442100476489,0.0020865594421963845,True
España,Bonete,Ontur,31.15529431179403,0.0024321509078871493,True
España,Bonete,Tobarra,43.27037144171334,0.0013901498465253167,True
España,Bonete,Jumilla,43.79891533016553,0.0013566364345046582,True
España,Bonete,Yecla,34.60792347415833,0.002073737304689823,True
España,Bonete,Ayora,32.747629145520484,0.0022597363499273666,True
España,Bonete,Font de la Figuera (la),41.009466233042325,0.0015431044593024583,True
España,Bonete,Jalance,42.82568665243462,0.0014189861772347294,True
España,San Pedro,Barrax,24.416324617883642,0.003320212589174698,True
España,San Pedro,Molinicos,40.11102754561174,0.0016084581774642227,True
España,San Pedro,Bonillo (El),33.56975875542211,0.0021755623127991362,True
España,San Pedro,Pozo Cañada,39.02861066381679,0.0016908812067334298,True
España,San Pedro,Gineta (La),35.84319457753927,0.0019587735870302304,True
España,San Pedro,Lezuza,19.908686119087058,0.004089080350131768,True
España,San Pedro,Liétor,37.46760347548075,0.0018172418277160299,True
España,San Pedro,Pozohondo,26.50735860701531,0.0030145024064822897,True
España,San Pedro,Riópar,41.55927735174514,0.0015044269453522415,True
España,Barrax,Bonillo (El),31.17651581400923,0.0024297686638975148,True
España,Barrax,Gineta (La),19.139247357763637,0.004237125063169171,True
España,Barrax,Lezuza,17.08356795296428,0.004659552598353346,True
España,Barrax,Tarazona de la Mancha,34.78439215169535,0.00205690941543668,True
España,Barrax,Casas de Fernando Alonso,35.67314808949811,0.0019742127298810006,True
España,Barrax,Pozohondo,43.88254673315057,0.0013514081196908938,True
España,Barrax,Casas de Benítez,35.596601367252156,0.0019812023676986186,True
España,Molinicos,Letur,16.42606314063667,0.004803388630792584,True
España,Molinicos,Liétor,26.159076447483965,0.0030633906276453637,True
España,Molinicos,Nerpio,36.0212830162364,0.0019427337679653774,True
España,Molinicos,Pozohondo,39.94287904079517,0.0016209935430443086,True
España,Molinicos,Riópar,15.995697739945806,0.004899939013493048,True
España,Bonillo (El),Lezuza,16.070328550586122,0.004883057502348541,True
España,Bonillo (El),Ossa de Montiel,17.850866003800625,0.004497150925100271,True
España,Bonillo (El),Montiel,39.760577922926785,0.0016346943712633511,True
España,Bonillo (El),Carrizosa,41.04456386725997,0.0015406060095770383,True
España,Bonillo (El),Socuéllamos,43.96778784383933,0.00134609989636186,True
España,Bonillo (El),Villanueva de la Fuente,31.740191399488864,0.002367340447104534,True
España,Valdeganga,Cenizate,18.847378475572153,0.004294678048900197,True
España,Valdeganga,Pozo Cañada,37.492099625897566,0.0018151877446953475,True
España,Valdeganga,Gineta (La),27.62988451329324,0.002862188976158367,True
España,Valdeganga,Tarazona de la Mancha,24.943503709879835,0.0032403279512848845,True
España,Valdeganga,Villalpardo,37.716462900152074,0.0017964818589334844,True
España,Caudete,Jumilla,38.222875239822216,0.0017549663131008486,True
España,Caudete,Yecla,14.67146926569682,0.005209408889515845,True
España,Caudete,Tibi,40.38468421936004,0.0015882641573198692,True
España,Caudete,Fondó de les Neus (el)/Hondón de las Nieves,44.50330175932397,0.0013132252439357318,True
España,Caudete,Novelda,40.407903250896,0.001586562461706476,True
España,Caudete,Bocairent,33.99355045227253,0.002133405298934401,True
España,Caudete,Cañada,16.063203850937434,0.004884666589083205,True
España,Caudete,Onil,28.92858019368105,0.002695561206349056,True
España,Caudete,Elda,30.492087452469775,0.0025077899959675865,True
España,Caudete,Albaida,43.878732274698365,0.0013516461460860848,True
España,Caudete,Ayora,39.93711883072219,0.0016214246893543275,True
España,Caudete,Font de la Figuera (la),15.042117160371728,0.005120864117983708,True
España,Caudete,Mogente/Moixent,28.167119990032344,0.002792043816568437,True
España,Cenizate,Gineta (La),35.832052584819955,0.0019597815008689998,True
España,Cenizate,Tarazona de la Mancha,22.06532764284924,0.0037011843749593714,True
España,Cenizate,Casas de Benítez,40.87299121046861,0.0015528580933395451,True
España,Cenizate,Motilla del Palancar,36.17259241677968,0.0019292091366903893,True
España,Cenizate,Villalpardo,18.91333229160587,0.004281604585437142,True
España,Cenizate,Camporrobles,44.390035967707924,0.0013201109333612396,True
España,Cenizate,Venta del Moro,32.78448315036085,0.0022558941827430313,True
España,Pozo Cañada,Ontur,29.294090454552595,0.002650441375276265,True
España,Pozo Cañada,Gineta (La),41.262627264799924,0.0015251733886688535,True
España,Pozo Cañada,Tobarra,23.959869290807518,0.003390972443033485,True
España,Pozo Cañada,Liétor,34.31041773911497,0.002102419640908882,True
España,Pozo Cañada,Pozohondo,17.594283420699128,0.004550815872598424,True
España,Letur,Tobarra,43.321833776209054,0.0013868507316567376,True
España,Letur,Liétor,23.609895305758503,0.0034462472349409143,True
España,Letur,Nerpio,29.861428036731716,0.002581900388311172,True
España,Letur,Pozohondo,42.85908342714509,0.0014167998933716855,True
España,Letur,Riópar,31.22151793792714,0.002424724624436559,True
España,Letur,Calasparra,38.0660912252478,0.001767715821126011,True
España,Letur,Caravaca de la Cruz,35.191706334519786,0.0020185880970949584,True
España,Ontur,Tobarra,17.220090362729227,0.0046302328763003575,True
España,Ontur,Liétor,40.297152680098286,0.001594695665911191,True
España,Ontur,Pozohondo,37.78489838580562,0.0017908146405009565,True
España,Ontur,Jumilla,21.760893111649974,0.003753619659780179,True
España,Ontur,Yecla,33.05674708394453,0.002227711482436242,True
España,Gineta (La),Lezuza,35.87407027550901,0.001955983254866773,True
España,Gineta (La),Tarazona de la Mancha,18.403688818638777,0.00438367341292099,True
España,Gineta (La),Casas de Fernando Alonso,39.021103434953325,0.0016914673662383303,True
España,Gineta (La),Pozohondo,44.16328929448992,0.001334004002294779,True
España,Gineta (La),Casas de Benítez,29.97194886175567,0.0025687561553223485,True
España,Tobarra,Liétor,23.088545427118326,0.003530267813978666,True
España,Tobarra,Pozohondo,24.002964001270065,0.0033842277919993837,True
España,Tobarra,Calasparra,39.94848770379593,0.001620573850047182,True
España,Tobarra,Jumilla,34.67098432895794,0.0020677081210068162,True
España,Lezuza,Casas de Fernando Alonso,44.69558050799516,0.0013016182647093966,True
España,Lezuza,Ossa de Montiel,33.90105964411492,0.0021425356054919605,True
España,Lezuza,Villanueva de la Fuente,41.094606522106496,0.0015370506811525643,True
España,Liétor,Pozohondo,20.137934327812033,0.004045982626046533,True
España,Liétor,Riópar,40.69102149367469,0.0015659591125096993,True
España,Liétor,Calasparra,41.173820811542484,0.0015314395888931956,True
España,Tarazona de la Mancha,Casas de Fernando Alonso,37.06635071605105,0.0018512210868628603,True
España,Tarazona de la Mancha,Casas de Benítez,21.58807905755713,0.003783715473288151,True
España,Tarazona de la Mancha,Motilla del Palancar,33.39854981676382,0.0021928289566087366,True
España,Tarazona de la Mancha,Villalpardo,33.79456245903269,0.002153097005293519,True
España,Casas de Fernando Alonso,Casas de Benítez,17.100743072030735,0.004655853832639863,True
España,Casas de Fernando Alonso,Provencio (El),21.40297473587466,0.0038162199807875745,True
España,Casas de Fernando Alonso,Socuéllamos,40.50235418301942,0.0015796590343657242,True
España,Casas de Fernando Alonso,Alberca de Záncara (La),22.99611487457114,0.003545376699032681,True
España,Casas de Fernando Alonso,Pedernoso (El),38.65166502485014,0.0017205653470823887,True
España,Casas de Fernando Alonso,Motilla del Palancar,43.065746191863255,0.0014033456277630517,True
España,Casas de Fernando Alonso,Valverde de Júcar,41.96151217109995,0.0014767462788667144,True
España,Nerpio,Riópar,40.3045968691162,0.0015941476814574616,True
España,Nerpio,Caravaca de la Cruz,38.42272703007708,0.0017388478273617767,True
España,Ossa de Montiel,Montiel,31.36493771487045,0.002408719318509758,True
España,Ossa de Montiel,Carrizosa,25.32102352910915,0.003184307366180656,True
España,Ossa de Montiel,Argamasilla de Alba,34.86866978932261,0.002048921054466135,True
España,Ossa de Montiel,Cózar,44.017536446164925,0.0013430115353368,True
España,Ossa de Montiel,Socuéllamos,36.92173497133086,0.0018636227606351136,True
España,Ossa de Montiel,Villanueva de la Fuente,30.469037257557478,0.002510460810262239,True
España,Riópar,Montiel,44.449293741963565,0.001316504027335667,True
España,Riópar,Villanueva de la Fuente,32.29379747445744,0.0023075903603786254,True
España,Casas de Benítez,Provencio (El),38.24208090632176,0.0017534108654256829,True
España,Casas de Benítez,Alberca de Záncara (La),35.43031287483119,0.00199647194125205,True
España,Casas de Benítez,Motilla del Palancar,29.475100075609625,0.002628377686660452,True
España,Casas de Benítez,Valverde de Júcar,40.49505400325623,0.0015801915324833798,True
España,Provencio (El),Mota del Cuervo,28.934307891600753,0.0026948482622553703,True
España,Provencio (El),Socuéllamos,21.263761217061045,0.003840850291648993,True
España,Provencio (El),Alberca de Záncara (La),16.358762061550962,0.00481836044448949,True
España,Provencio (El),Pedernoso (El),18.604404718585126,0.004343186979796439,True
España,Abenójar,Piedrabuena,23.217441283662588,0.003509305899387528,True
España,Abenójar,Almodóvar del Campo,24.49829652966296,0.0033076628667048536,True
España,Abenójar,Miguelturra,41.45868756215688,0.0015114299572312859,True
España,Abenójar,Corral de Calatrava,24.07277275784444,0.0033733306988720083,True
España,Abenójar,Puebla de Don Rodrigo,32.349524805953656,0.002301660027900105,True
España,Abenójar,Robledo (El),38.313480829285886,0.0017476403389905864,True
España,Agudo,Chillón,20.253345438882615,0.004024458444985665,True
España,Agudo,Puebla de Don Rodrigo,24.86514327446433,0.0032520791115602113,True
España,Agudo,Peñalsordo,27.394991599680573,0.002893410130272104,True
España,Agudo,Valdecaballeros,40.45664369394751,0.0015829962595598455,True
España,Agudo,Puebla de Alcocer,33.266789416754015,0.002206210489774905,True
España,Agudo,Herrera del Duque,26.126652144567718,0.0030679822255650305,True
España,Agudo,Siruela,15.434743652902322,0.005028715271495655,True
España,Montiel,Carrizosa,19.71860282729312,0.004125164050876991,True
España,Montiel,Torrenueva,43.854876394107144,0.0013531357300525784,True
España,Montiel,Cózar,18.726213910060793,0.004318799873689077,True
España,Montiel,San Carlos del Valle,36.776462299793856,0.0018761644458535,True
España,Montiel,Villamanrique,20.2025200774299,0.004033923197244551,True
España,Montiel,Villanueva de la Fuente,14.525853158160725,0.005244614295326668,True
España,Campo de Criptana,Arenas de San Juan,38.66004004520958,0.0017199001939877307,True
España,Campo de Criptana,Argamasilla de Alba,30.55855850148457,0.002500103947697572,True
España,Campo de Criptana,Villafranca de los Caballeros,20.556095557214284,0.003968539466467786,True
España,Campo de Criptana,Mota del Cuervo,24.134686548319895,0.003363695424360517,True
España,Campo de Criptana,Socuéllamos,30.687771502469705,0.0024852304572186576,True
España,Campo de Criptana,Pedernoso (El),33.89393594574216,0.002143240446906707,True
España,Campo de Criptana,Consuegra,42.117076038690776,0.0014661778729103052,True
España,Campo de Criptana,Lillo,38.80069670151818,0.001708767442471103,True
España,Campo de Criptana,Quintanar de la Orden,22.04005224960876,0.003705509678977517,True
España,Campo de Criptana,Villa de Don Fadrique (La),25.361807713540045,0.0031783137259861214,True
España,Piedrabuena,Almodóvar del Campo,36.01141042598215,0.0019436195082670098,True
España,Piedrabuena,Torralba de Calatrava,36.81197681382964,0.0018730906300333924,True
España,Piedrabuena,Miguelturra,25.70897829353609,0.0031277489526310566,True
España,Piedrabuena,Corral de Calatrava,21.015599395069025,0.00388515211000827,True
España,Piedrabuena,Malagón,31.69207622526247,0.002372606036508124,True
España,Piedrabuena,Puebla de Don Rodrigo,38.8853543162933,0.00170210169806813,True
España,Piedrabuena,Robledo (El),22.663237726355405,0.0036003283828546337,True
España,Calzada de Calatrava,Bolaños de Calatrava,24.307485631792858,0.0033369493553015266,True
España,Calzada de Calatrava,Almodóvar del Campo,34.8281186185557,0.0020527608655968137,True
España,Calzada de Calatrava,Torralba de Calatrava,34.715367768645535,0.0020634751853576988,True
España,Calzada de Calatrava,Torrenueva,36.75335786325582,0.0018781668660126716,True
España,Calzada de Calatrava,Miguelturra,30.54190540305804,0.0025020273288892474,True
España,Calzada de Calatrava,Corral de Calatrava,31.39334161137602,0.0024055620794121123,True
España,Calzada de Calatrava,Viso del Marqués,27.478253230932076,0.002882304451725771,True
España,Carrizosa,Argamasilla de Alba,32.98494367908811,0.002235109635836521,True
España,Carrizosa,Torrenueva,39.094394120389914,0.0016857535589578703,True
España,Carrizosa,Cózar,21.275056229490684,0.0038388459991432556,True
España,Carrizosa,Membrilla,34.02391988523078,0.0021304158542504305,True
España,Carrizosa,San Carlos del Valle,21.555062923264355,0.0037894927382123426,True
España,Carrizosa,Villamanrique,32.62540104879726,0.0022725260251176566,True
España,Carrizosa,Villanueva de la Fuente,30.701509929628156,0.002483654269020386,True
España,Chillón,Puebla de Don Rodrigo,38.603929189648376,0.0017243614935441671,True
España,Chillón,Peñalsordo,21.553340406204114,0.0037897943921111074,True
España,Chillón,Puebla de Alcocer,39.78954652051504,0.0016325095248732827,True
España,Chillón,Herrera del Duque,44.32802977398537,0.001323895705221499,True
España,Chillón,Siruela,25.682931830747606,0.003131514451707785,True
España,Bolaños de Calatrava,Arenas de San Juan,37.456357007993134,0.001818185659715474,True
España,Bolaños de Calatrava,Torralba de Calatrava,14.277942547653861,0.005305101437583141,True
España,Bolaños de Calatrava,Torrenueva,39.58628149693531,0.0016479018788963726,True
España,Bolaños de Calatrava,Miguelturra,20.537118246805232,0.003972021645272823,True
España,Bolaños de Calatrava,Corral de Calatrava,36.267649510195696,0.0019207607749880536,True
España,Bolaños de Calatrava,Malagón,33.75752851998242,0.0021567818819232926,True
España,Bolaños de Calatrava,Membrilla,28.49041141725855,0.0027506650254197932,True
España,Bolaños de Calatrava,San Carlos del Valle,37.40332483320538,0.001822642865674975,True
España,Bolaños de Calatrava,Viso del Marqués,43.45753015488163,0.001378189070203771,True
España,Almodóvar del Campo,Miguelturra,37.80081389287765,0.0017894992246903294,True
España,Almodóvar del Campo,Corral de Calatrava,18.682267816410025,0.004327582334742073,True
España,Almodóvar del Campo,Fuencaliente,35.347626889741925,0.002004108421436046,True
España,Arenas de San Juan,Argamasilla de Alba,37.072417037042754,0.0018507026711450277,True
España,Arenas de San Juan,Torralba de Calatrava,30.913534323500627,0.002459455549607972,True
España,Arenas de San Juan,Miguelturra,43.751082669756094,0.001359635832613193,True
España,Arenas de San Juan,Malagón,30.75949614308082,0.0024770126196871434,True
España,Arenas de San Juan,Villafranca de los Caballeros,26.242726535610196,0.0030515767179621085,True
España,Arenas de San Juan,Membrilla,30.387575156626113,0.002519922617515884,True
España,Arenas de San Juan,Consuegra,28.432076188954174,0.002758085809180379,True
España,Argamasilla de Alba,Villafranca de los Caballeros,40.45529106159089,0.0015830951196774742,True
España,Argamasilla de Alba,Membrilla,28.392126938903154,0.0027631792872806083,True
España,Argamasilla de Alba,San Carlos del Valle,34.27806209483115,0.0021055628634632684,True
España,Argamasilla de Alba,Socuéllamos,31.25527783901942,0.0024209475457369575,True
España,Torralba de Calatrava,Miguelturra,13.488037561805607,0.0055025375470135795,True
España,Torralba de Calatrava,Corral de Calatrava,33.566014953681794,0.0021759384210987285,True
España,Torralba de Calatrava,Malagón,19.48971579782234,0.004169037819709657,True
España,Torralba de Calatrava,Membrilla,35.068218346917924,0.002030130138270743,True
España,Torrenueva,Cózar,25.21165041236654,0.003200436787085939,True
España,Torrenueva,Membrilla,36.93963889365036,0.0018620828948237834,True
España,Torrenueva,San Carlos del Valle,24.995361797226824,0.003232574561381196,True
España,Torrenueva,Villamanrique,33.361360878279584,0.0021965976014629704,True
España,Torrenueva,Viso del Marqués,21.753438567079513,0.003754912913994421,True
España,Miguelturra,Corral de Calatrava,20.212379514852657,0.004032085419513714,True
España,Miguelturra,Malagón,23.20900145179707,0.0035106746178105485,True
España,Miguelturra,Robledo (El),44.0348842921756,0.0013419362585056266,True
España,Corral de Calatrava,Malagón,39.90082835051181,0.0016241436359659997,True
España,Corral de Calatrava,Robledo (El),43.677056375069206,0.0013642908025070346,True
España,Cózar,Membrilla,42.04286131138078,0.0014712102685959319,True
España,Cózar,San Carlos del Valle,25.099968476043934,0.003216991151996608,True
España,Cózar,Villamanrique,14.167269924327291,0.005332329747949985,True
España,Cózar,Villanueva de la Fuente,33.01188541268338,0.0022323308580361797,True
España,Malagón,Robledo (El),37.23370506488954,0.001836972448358783,True
España,Malagón,Consuegra,38.56818641129833,0.0017272093868760828,True
España,Villafranca de los Caballeros,Mota del Cuervo,42.61943734440157,0.0014325629914420622,True
España,Villafranca de los Caballeros,Consuegra,21.57573128051127,0.0037858750912307497,True
España,Villafranca de los Caballeros,Lillo,33.164000234479836,0.0022167064359174134,True
España,Villafranca de los Caballeros,Guardia (La),41.23558631407723,0.001527078684003182,True
España,Villafranca de los Caballeros,Quintanar de la Orden,32.77509572364965,0.0022568722358979132,True
España,Villafranca de los Caballeros,Villa de Don Fadrique (La),24.571464457815967,0.0032965011624031234,True
España,Membrilla,San Carlos del Valle,16.954034708786814,0.004687543468947369,True
España,Mota del Cuervo,Socuéllamos,24.28251971745078,0.00334080040364533,True
España,Mota del Cuervo,Alberca de Záncara (La),32.64670721134627,0.002270291393753738,True
España,Mota del Cuervo,Pedernoso (El),11.295424621735668,0.006090100776734771,True
España,Mota del Cuervo,Horcajo de Santiago,39.235260489170294,0.00167482563850736,True
España,Mota del Cuervo,Lillo,44.2918247881646,0.0013261106201458079,True
España,Mota del Cuervo,Quintanar de la Orden,17.520620529904953,0.00456634099808144,True
España,Mota del Cuervo,Villa de Don Fadrique (La),32.211622356516244,0.002316363099273103,True
España,Puebla de Don Rodrigo,Robledo (El),32.6640405184378,0.002268475065527223,True
España,Puebla de Don Rodrigo,Herrera del Duque,38.26165174976514,0.0017518272608479303,True
España,Puebla de Don Rodrigo,Siruela,39.14390292213999,0.0016819047362664056,True
España,San Pablo de los Montes,Robledo (El),35.86719758579393,0.001956604016785785,True
España,San Pablo de los Montes,Ajofrín,35.55993544707401,0.001984559172429221,True
España,San Pablo de los Montes,Cobisa,39.48969179755426,0.0016552669706553752,True
España,San Pablo de los Montes,Carpio de Tajo (El),40.12966782243629,0.001607074538705865,True
España,San Pablo de los Montes,Cuerva,17.296912447466635,0.004613815903753937,True
España,San Pablo de los Montes,Polán,31.105452304200956,0.002437755177496346,True
España,San Pablo de los Montes,Orgaz,40.96393618471084,0.0015463515851606028,True
España,San Pablo de los Montes,Navahermosa,15.9618752725223,0.004907608933579017,True
España,San Pablo de los Montes,Navalucillos (Los),30.111946356580066,0.0025522023973079,True
España,San Carlos del Valle,Villamanrique,39.18681195888924,0.0016785760900098299,True
España,Socuéllamos,Alberca de Záncara (La),35.710685659959125,0.001970794118481605,True
España,Socuéllamos,Pedernoso (El),22.014882237923015,0.003709821983676869,True
España,Socuéllamos,Quintanar de la Orden,39.3686025601081,0.0016645467034791732,True
España,Villamanrique,Villanueva de la Fuente,30.72843919774436,0.0024805676189587804,True
España,Alberca de Záncara (La),Pedernoso (El),21.678336117916974,0.0037679670281046407,True
España,Alberca de Záncara (La),Valverde de Júcar,32.48304290907581,0.0022875134186778317,True
España,Alberca de Záncara (La),San Lorenzo de la Parrilla,39.026631670780446,0.0016910357054914752,True
España,Villar de Olalla,Valverde de Júcar,32.85488874125065,0.002248572304014181,True
España,Villar de Olalla,Huete,44.20813646720195,0.0013312446116782745,True
España,Villar de Olalla,San Lorenzo de la Parrilla,22.797516792347583,0.003578059493674259,True
España,Barajas de Melo,Horcajo de Santiago,32.095525178672375,0.002328814166999614,True
España,Barajas de Melo,Huete,19.59744036253926,0.004148330867196355,True
España,Barajas de Melo,Tarancón,14.666229157139739,0.005210671660453229,True
España,Barajas de Melo,Albalate de Zorita,21.59695322760603,0.003782164149514808,True
España,Barajas de Melo,Pioz,43.844399534610666,0.0013537904335906683,True
España,Barajas de Melo,Villar del Olmo,36.09363153216726,0.0019362551788006995,True
España,Barajas de Melo,Sacedón,42.754624140259864,0.0014236494371954785,True
España,Barajas de Melo,Santa Cruz de la Zarza,27.683371038115087,0.002855127021963573,True
España,Barajas de Melo,Chinchón,42.54055621835017,0.0014377897773461136,True
España,Barajas de Melo,Tielmes,36.47450361775766,0.001902503945568441,True
España,Barajas de Melo,Fuentidueña de Tajo,20.730198617746026,0.0039367354819308045,True
España,Pedernoso (El),Quintanar de la Orden,28.161733661994674,0.0027927384779704075,True
España,Pedernoso (El),Villa de Don Fadrique (La),43.23404259908096,0.0013924835156050965,True
España,Motilla del Palancar,Valverde de Júcar,31.505896429425896,0.0023930917106448875,True
España,Motilla del Palancar,Villalpardo,26.780168655044566,0.00297675458492802,True
España,Horcajo de Santiago,Huete,43.143985685960466,0.0013982854340737125,True
España,Horcajo de Santiago,Tarancón,18.783262343854755,0.004307425613313888,True
España,Horcajo de Santiago,Lillo,29.22142869558601,0.0026593503625193483,True
España,Horcajo de Santiago,Guardia (La),41.09247738007594,0.0015372017808663496,True
España,Horcajo de Santiago,Quintanar de la Orden,28.117144215061025,0.002798495719281419,True
España,Horcajo de Santiago,Noblejas,40.422681718981394,0.0015854803146716902,True
España,Horcajo de Santiago,Villa de Don Fadrique (La),30.99039084827068,0.0024507421824069378,True
España,Horcajo de Santiago,Santa Cruz de la Zarza,22.208675686717214,0.003676749196014019,True
España,Horcajo de Santiago,Fuentidueña de Tajo,33.567001331401855,0.0021758393217054545,True
España,Valverde de Júcar,San Lorenzo de la Parrilla,18.610986862087906,0.004341865663375166,True
España,Huete,San Lorenzo de la Parrilla,43.29623298038516,0.001388490951908104,True
España,Huete,Tarancón,31.048471030771264,0.0024441780295194997,True
España,Huete,Albalate de Zorita,22.321554815685023,0.003657621597450564,True
España,Huete,Sacedón,37.46615577069781,0.0018173632952757316,True
España,Huete,Fuentidueña de Tajo,40.26622447819959,0.0015969743820351747,True
España,Villalpardo,Camporrobles,27.596862021749676,0.0028665577460792397,True
España,Villalpardo,Utiel,37.66276242420813,0.0018009414128471366,True
España,Villalpardo,Venta del Moro,22.844895545674017,0.0035702351711474397,True
España,Talayuelas,Ademuz,23.628432937350034,0.0034432968914118534,True
España,Talayuelas,Camporrobles,24.426659387958882,0.0033186277338436215,True
España,Talayuelas,Chelva,26.989942907394525,0.0029480510991660392,True
España,Talayuelas,Utiel,32.07558648002476,0.002330959261703146,True
España,Talayuelas,Venta del Moro,41.1218128939571,0.0015351212218965116,True
España,Priego,Sacedón,35.58278825087738,0.001982466306038648,True
España,Tarancón,Albalate de Zorita,35.971909235476694,0.0019471674849436606,True
España,Tarancón,Villar del Olmo,41.15991481842579,0.0015324231266068355,True
España,Tarancón,Lillo,41.059824107883166,0.0015395209606248832,True
España,Tarancón,Noblejas,37.053528463320085,0.0018523173291179014,True
España,Tarancón,Santa Cruz de la Zarza,15.528279821002082,0.005007008987206905,True
España,Tarancón,Chinchón,37.686738477275185,0.0017989489558462956,True
España,Tarancón,Tielmes,36.918893110545675,0.001863867298172717,True
España,Tarancón,Fuentidueña de Tajo,17.692876165784853,0.004530119365752764,True
España,Albalate de Zorita,Pioz,33.140298048858014,0.002219133780454321,True
España,Albalate de Zorita,Villar del Olmo,33.54545658426395,0.002178004907704371,True
España,Albalate de Zorita,Sacedón,21.27730957573509,0.0038384462697925977,True
España,Albalate de Zorita,Anchuelo,40.157274957304864,0.001605027490415284,True
España,Albalate de Zorita,Tielmes,40.74110507405125,0.001562342331581164,True
España,Albalate de Zorita,Fuentidueña de Tajo,34.30390792707894,0.0021030516658143935,True
España,Villanueva de la Torre,Trijueque,33.55372931583343,0.0021771731130652405,True
España,Villanueva de la Torre,Guadalajara,12.521995963177048,0.00575405317444276,True
España,Villanueva de la Torre,Valdeolmos-Alalpardo,15.42968309132587,0.005029892329144883,True
España,Villanueva de la Torre,Yunquera de Henares,22.20601996311311,0.0036772004187732906,True
España,Villanueva de la Torre,Torrejón del Rey,7.406299838559468,0.007291635405858181,True
España,Villanueva de la Torre,Pioz,17.1623926213502,0.0046426014701332514,True
España,Villanueva de la Torre,Villar del Olmo,28.107556635295452,0.002799735187402878,True
España,Villanueva de la Torre,Uceda,31.760342278715406,0.0023651386682165933,True
España,Villanueva de la Torre,Ajalvir,16.094800137819725,0.004877534734876308,True
España,Villanueva de la Torre,Anchuelo,13.516234868588612,0.0054953643216725905,True
España,Villanueva de la Torre,Alcobendas,29.0013495012717,0.0026865174130744403,True
España,Villanueva de la Torre,Campo Real,28.17388651754124,0.002791171399463342,True
España,Villanueva de la Torre,Navalafuente,41.14963767765893,0.001533150410074442,True
España,Villanueva de la Torre,Tielmes,37.79387842022282,0.0017900723222831583,True
España,Villanueva de la Torre,Mejorada del Campo,26.084156878928404,0.00307401040954789,True
España,Villanueva de la Torre,Molar (El),28.828291292133205,0.002708075121239247,True
España,Trijueque,Guadalajara,21.780888762102588,0.0037501529118623596,True
España,Trijueque,Valdeolmos-Alalpardo,43.59368808975224,0.0013695522964338425,True
España,Trijueque,Cifuentes,31.424840694474213,0.002402065638277925,True
España,Trijueque,Yunquera de Henares,14.530490996573075,0.005243489339072228,True
España,Trijueque,Torrejón del Rey,32.3154575652413,0.0023052835449449897,True
España,Trijueque,Jadraque,17.636246849827355,0.004541995377865522,True
España,Trijueque,Pioz,38.00282429736812,0.0017728868161665666,True
España,Trijueque,Sacedón,39.664933904558715,0.001641928743626952,True
España,Trijueque,Sigüenza,44.06790050126879,0.0013398921813915867,True
España,Trijueque,Uceda,39.8748412676391,0.0016260934348382673,True
España,Trijueque,Anchuelo,41.578942979105136,0.0015030616298268085,True
España,Guadalajara,Valdeolmos-Alalpardo,26.03624612648764,0.003080821039438829,True
España,Guadalajara,Yunquera de Henares,13.945030620795254,0.005387430652259243,True
España,Guadalajara,Torrejón del Rey,14.542820479722247,0.005240499871252259,True
España,Guadalajara,Jadraque,38.72025173127344,0.001715125682113797,True
España,Guadalajara,Pioz,18.501538781832313,0.004363889021975384,True
España,Guadalajara,Villar del Olmo,33.11261215064353,0.002221972466057472,True
España,Guadalajara,Sacedón,40.178992570940565,0.001603418978184608,True
España,Guadalajara,Uceda,34.35812735447531,0.002097793404823164,True
España,Guadalajara,Ajalvir,28.601870084526055,0.0027365419928136398,True
España,Guadalajara,Anchuelo,20.20541091829305,0.004033384263788147,True
España,Guadalajara,Alcobendas,41.18883906666892,0.001530378092416984,True
España,Guadalajara,Campo Real,37.15961672910993,0.0018432667857110104,True
España,Guadalajara,Tielmes,44.629778430550004,0.0013055788459940935,True
España,Guadalajara,Mejorada del Campo,37.52553143278458,0.00181238812451402,True
España,Guadalajara,Molar (El),36.88582055394411,0.0018667154997718015,True
España,Valdeolmos-Alalpardo,Yunquera de Henares,29.57102448776123,0.0026167598798967147,True
España,Valdeolmos-Alalpardo,Torrejón del Rey,11.724071789711212,0.005970479977358768,True
España,Valdeolmos-Alalpardo,Pioz,31.302406681367735,0.002415684589247212,True
España,Valdeolmos-Alalpardo,Villar del Olmo,38.34299904378544,0.0017452602362799212,True
España,Valdeolmos-Alalpardo,Uceda,23.792225329072195,0.0034173383540941162,True
España,Valdeolmos-Alalpardo,Ajalvir,10.588931000726811,0.006292534470173388,True
España,Valdeolmos-Alalpardo,Anchuelo,25.234461145586003,0.003197066112350972,True
España,Valdeolmos-Alalpardo,Alcobendas,16.79499190313647,0.004722141850120785,True
España,Valdeolmos-Alalpardo,Campo Real,33.35743257542207,0.002196996065293668,True
España,Valdeolmos-Alalpardo,Pozuelo de Alarcón,35.81789306673192,0.00196106313125337,True
España,Valdeolmos-Alalpardo,Manzanares el Real,34.62266806764959,0.0020723260154571167,True
España,Valdeolmos-Alalpardo,Lozoyuela-Navas-Sieteiglesias,35.13672022068567,0.0020237193485775204,True
España,Valdeolmos-Alalpardo,Navalafuente,27.389698343576196,0.002894117607229096,True
España,Valdeolmos-Alalpardo,Tielmes,44.906190199987385,0.001289022355492903,True
España,Valdeolmos-Alalpardo,Mejorada del Campo,25.87339990681814,0.0031040832212050435,True
España,Valdeolmos-Alalpardo,Getafe,42.156071263568165,0.0014635405622920922,True
España,Valdeolmos-Alalpardo,Molar (El),14.629471704888818,0.0052195381769402594,True
España,Cifuentes,Jadraque,29.783380434232274,0.0025912231295363497,True
España,Cifuentes,Sacedón,35.22045133099278,0.002015910824918395,True
España,Cifuentes,Sigüenza,31.513882281008023,0.0023922093907007016,True
España,Yunquera de Henares,Torrejón del Rey,18.946505931394988,0.004275043948526149,True
España,Yunquera de Henares,Jadraque,27.785704334982388,0.002841664303815807,True
España,Yunquera de Henares,Pioz,32.44052001974954,0.00229200936565379,True
España,Yunquera de Henares,Uceda,26.725420325813896,0.002984291767135128,True
España,Yunquera de Henares,Ajalvir,36.18857145515498,0.0019277863774840446,True
España,Yunquera de Henares,Anchuelo,33.36110481193517,0.0021966235731162888,True
España,Yunquera de Henares,Lozoyuela-Navas-Sieteiglesias,42.505711171716975,0.0014401047308120227,True
España,Yunquera de Henares,Navalafuente,43.42402008120706,0.0013803230170958186,True
España,Yunquera de Henares,Molar (El),35.15933583012021,0.0020216073034793926,True
España,Torrejón del Rey,Pioz,24.397707080889518,0.0033230695351926434,True
España,Torrejón del Rey,Villar del Olmo,35.38075472856097,0.00200104539094127,True
España,Torrejón del Rey,Uceda,24.35591169373294,0.0033294922023610765,True
España,Torrejón del Rey,Ajalvir,17.27974672834019,0.004617479166144748,True
España,Torrejón del Rey,Anchuelo,20.823356264659704,0.003919823124429549,True
España,Torrejón del Rey,Alcobendas,27.907850792557383,0.0028256782139847933,True
España,Torrejón del Rey,Campo Real,34.34523309197052,0.002099042711383104,True
España,Torrejón del Rey,Lozoyuela-Navas-Sieteiglesias,39.16047714248688,0.0016806182179895418,True
España,Torrejón del Rey,Navalafuente,34.61843054594969,0.002072731514417432,True
España,Torrejón del Rey,Tielmes,44.59781591253098,0.0013075069915410597,True
España,Torrejón del Rey,Mejorada del Campo,30.384761774348586,0.0025202500283153847,True
España,Torrejón del Rey,Molar (El),22.811986229484226,0.0035756681303580236,True
España,Jadraque,Sigüenza,28.5942050319074,0.0027375109095781978,True
España,Pioz,Villar del Olmo,14.990043486531185,0.005133212322896603,True
España,Pioz,Sacedón,37.49552365111305,0.0018149008139424774,True
España,Pioz,Ajalvir,26.985427188798816,0.0029486660575529467,True
España,Pioz,Anchuelo,7.857653353101343,0.007140785553333178,True
España,Pioz,Alcobendas,40.518911525430234,0.0015784519545119177,True
España,Pioz,Campo Real,22.2833644247034,0.003664081848578845,True
España,Pioz,Chinchón,41.3162778889974,0.001521400218563754,True
España,Pioz,Tielmes,27.040622999939814,0.0029411582003369308,True
España,Pioz,Mejorada del Campo,27.435872777243052,0.0028879519351202865,True
España,Pioz,Fuentidueña de Tajo,38.42903898595422,0.0017383411734428933,True
España,Villar del Olmo,Noblejas,43.252515982901244,0.0013912963451875142,True
España,Villar del Olmo,Santa Cruz de la Zarza,39.535020297623824,0.0016518065225611272,True
España,Villar del Olmo,Ajalvir,30.24411665115075,0.0025366721723123096,True
España,Villar del Olmo,Anchuelo,14.592518256489189,0.005228467232181418,True
España,Villar del Olmo,Alcobendas,41.63308276411496,0.0014993092907723518,True
España,Villar del Olmo,Campo Real,12.32748797286255,0.005806073895401476,True
España,Villar del Olmo,Chinchón,26.668316397395518,0.0029921736101719888,True
España,Villar del Olmo,Tielmes,12.236216098303748,0.0058306468526693675,True
España,Villar del Olmo,Ciempozuelos,38.00852625713431,0.0017724201582926926,True
España,Villar del Olmo,Mejorada del Campo,22.403753394456057,0.0036437556609784554,True
España,Villar del Olmo,Fuentidueña de Tajo,25.138247689921577,0.0032113074695336273,True
España,Villar del Olmo,Getafe,42.29287292066583,0.0014543258894994418,True
España,Sigüenza,Arcos de Jalón,35.01480812229995,0.002035142661007907,True
España,Uceda,Ajalvir,34.38115588093243,0.00209556405467609,True
España,Uceda,Alcobendas,36.234411957743156,0.0019237106027810346,True
España,Uceda,Manzanares el Real,36.34486279944231,0.0019139255615234169,True
España,Uceda,Lozoyuela-Navas-Sieteiglesias,16.072063419409652,0.004882665769234904,True
España,Uceda,Navalafuente,17.970366632849146,0.004472374126650805,True
España,Uceda,Molar (El),15.93551846053064,0.004913594216317057,True
España,Uceda,Rascafría,35.785018524512424,0.0019640419620621176,True
España,Ajofrín,Pantoja,38.89969896135579,0.0017009748132416052,True
España,Ajofrín,Cobisa,10.822212567599914,0.00622495517173563,True
España,Ajofrín,Magán,27.60042431194682,0.002866086145329072,True
España,Ajofrín,Gerindote,39.33214486269703,0.0016673508336974966,True
España,Ajofrín,Portillo de Toledo,44.37551252313788,0.0013209964532538174,True
España,Ajofrín,Carpio de Tajo (El),44.77634053962373,0.001296773783181448,True
España,Ajofrín,Lominchar,41.9685685729661,0.001476265249489175,True
España,Ajofrín,Consuegra,42.6976497268155,0.001427399271369157,True
España,Ajofrín,Cuerva,20.276860395449596,0.0040200870009867926,True
España,Ajofrín,Guardia (La),43.97678284632122,0.0013455409672091401,True
España,Ajofrín,Polán,18.008075305260906,0.004464584207170956,True
España,Ajofrín,Yepes,37.3479324358269,0.001827310112195116,True
España,Ajofrín,Orgaz,11.729407702131082,0.005969005869361166,True
España,Ajofrín,Navahermosa,42.54679819998391,0.0014373754802696945,True
España,Pantoja,Cobisa,31.090315582953323,0.0024394597184659254,True
España,Pantoja,Magán,12.50900812074623,0.0057575121183109194,True
España,Pantoja,Esquivias,8.765976217289062,0.006846646720176487,True
España,Pantoja,Gerindote,40.65564067971285,0.0015685191794794528,True
España,Pantoja,Portillo de Toledo,33.490693897204956,0.002183519133190786,True
España,Pantoja,Carranque,15.026689923283127,0.005124519260932278,True
España,Pantoja,Valmojado,28.04903427825715,0.0028073127989710267,True
España,Pantoja,Lominchar,12.240785179271162,0.00582941424860606,True
España,Pantoja,Guardia (La),42.01273829397406,0.0014732577913616027,True
España,Pantoja,Polán,40.0325900236552,0.0016142935374183235,True
España,Pantoja,Yepes,24.094388481677534,0.003369963634585279,True
España,Pantoja,Orgaz,44.194161536237736,0.0013321038593289277,True
España,Pantoja,Noblejas,34.5344075587404,0.0020807882967940877,True
España,Pantoja,Aranjuez,19.901709058974077,0.004090399201051282,True
España,Pantoja,Móstoles,31.107919859237118,0.002437477420014233,True
España,Pantoja,Chinchón,37.367909285796166,0.0018256255283194563,True
España,Pantoja,Pozuelo de Alarcón,43.55622984792862,0.001371922939741988,True
España,Pantoja,Torrejón de la Calzada,17.818264754273503,0.004503934210765361,True
España,Pantoja,Ciempozuelos,22.56190729926316,0.0036172249645094086,True
España,Pantoja,Getafe,30.34258389863532,0.002525163638312526,True
España,Pantoja,Villanueva de Perales,40.50802100518165,0.0015792458022016484,True
España,Alcaudete de la Jara,Carpio de Tajo (El),37.00618837588011,0.001856370311254262,True
España,Alcaudete de la Jara,Casar de Escalona (El),40.83632106195338,0.0015554893359885575,True
España,Alcaudete de la Jara,Castillo de Bayuela,37.70364111794287,0.0017975456385144755,True
España,Alcaudete de la Jara,Cebolla,30.910165922537008,0.002459838140046418,True
España,Alcaudete de la Jara,Lagartera,30.901768723603652,0.0024607921718992863,True
España,Alcaudete de la Jara,Mejorada,24.135007438608852,0.003363645558011306,True
España,Alcaudete de la Jara,Navahermosa,38.493017076307645,0.0017332140462640298,True
España,Alcaudete de la Jara,Navalcán,36.11258662654596,0.0019345613839627655,True
España,Alcaudete de la Jara,Navalucillos (Los),24.097277535386752,0.003369513864141944,True
España,Escalona,Gerindote,24.03586972081932,0.003379086847186836,True
España,Escalona,Portillo de Toledo,18.861022547413544,0.004291970220930517,True
España,Escalona,Carpio de Tajo (El),31.554721159374218,0.002387702379016787,True
España,Escalona,Carranque,42.704030480884406,0.0014269788244840576,True
España,Escalona,Casar de Escalona (El),16.97531068968142,0.004682934387735048,True
España,Escalona,Valmojado,26.8680873981285,0.002964690715787129,True
España,Escalona,Castillo de Bayuela,25.075414040885093,0.0032206422890996445,True
España,Escalona,Cebolla,28.304684741038805,0.00277436095125073,True
España,Escalona,Lominchar,38.1200249676303,0.001763319568158693,True
España,Escalona,Mejorada,44.33553809533578,0.0013234368312351448,True
España,Escalona,Adrada (La),24.423318780394162,0.0033191399390231063,True
España,Escalona,Navaluenga,37.298097505498404,0.0018315193131470376,True
España,Escalona,Cebreros,32.27172842781649,0.0023099431061190086,True
España,Escalona,Navas del Rey,27.341891838867614,0.002900515100370626,True
España,Escalona,Cadalso de los Vidrios,15.10339504880679,0.005106371489342816,True
España,Escalona,Fresnedillas de la Oliva,40.4376137897593,0.001584387669729103,True
España,Escalona,Villanueva de Perales,32.45422663235106,0.002290559199815509,True
España,Cobisa,Magán,18.82293693020554,0.004299533047294943,True
España,Cobisa,Esquivias,39.77093785916841,0.0016339126767750765,True
España,Cobisa,Gerindote,29.838856837549866,0.002584593048253637,True
España,Cobisa,Portillo de Toledo,33.72455919382176,0.002160067639115153,True
España,Cobisa,Carpio de Tajo (El),37.865675958749385,0.0017841483658307192,True
España,Cobisa,Carranque,41.96586097180177,0.0014764498060111744,True
España,Cobisa,Valmojado,44.85753251149622,0.001291921555957535,True
España,Cobisa,Lominchar,32.11013992779697,0.002327243101672715,True
España,Cobisa,Cuerva,22.309452801696054,0.0036596675264344413,True
España,Cobisa,Polán,12.387955152975065,0.005789851710140089,True
España,Cobisa,Yepes,36.04600968977095,0.0019405171340373909,True
España,Cobisa,Orgaz,21.642536937220186,0.0037742055486023832,True
España,Cobisa,Navahermosa,42.43460859070953,0.0014448400425587698,True
España,Cobisa,Aranjuez,43.95528450313526,0.0013468772112326791,True
España,Magán,Esquivias,21.274906690032292,0.0038388725279722854,True
España,Magán,Gerindote,31.764038540754036,0.002364735019943068,True
España,Magán,Portillo de Toledo,28.04744779653859,0.0028075185060070884,True
España,Magán,Carranque,23.729782217096766,0.003427211404129306,True
España,Magán,Valmojado,30.670439842667733,0.002487220319892721,True
España,Magán,Lominchar,15.036721254060339,0.005122142261189417,True
España,Magán,Cuerva,40.48032564453558,0.001581266411802638,True
España,Magán,Guardia (La),43.166457530724664,0.0013968354263551048,True
España,Magán,Polán,27.598786036232866,0.0028663030220106686,True
España,Magán,Yepes,26.996734106302878,0.002947126503763051,True
España,Magán,Orgaz,34.7956643769746,0.0020558391608740756,True
España,Magán,Noblejas,41.91562364664759,0.0014798782887966622,True
España,Magán,Aranjuez,29.08907282471124,0.0026756555080211034,True
España,Magán,Móstoles,40.98957662176721,0.0015445221132212388,True
España,Magán,Torrejón de la Calzada,29.358009258862527,0.002642629061919019,True
España,Magán,Ciempozuelos,34.78047016304974,0.0020572819239312624,True
España,Magán,Getafe,42.14345396001034,0.001464393371683929,True
España,Esquivias,Portillo de Toledo,39.31237283966774,0.0016688735667070953,True
España,Esquivias,Carranque,13.31147263553297,0.005547668768721537,True
España,Esquivias,Valmojado,29.4630969211507,0.0026298350695905795,True
España,Esquivias,Lominchar,16.85299254167642,0.004709494740172912,True
España,Esquivias,Guardia (La),43.34350023211732,0.0013854640943417695,True
España,Esquivias,Yepes,25.706080685901853,0.003128167631214207,True
España,Esquivias,Noblejas,31.31696260504299,0.002414061420934637,True
España,Esquivias,Aranjuez,16.297690589304782,0.004831986929043753,True
España,Esquivias,Móstoles,25.632752470797136,0.0031387816146411255,True
España,Esquivias,Campo Real,42.05352489503285,0.0014704861251265918,True
España,Esquivias,Chinchón,30.399048012505627,0.00251858789071969,True
España,Esquivias,Pozuelo de Alarcón,36.99348340743015,0.0018574595455784098,True
España,Esquivias,Villanueva de la Cañada,43.01536631824589,0.0014066136653181525,True
España,Esquivias,Tielmes,41.741202486245996,0.0014918436955680871,True
España,Esquivias,Torrejón de la Calzada,11.105536407811355,0.0061438584682710195,True
España,Esquivias,Ciempozuelos,14.281939906164997,0.005304120599713194,True
España,Esquivias,Mejorada del Campo,40.425614231160964,0.0015852656704869205,True
España,Esquivias,Getafe,22.558256986197154,0.0036178351252888616,True
España,Esquivias,Villanueva de Perales,38.975172768229,0.0016950580302152497,True
España,Gerindote,Portillo de Toledo,12.51655522995685,0.005755501905616072,True
España,Gerindote,Carpio de Tajo (El),15.632763391457482,0.00498287334681252,True
España,Gerindote,Carranque,40.989901822482956,0.0015444989237141328,True
España,Gerindote,Casar de Escalona (El),20.801928237359455,0.00392370682667965,True
España,Gerindote,Valmojado,32.028400512467464,0.00233604362125935,True
España,Gerindote,Castillo de Bayuela,35.801093511345016,0.00196258480883584,True
España,Gerindote,Cebolla,22.792579660051757,0.0035788758200121376,True
España,Gerindote,Lominchar,31.6995187343669,0.00237179078346689,True
España,Gerindote,Cuerva,34.550302155320104,0.002079261798822328,True
España,Gerindote,Polán,22.847367540962544,0.0035698274066221355,True
España,Gerindote,Navahermosa,39.452806224136296,0.001658088221829103,True
España,Gerindote,Navalucillos (Los),44.22915324740838,0.0013299534392812956,True
España,Gerindote,Cadalso de los Vidrios,39.05128509689196,0.0016891120349516423,True
España,Portillo de Toledo,Carpio de Tajo (El),27.45615898452221,0.0028852472788030606,True
España,Portillo de Toledo,Carranque,30.276865358201732,0.0025328387931542033,True
España,Portillo de Toledo,Casar de Escalona (El),25.150922722268326,0.003209427703604226,True
España,Portillo de Toledo,Valmojado,19.563480315709675,0.004154847556364366,True
España,Portillo de Toledo,Castillo de Bayuela,39.012409194941554,0.001692146460750494,True
España,Portillo de Toledo,Cebolla,31.718591856097248,0.0023697027919952133,True
España,Portillo de Toledo,Lominchar,22.463954114654783,0.0036336339356114454,True
España,Portillo de Toledo,Cuerva,44.48926184940841,0.00131407680973637,True
España,Portillo de Toledo,Polán,30.993281857959136,0.002450415026998223,True
España,Portillo de Toledo,Adrada (La),43.28092101520579,0.0013894729024864771,True
España,Portillo de Toledo,Móstoles,42.20740863493407,0.0014600757624815106,True
España,Portillo de Toledo,Navas del Rey,35.75236002169264,0.001967005699413134,True
España,Portillo de Toledo,Cadalso de los Vidrios,32.046657271118335,0.0023340751126236796,True
España,Portillo de Toledo,Torrejón de la Calzada,39.64943270526378,0.0016431042426645816,True
España,Portillo de Toledo,Villanueva de Perales,33.31229151513297,0.0022015801025067104,True
España,Carpio de Tajo (El),Casar de Escalona (El),18.654408457345966,0.004333159195524724,True
España,Carpio de Tajo (El),Castillo de Bayuela,30.817010808590535,0.002470442543958047,True
España,Carpio de Tajo (El),Cebolla,11.866345107273935,0.005931300084603314,True
España,Carpio de Tajo (El),Cuerva,32.41765375322108,0.0022944306724856853,True
España,Carpio de Tajo (El),Polán,26.794239993383453,0.002974820470783843,True
España,Carpio de Tajo (El),Mejorada,38.88580755421257,0.001702066081240549,True
España,Carpio de Tajo (El),Navahermosa,28.033598238537625,0.0028093149141766548,True
España,Carpio de Tajo (El),Navalucillos (Los),29.387382055796895,0.0026390467822982153,True
España,Carranque,Valmojado,16.58246174727396,0.004768776143611035,True
España,Carranque,Lominchar,10.522232449881715,0.006311991461706502,True
España,Carranque,Yepes,38.024514706039405,0.0017711122921644975,True
España,Carranque,Noblejas,44.55290493451557,0.001310221065492312,True
España,Carranque,Aranjuez,29.59247507816115,0.0026141689513512487,True
España,Carranque,Móstoles,17.283011160538244,0.004616782293122748,True
España,Carranque,Navas del Rey,38.1125805514726,0.0017639257270605888,True
España,Carranque,Chinchón,41.383362384378465,0.0015166953919278554,True
España,Carranque,Pozuelo de Alarcón,30.451429489280585,0.002512502931612027,True
España,Carranque,Villanueva de la Cañada,32.05648003522051,0.0023330166743156374,True
España,Carranque,Torrejón de la Calzada,9.372876973181175,0.006656930585814262,True
España,Carranque,Ciempozuelos,24.049170854122263,0.003377010998449814,True
España,Carranque,Mejorada del Campo,43.2147818713001,0.0013937223620081463,True
España,Carranque,Fresnedillas de la Oliva,42.05348881280917,0.0014704885748001298,True
España,Carranque,Getafe,20.751819505044423,0.003932803799037541,True
España,Carranque,Villanueva de Perales,26.014424254718435,0.003083928079368102,True
España,Casar de Escalona (El),Valmojado,40.77880091435329,0.0015596256402231213,True
España,Casar de Escalona (El),Castillo de Bayuela,15.001838223306509,0.005130412828067781,True
España,Casar de Escalona (El),Cebolla,11.65064613859073,0.005990801830300066,True
España,Casar de Escalona (El),Polán,41.71402319781162,0.0014937169031004043,True
España,Casar de Escalona (El),Mejorada,30.758723039011265,0.002477101052758134,True
España,Casar de Escalona (El),Navalucillos (Los),43.520397591677316,0.0013741945166378545,True
España,Casar de Escalona (El),Adrada (La),29.636252286581286,0.0026088892493944626,True
España,Casar de Escalona (El),Navaluenga,43.40850615131777,0.0013813120740608842,True
España,Casar de Escalona (El),Navas del Rey,44.195134117058856,0.0013320440423233379,True
España,Casar de Escalona (El),Cadalso de los Vidrios,29.078516573911624,0.002676960252545128,True
España,Valmojado,Lominchar,16.52948429271215,0.004780472442923582,True
España,Valmojado,Cebreros,42.19152494573215,0.0014611468882484565,True
España,Valmojado,Móstoles,23.191095197838894,0.0035135803122427456,True
España,Valmojado,Navas del Rey,24.212965661610742,0.003351552772391406,True
España,Valmojado,Pozuelo de Alarcón,34.823414251286586,0.0020532067903824822,True
España,Valmojado,Villanueva de la Cañada,27.898201242460953,0.0028269378295099033,True
España,Valmojado,Cadalso de los Vidrios,31.80400915936733,0.0023603744523851824,True
España,Valmojado,Torrejón de la Calzada,24.798288803683405,0.003262138548554952,True
España,Valmojado,Ciempozuelos,40.453610076126026,0.0015832179868090859,True
España,Valmojado,Galapagar,42.110272638823844,0.001466638484458939,True
España,Valmojado,San Lorenzo de El Escorial,43.32832342243821,0.0013864352535854863,True
España,Valmojado,Fresnedillas de la Oliva,32.098708855048635,0.002328471835780186,True
España,Valmojado,Getafe,32.38601381828121,0.002297785244785789,True
España,Valmojado,Villanueva de Perales,15.86967939916618,0.004928577409418048,True
España,Castillo de Bayuela,Cebolla,19.684388602162223,0.004131692792633662,True
España,Castillo de Bayuela,Mejorada,19.569155809659726,0.004153757755924866,True
España,Castillo de Bayuela,Navalcán,34.81074141312672,0.0020544085251051666,True
España,Castillo de Bayuela,Adrada (La),22.44972373384905,0.003636023985665424,True
España,Castillo de Bayuela,Mombeltrán,33.3211474301657,0.002200680037604084,True
España,Castillo de Bayuela,Navaluenga,34.50353615806621,0.002083756353857769,True
España,Castillo de Bayuela,Cebreros,43.571356356076635,0.0013709651255706357,True
España,Castillo de Bayuela,Cadalso de los Vidrios,30.23056444374966,0.0025382602159777492,True
España,Cebolla,Cuerva,43.968043162465364,0.0013460840282391708,True
España,Cebolla,Polán,38.52302540479826,0.0017308144282622059,True
España,Cebolla,Mejorada,27.510806221070858,0.0028779740561565605,True
España,Cebolla,Navahermosa,35.74962328135198,0.001967254259861255,True
España,Cebolla,Navalucillos (Los),31.957123210860217,0.002343744914314736,True
España,Cebolla,Adrada (La),39.4739180280842,0.001656472864282403,True
España,Cebolla,Cadalso de los Vidrios,40.68401166391256,0.001566465994115838,True
España,Lominchar,Polán,37.56121280259758,0.0018094048877632116,True
España,Lominchar,Yepes,36.0208448009798,0.0019427730748076068,True
España,Lominchar,Aranjuez,31.63733434689335,0.002378611091385228,True
España,Lominchar,Móstoles,27.307819577176314,0.002905083311704527,True
España,Lominchar,Navas del Rey,40.696872989391714,0.0015655361157641487,True
España,Lominchar,Pozuelo de Alarcón,40.58005620376902,0.00157400231068794,True
España,Lominchar,Villanueva de la Cañada,39.83308234842318,0.0016292314912216966,True
España,Lominchar,Torrejón de la Calzada,18.95651296785872,0.004273066870951561,True
España,Lominchar,Ciempozuelos,30.659069787900226,0.0024885265918861248,True
España,Lominchar,Getafe,31.142837204160223,0.0024335503836114157,True
España,Lominchar,Villanueva de Perales,30.77961902703109,0.0024747119343253585,True
España,Consuegra,Lillo,38.82471266913837,0.0017068738327146423,True
España,Consuegra,Guardia (La),37.817516033661136,0.0017881198328940162,True
España,Consuegra,Orgaz,30.989158178073925,0.0024508816883937806,True
España,Consuegra,Villa de Don Fadrique (La),37.66798786379183,0.0018005069805499658,True
España,Lillo,Guardia (La),16.312569080443186,0.004828663629443008,True
España,Lillo,Yepes,33.732286833786894,0.0021592970453441726,True
España,Lillo,Quintanar de la Orden,26.772575616577594,0.0029777987758726576,True
España,Lillo,Noblejas,30.995278431803857,0.0024501891141792895,True
España,Lillo,Aranjuez,42.89269999997319,0.0014146026212250118,True
España,Lillo,Villa de Don Fadrique (La),13.712019523467937,0.005445816033685295,True
España,Lillo,Santa Cruz de la Zarza,30.88209831340192,0.0024630284386240203,True
España,Cuerva,Polán,14.38310273104909,0.005279358613802135,True
España,Cuerva,Orgaz,28.858032618281914,0.0027043579830853784,True
España,Cuerva,Navahermosa,22.36002916562055,0.003651124854833193,True
España,Cuerva,Navalucillos (Los),36.9058711315057,0.0018649882290425693,True
España,Guardia (La),Yepes,17.967657662432753,0.004472934274728584,True
España,Guardia (La),Quintanar de la Orden,43.01567544704159,0.0014065935895981713,True
España,Guardia (La),Orgaz,37.309184541900265,0.0018305820322560618,True
España,Guardia (La),Noblejas,21.892904708033942,0.0037307913942691076,True
España,Guardia (La),Aranjuez,29.449921389455838,0.002631435730135136,True
España,Guardia (La),Villa de Don Fadrique (La),28.95642066541242,0.0026920975886873064,True
España,Guardia (La),Santa Cruz de la Zarza,33.2143084926072,0.002211563160841974,True
España,Guardia (La),Chinchón,39.77752555317697,0.0016334158059720509,True
España,Guardia (La),Ciempozuelos,43.270997089052955,0.001390109690851516,True
España,Polán,Orgaz,29.63577256901859,0.00260894704730976,True
España,Polán,Navahermosa,30.91712106730242,0.00245904822479111,True
España,Polán,Navalucillos (Los),42.786317449866786,0.0014215677711018715,True
España,Yepes,Orgaz,35.63890816678258,0.0019773361924618413,True
España,Yepes,Noblejas,17.800639121287258,0.004507605818305078,True
España,Yepes,Aranjuez,14.485991675340301,0.005254293107183028,True
España,Yepes,Santa Cruz de la Zarza,38.3133823853684,0.0017476482821163028,True
España,Yepes,Chinchón,31.732878593616043,0.0023681399855886385,True
España,Yepes,Torrejón de la Calzada,36.48500068053314,0.0019015821228009675,True
España,Yepes,Ciempozuelos,28.547759451097704,0.0027433893103620444,True
España,Lagartera,Mejorada,29.57350898594318,0.0026164596559876815,True
España,Lagartera,Navalcán,20.446140244759274,0.003988757940107412,True
España,Lagartera,Mombeltrán,42.33675198201412,0.001451382590726592,True
España,Lagartera,Madrigal de la Vera,30.49895617482571,0.002506994670867392,True
España,Lagartera,Casatejada,41.19602448246076,0.001529870484470128,True
España,Lagartera,Castañar de Ibor,35.99475326419185,0.0019451148566958167,True
España,Lagartera,Navalmoral de la Mata,30.726044014428293,0.002480842000756549,True
España,Lagartera,Rosalejo,24.050603062009678,0.003376787556342702,True
España,Mejorada,Navalcán,19.101159917685436,0.004244591344661987,True
España,Mejorada,Navalucillos (Los),43.3901448841931,0.0013824835722261082,True
España,Mejorada,Adrada (La),38.40992036352843,0.001739876258599552,True
España,Mejorada,Mombeltrán,30.085621748196026,0.0025553069306071172,True
España,Mejorada,Madrigal de la Vera,44.20707683518137,0.00133130974366535,True
España,Quintanar de la Orden,Villa de Don Fadrique (La),15.310323828179989,0.005057734902453096,True
España,Navahermosa,Navalucillos (Los),15.156735872143031,0.005093789537261499,True
España,Navalcán,Mombeltrán,22.06454807113269,0.0037013177051270453,True
España,Navalcán,Madrigal de la Vera,25.105945869824403,0.0032161029674427416,True
España,Navalcán,Navalmoral de la Mata,44.753195370303665,0.0012981603271414591,True
España,Navalcán,Rosalejo,32.24908603118169,0.002312359471051864,True
España,Noblejas,Aranjuez,15.079699080465307,0.005111970857053172,True
España,Noblejas,Villa de Don Fadrique (La),44.514066539072765,0.0013125726989116474,True
España,Noblejas,Santa Cruz de la Zarza,21.67910069518917,0.0037678339023403617,True
España,Noblejas,Campo Real,40.09651150231181,0.0016095365057585043,True
España,Noblejas,Chinchón,17.88986081293597,0.004489050797973503,True
España,Noblejas,Tielmes,31.248586178626056,0.002421695744568938,True
España,Noblejas,Torrejón de la Calzada,39.23130553304011,0.0016751314814307844,True
España,Noblejas,Ciempozuelos,25.050448712364418,0.003224358780380356,True
España,Noblejas,Fuentidueña de Tajo,28.342117823151785,0.0027695686629726456,True
España,Noblejas,Getafe,43.857565449197764,0.0013529677408656916,True
España,Aranjuez,Santa Cruz de la Zarza,36.01937784362299,0.001942904663102897,True
España,Aranjuez,Móstoles,39.267044307478535,0.0016723697731167242,True
España,Aranjuez,Campo Real,38.92076242567716,0.0016993214643022574,True
España,Aranjuez,Chinchón,19.980118425559336,0.004075602235503898,True
España,Aranjuez,Tielmes,34.073741592699875,0.002125520682220382,True
España,Aranjuez,Torrejón de la Calzada,25.135290760087127,0.003211746154547712,True
España,Aranjuez,Ciempozuelos,14.207823142600374,0.005322336372198688,True
España,Aranjuez,Mejorada del Campo,41.74409815607566,0.0014916442633223187,True
España,Aranjuez,Fuentidueña de Tajo,38.95104891581769,0.0016969469825664574,True
España,Aranjuez,Getafe,32.27425686298123,0.0023096734319631154,True
España,Villa de Don Fadrique (La),Santa Cruz de la Zarza,40.698705403856565,0.001565403676481726,True
España,Santa Cruz de la Zarza,Campo Real,42.8282747309483,0.0014188166309832377,True
España,Santa Cruz de la Zarza,Chinchón,26.25446877873019,0.003049922016478984,True
España,Santa Cruz de la Zarza,Tielmes,31.068735784369373,0.0024418918752729737,True
España,Santa Cruz de la Zarza,Ciempozuelos,41.738826998151566,0.0014920073214613019,True
España,Santa Cruz de la Zarza,Fuentidueña de Tajo,15.165081749705482,0.005091823740577703,True
España,Adrada (La),Mombeltrán,32.77720068731872,0.002256652887948806,True
España,Adrada (La),Ávila,40.08861864841566,0.0016101231319534475,True
España,Adrada (La),Navaluenga,13.860100088380268,0.0054086385022914015,True
España,Adrada (La),Cebreros,22.528580037305225,0.0036227995459140634,True
España,Adrada (La),Navas del Marqués (Las),42.693313227618575,0.0014276850868925497,True
España,Adrada (La),Navas del Rey,33.92657699734405,0.002140012740265441,True
España,Adrada (La),Cadalso de los Vidrios,16.208829068184972,0.004851883106170605,True
España,Adrada (La),Fresnedillas de la Oliva,44.377936950736185,0.0013208485903809482,True
España,Mombeltrán,Barco de Ávila (El),44.225397361937866,0.0013301840913790995,True
España,Mombeltrán,Navaluenga,31.190664579171383,0.0024281816759843997,True
España,Mombeltrán,Madrigal de la Vera,32.31634715946906,0.0023051888518708864,True
España,Mombeltrán,Piedrahíta,34.69358362375083,0.002065551697403832,True
España,Arévalo,Madrigal de las Altas Torres,23.391749818789474,0.003481156904548156,True
España,Arévalo,Fresno el Viejo,38.3925078765235,0.001741275533274847,True
España,Arévalo,Peñaranda de Bracamonte,44.159601323277805,0.0013342311727856664,True
España,Arévalo,Carbonero el Mayor,38.671009791973596,0.0017190293539547916,True
España,Arévalo,Nava de la Asunción,22.127470936866082,0.0036905714768863296,True
España,Arévalo,Villacastín,40.86806698653405,0.0015532111689758679,True
España,Arévalo,Pedrajas de San Esteban,32.77828017967942,0.002256540407616319,True
España,Arévalo,Rueda,43.5834704003819,0.001370198543351724,True
España,Ávila,Navaluenga,27.300996950093754,0.0029059989155036632,True
España,Ávila,Cebreros,29.957925298398152,0.0025704202585142793,True
España,Ávila,Navas del Marqués (Las),32.11138035455051,0.002327109806360867,True
España,Ávila,Espinar (El),38.78902505326668,0.0017096884864916918,True
España,Ávila,Villacastín,27.77942268353008,0.002842488868073561,True
España,Barco de Ávila (El),Madrigal de la Vera,26.665781461236396,0.0029925239809025,True
España,Barco de Ávila (El),Piedrahíta,20.32615716287004,0.004010938147281297,True
España,Barco de Ávila (El),Béjar,20.75521752011414,0.003932186239881459,True
España,Barco de Ávila (El),Guijuelo,25.421163851391004,0.0031696109397242093,True
España,Barco de Ávila (El),Aldeanueva de la Vera,29.682808334563084,0.0026032861219185193,True
España,Barco de Ávila (El),Cabezuela del Valle,30.08705816405634,0.0025551374326655803,True
España,Barco de Ávila (El),Rosalejo,40.63268061963071,0.0015701827504229367,True
España,Navaluenga,Cebreros,21.141317279598486,0.003862645322255432,True
España,Navaluenga,Navas del Marqués (Las),38.68100410355734,0.0017182363333548317,True
España,Navaluenga,Navas del Rey,38.809718918961345,0.0017080558128811812,True
España,Navaluenga,Cadalso de los Vidrios,25.49271101633474,0.0031591524303869576,True
España,Madrigal de la Vera,Piedrahíta,35.21205685727473,0.002016692307981473,True
España,Madrigal de la Vera,Béjar,42.64896308291158,0.0014306114593809433,True
España,Madrigal de la Vera,Aldeanueva de la Vera,28.367043125372902,0.0027663822540190917,True
España,Madrigal de la Vera,Casatejada,39.45668904520854,0.0016577910118313784,True
España,Madrigal de la Vera,Cabezuela del Valle,37.57141705109013,0.0018085526377019355,True
España,Madrigal de la Vera,Navalmoral de la Mata,33.25815602829903,0.00220709014055373,True
España,Madrigal de la Vera,Rosalejo,18.64314697949932,0.004335415552581066,True
España,Cebreros,Navas del Marqués (Las),20.197416199810593,0.004034874878796895,True
España,Cebreros,Espinar (El),34.48934429125676,0.0020851222179626497,True
España,Cebreros,Villacastín,36.37437358365608,0.001911319586906486,True
España,Cebreros,Navas del Rey,19.724773124548786,0.004123987739100233,True
España,Cebreros,Villanueva de la Cañada,38.879509248182536,0.0017025610882650697,True
España,Cebreros,Cadalso de los Vidrios,17.23034082278683,0.004628038957773107,True
España,Cebreros,Galapagar,41.28538349872824,0.0015235718346987932,True
España,Cebreros,San Lorenzo de El Escorial,30.696321562033358,0.0024842494046622117,True
España,Cebreros,Fresnedillas de la Oliva,25.003507929251807,0.0032313583096842124,True
España,Cebreros,Villanueva de Perales,33.0553464794571,0.002227855556948549,True
España,Madrigal de las Altas Torres,Fresno el Viejo,17.05405787469793,0.004665914655972072,True
España,Madrigal de las Altas Torres,Cantalpino,27.912115310630192,0.00282512171913212,True
España,Madrigal de las Altas Torres,Peñaranda de Bracamonte,26.81307368176337,0.0029722337382193627,True
España,Madrigal de las Altas Torres,Nava de la Asunción,43.493897488428765,0.0013758769020167992,True
España,Madrigal de las Altas Torres,Alaejos,30.34094831023693,0.0025253543730380345,True
España,Madrigal de las Altas Torres,Pedrajas de San Esteban,44.70358436817723,0.0013011373377748241,True
España,Madrigal de las Altas Torres,Serrada,42.704462149445106,0.0014269503850286409,True
España,Madrigal de las Altas Torres,Rueda,36.27149201807874,0.0019204200449276522,True
España,Madrigal de las Altas Torres,Fuentesaúco,44.49541353625111,0.0013137036221863177,True
España,Navas del Marqués (Las),Espinar (El),14.371075908028732,0.005282296375625019,True
España,Navas del Marqués (Las),San Cristóbal de Segovia,44.19805898902319,0.0013318641689944663,True
España,Navas del Marqués (Las),Villacastín,20.990017696891694,0.003889747974021528,True
España,Navas del Marqués (Las),Navas del Rey,25.087226843087176,0.003218885259202665,True
España,Navas del Marqués (Las),Collado Mediano,27.498342187442425,0.002879631326972737,True
España,Navas del Marqués (Las),Manzanares el Real,41.28469110034711,0.0015236205399797214,True
España,Navas del Marqués (Las),Villanueva de la Cañada,32.22232325618354,0.0023152188195734477,True
España,Navas del Marqués (Las),Cadalso de los Vidrios,35.042781617426556,0.0020325158201083067,True
España,Navas del Marqués (Las),Galapagar,27.404730517821584,0.0028921089150923405,True
España,Navas del Marqués (Las),San Lorenzo de El Escorial,15.016608474650296,0.005126909251620765,True
España,Navas del Marqués (Las),Fresnedillas de la Oliva,18.39118846315717,0.004386207344311974,True
España,Navas del Marqués (Las),Villanueva de Perales,34.26637335680762,0.0021066995338481663,True
España,Piedrahíta,Alba de Tormes,43.17838070991884,0.001396066687295001,True
España,Piedrahíta,Béjar,38.11204150319047,0.001763969626963644,True
España,Piedrahíta,Guijuelo,30.936502838829448,0.0024568483222379496,True
España,Burgos,Belorado,42.808490175755004,0.0014201132410659287,True
España,Burgos,Briviesca,38.67717536850132,0.001718540089501991,True
España,Burgos,Lerma,35.33588883733654,0.002005194857743751,True
España,Burgos,Merindad de Río Ubierna,30.936456932034872,0.0024568535305001466,True
España,Burgos,Villadiego,32.047254623862784,0.0023340107319849666,True
España,Aranda de Duero,Huerta de Rey,33.66252321994401,0.002166263794903169,True
España,Aranda de Duero,Lerma,39.79361705038845,0.0016322027547049575,True
España,Aranda de Duero,Roa,20.24739733575077,0.0040255649557485035,True
España,Aranda de Duero,Mozoncillo,33.014219281350876,0.002232090304965754,True
España,Aranda de Duero,Sepúlveda,41.941119549744315,0.0014781373088251838,True
España,Aranda de Duero,Peñafiel,36.874131277941686,0.0018677232187650804,True
España,Belorado,Briviesca,18.125701048022705,0.004440372203199101,True
España,Belorado,Merindad de Río Ubierna,43.57482871200548,0.0013707453494946197,True
España,Belorado,Ribera Baja/Erribera Beitia,39.36465300047122,0.0016648502544640942,True
España,Belorado,Salas de los Infantes,44.87126555677198,0.0012911026321685256,True
España,Belorado,Nájera,37.392186722925125,0.00182358038059173,True
España,Belorado,Haro,33.121473223448824,0.0022210635289192375,True
España,Belorado,Santo Domingo de la Calzada,19.61520767240163,0.004144925532265071,True
España,Briviesca,Merindad de Río Ubierna,27.741552490927806,0.0028474649976901983,True
España,Briviesca,Ribera Baja/Erribera Beitia,37.7206248172779,0.001796136694238799,True
España,Briviesca,Trespaderne,28.52604937945903,0.0027461413863020963,True
España,Briviesca,Haro,39.18554136380892,0.001678674561046309,True
España,Briviesca,Santo Domingo de la Calzada,32.69724784527588,0.0022649993864086735,True
España,Briviesca,Valdegovía/Gaubea,37.99764938809984,0.0017733104457260938,True
España,Iruña Oka/Iruña de Oca,Ribera Baja/Erribera Beitia,14.899435705800595,0.005154769366182456,True
España,Iruña Oka/Iruña de Oca,Artziniega,42.60350980857764,0.0014336168420047571,True
España,Iruña Oka/Iruña de Oca,Haro,27.088252307723195,0.0029346949461899223,True
España,Iruña Oka/Iruña de Oca,Elciego,37.195075609866805,0.0018402516113575373,True
España,Iruña Oka/Iruña de Oca,Santo Domingo de la Calzada,43.58161593593651,0.0013703158669232625,True
España,Iruña Oka/Iruña de Oca,Salvatierra/Agurain,34.3099702064768,0.0021024630848919586,True
España,Iruña Oka/Iruña de Oca,Laudio/Llodio,38.1922180157988,0.0017574520711615804,True
España,Iruña Oka/Iruña de Oca,Aretxabaleta,34.52819050612335,0.002081385680102253,True
España,Iruña Oka/Iruña de Oca,Campezo/Kanpezu,38.440599321346404,0.001737413620546969,True
España,Iruña Oka/Iruña de Oca,Legutiano,22.180396554858092,0.0036815568355622105,True
España,Iruña Oka/Iruña de Oca,Urkabustaiz,19.37729156828653,0.004190758670919509,True
España,Iruña Oka/Iruña de Oca,Valdegovía/Gaubea,24.073522451196645,0.003373213863323126,True
España,Iruña Oka/Iruña de Oca,Abadiño,40.141573808371156,0.0016061913988298605,True
España,Iruña Oka/Iruña de Oca,Areatza,33.72829690375979,0.0021596948834607874,True
España,Espinosa de los Monteros,Villarcayo de Merindad de Castilla la Vieja,15.499800534877066,0.005013608003531322,True
España,Espinosa de los Monteros,Trespaderne,33.260811573433415,0.002206819531279914,True
España,Espinosa de los Monteros,Artziniega,34.799370124884064,0.0020554874360340465,True
España,Espinosa de los Monteros,Valdegovía/Gaubea,44.6199074285885,0.0013061740127522836,True
España,Espinosa de los Monteros,Zalla,37.114911171923595,0.0018470752762295493,True
España,Huerta de Rey,Lerma,39.497964579614276,0.0016546348732545291,True
España,Huerta de Rey,Duruelo de la Sierra,36.78651539468953,0.0018752938290302707,True
España,Huerta de Rey,Salas de los Infantes,21.04109537349122,0.003880577061719335,True
España,Huerta de Rey,Burgo de Osma-Ciudad de Osma,36.5609814921809,0.0018949230085870815,True
España,Huerta de Rey,San Leonardo de Yagüe,23.45370275158947,0.003471206748830717,True
España,Lerma,Roa,39.230630673666894,0.001675183674936446,True
España,Lerma,Salas de los Infantes,38.78447398051722,0.0017100477595300666,True
España,Villarcayo de Merindad de Castilla la Vieja,Merindad de Río Ubierna,36.31289249328496,0.0019167527376325298,True
España,Villarcayo de Merindad de Castilla la Vieja,Trespaderne,21.187042283925376,0.003854491802206356,True
España,Villarcayo de Merindad de Castilla la Vieja,Artziniega,41.535003592040255,0.001506113897249659,True
España,Villarcayo de Merindad de Castilla la Vieja,Valdegovía/Gaubea,39.76192960648184,0.0016345923606629316,True
España,Melgar de Fernamental,Villadiego,22.925023787769085,0.003557041462932678,True
España,Melgar de Fernamental,Aguilar de Campoo,43.266136516007776,0.0013904216855621127,True
España,Melgar de Fernamental,Alar del Rey,29.03561769839668,0.0026822690787744116,True
España,Melgar de Fernamental,Astudillo,23.83428341478773,0.003410704502586983,True
España,Melgar de Fernamental,Torquemada,41.55348821520934,0.0015048291009736934,True
España,Melgar de Fernamental,Carrión de los Condes,30.213278825183046,0.002540287184073093,True
España,Melgar de Fernamental,Saldaña,42.437629108962966,0.001444638564932149,True
España,Merindad de Río Ubierna,Trespaderne,29.504637384592442,0.0026247948075492945,True
España,Merindad de Río Ubierna,Villadiego,31.55245935807137,0.002387951770761336,True
España,Ribera Baja/Erribera Beitia,Trespaderne,39.86468600491297,0.0016268560154495465,True
España,Ribera Baja/Erribera Beitia,Nájera,36.270352456168894,0.0019205210879893594,True
España,Ribera Baja/Erribera Beitia,Haro,16.179993713483785,0.0048583570140779886,True
España,Ribera Baja/Erribera Beitia,Elciego,32.962339478628884,0.0022374437096817214,True
España,Ribera Baja/Erribera Beitia,Santo Domingo de la Calzada,30.227086152619314,0.0025386679615869543,True
España,Ribera Baja/Erribera Beitia,Legutiano,37.079804084970846,0.001850071584816009,True
España,Ribera Baja/Erribera Beitia,Urkabustaiz,28.831070692162523,0.002707727528946894,True
España,Ribera Baja/Erribera Beitia,Valdegovía/Gaubea,21.271955273671967,0.003839396157283791,True
España,Trespaderne,Artziniega,41.561286224931,0.001504287419491642,True
España,Trespaderne,Urkabustaiz,42.64955243656718,0.00143057253254996,True
España,Trespaderne,Valdegovía/Gaubea,24.3632855376072,0.00332835816619809,True
España,Duruelo de la Sierra,Salas de los Infantes,30.274445492922514,0.002533121850411948,True
España,Duruelo de la Sierra,Burgo de Osma-Ciudad de Osma,42.26663983761275,0.0014560883890349279,True
España,Duruelo de la Sierra,Golmayo,39.78729810814698,0.0016326789982538939,True
España,Duruelo de la Sierra,San Leonardo de Yagüe,17.81908064929229,0.004503764323774159,True
España,Duruelo de la Sierra,Vinuesa,14.778201772501179,0.005183755016941762,True
España,Roa,Peñafiel,19.476645197493035,0.004171557306737057,True
España,Salas de los Infantes,San Leonardo de Yagüe,28.244383369591883,0.0027820983705891087,True
España,Villadiego,Aguilar de Campoo,36.94660688498562,0.0018614839416816178,True
España,Villadiego,Alar del Rey,29.445606410563634,0.0026319601575324233,True
España,Villadiego,Astudillo,42.89018581894328,0.0014147668371266738,True
España,Artziniega,Laudio/Llodio,13.611723335099871,0.00547114226549306,True
España,Artziniega,Legutiano,42.59045111048239,0.0014344814531451326,True
España,Artziniega,Urkabustaiz,23.650421787559882,0.003439800552940619,True
España,Artziniega,Valdegovía/Gaubea,30.354108673444234,0.0025238200813446584,True
España,Artziniega,Abadiño,42.139657737958025,0.0014646500573002215,True
España,Artziniega,Santurtzi,24.255858184532993,0.003344917921830998,True
España,Artziniega,Sondika,25.80533278535655,0.0031138585055705227,True
España,Artziniega,Galdakao,25.874285363625383,0.003103956261352757,True
España,Artziniega,Areatza,29.253981553478543,0.002655355387065031,True
España,Artziniega,Mungia,34.448149014477416,0.002089092040596106,True
España,Artziniega,Zalla,10.22464168507265,0.006399542128725537,True
España,Artziniega,Plentzia,34.53772947609398,0.0020804691711776586,True
España,Artziniega,Gernika-Lumo,42.36310229444131,0.001449617939568399,True
España,San Justo de la Vega,Bañeza (La),19.733422968312645,0.004122339290188766,True
España,San Justo de la Vega,Folgoso de la Ribera,32.644730658765496,0.002270498605817247,True
España,San Justo de la Vega,Santa Marina del Rey,14.425710963925354,0.005268963995356679,True
España,San Justo de la Vega,Santovenia de la Valdoncina,33.701258699364764,0.002162392811123258,True
España,San Justo de la Vega,Villamañán,38.459710364701124,0.0017358813158977336,True
España,San Justo de la Vega,León,39.75679977991882,0.0016349795388072132,True
España,San Justo de la Vega,Santibáñez de Vidriales,42.33414402099074,0.0014515573597267248,True
España,Bañeza (La),Santa Marina del Rey,24.28671208592052,0.0033401534104494962,True
España,Bañeza (La),Santovenia de la Valdoncina,35.70467563285953,0.001971341063557712,True
España,Bañeza (La),Villamañán,26.4236278296579,0.0030261838330411677,True
España,Bañeza (La),León,43.17399655482217,0.0013963493036094168,True
España,Bañeza (La),Benavente,37.75405252674708,0.0017933668033621032,True
España,Bañeza (La),Santibáñez de Vidriales,26.606039111261442,0.003000793283131013,True
España,Folgoso de la Ribera,Santa Marina del Rey,40.41156787478216,0.0015862940523396394,True
España,Folgoso de la Ribera,Cubillos del Sil,20.110485139754037,0.004051118867302312,True
España,Folgoso de la Ribera,Villadecanes,36.706773681447075,0.00188221073683298,True
España,Folgoso de la Ribera,Vega de Espinareda,28.929777707068112,0.0026954121325786914,True
España,Santa Marina del Rey,Santovenia de la Valdoncina,19.6608524172238,0.004136189969390178,True
España,Santa Marina del Rey,Robla (La),37.11528147082766,0.0018470436979594494,True
España,Santa Marina del Rey,Villamañán,31.132057971258973,0.002434762011443181,True
España,Santa Marina del Rey,León,25.364256834730018,0.0031779541632641836,True
España,Santa Marina del Rey,Villasabariego,36.4933327726234,0.0019008507398198247,True
España,Santa Marina del Rey,Vegas del Condado,44.48874405001742,0.0013141082264889917,True
España,Sabero,Robla (La),39.22172005687268,0.0016758729729979649,True
España,Sabero,Valdepolo,29.568249493252466,0.0026170952478239526,True
España,Sabero,León,43.3100839036251,0.0013876032949527942,True
España,Sabero,Villasabariego,39.95991417367189,0.0016197191500935278,True
España,Sabero,Velilla del Río Carrión,24.828748355796417,0.0032575515103354905,True
España,Sabero,Vegas del Condado,24.459570585248127,0.0033135857915403653,True
España,Sabero,Villamanín,42.69381647083173,0.0014276519155624744,True
España,Cubillos del Sil,Villadecanes,16.750976704515587,0.004731762149342981,True
España,Cubillos del Sil,Vega de Espinareda,13.592080418894295,0.0054761162106976985,True
España,Cubillos del Sil,Carballeda de Valdeorras,37.66258008905463,0.0018009565737096148,True
España,Villadecanes,Vega de Espinareda,18.35069256889905,0.004394426307430958,True
España,Villadecanes,Carballeda de Valdeorras,24.492618567606492,0.003308530616419382,True
España,Villadecanes,Nogais (As),38.31416794779802,0.001747584898594916,True
España,Villadecanes,Rúa (A),36.20984906382541,0.0019258934677138949,True
España,Santovenia de la Valdoncina,Robla (La),28.731958026198352,0.002720150228017407,True
España,Santovenia de la Valdoncina,Valdepolo,32.62037424929069,0.0022730535664030427,True
España,Santovenia de la Valdoncina,Villamañán,24.84903880212671,0.0032544994691092685,True
España,Santovenia de la Valdoncina,León,7.516805996885083,0.007254408910875221,True
España,Santovenia de la Valdoncina,Villasabariego,17.07155935529571,0.004662140473097723,True
España,Santovenia de la Valdoncina,Vegas del Condado,26.10047303376989,0.003071694472596454,True
España,Santovenia de la Valdoncina,Villamanín,44.024830369270084,0.0013425593289938518,True
España,Robla (La),Valdepolo,41.37521260106832,0.0015172661822789545,True
España,Robla (La),León,22.91146122471733,0.003559271199268148,True
España,Robla (La),Villasabariego,34.600675651540016,0.0020744313876819593,True
España,Robla (La),Vegas del Condado,25.093596763278633,0.0032179381992262154,True
España,Robla (La),Villamanín,15.366389837797266,0.005044637348013288,True
España,Vega de Espinareda,Carballeda de Valdeorras,42.82080833641142,0.0014193058131008699,True
España,Vega de Espinareda,Nogais (As),38.22052325604276,0.0017551568927369377,True
España,Valdepolo,Villamañán,40.68113859328033,0.001566673793583713,True
España,Valdepolo,León,28.41628281527437,0.002760098319371727,True
España,Valdepolo,Villasabariego,16.097627534193183,0.004876897049747646,True
España,Valdepolo,Villada,41.98019562070166,0.0014754729844524783,True
España,Valdepolo,Velilla del Río Carrión,41.66966276700016,0.0014967792943239124,True
España,Valdepolo,Vegas del Condado,16.608197444844546,0.004763104611025212,True
España,Valdepolo,Saldaña,40.58091218170589,0.0015739401082381153,True
España,Villamañán,León,30.944185766460027,0.0024559768269702895,True
España,Villamañán,Villasabariego,27.312607484592466,0.002904440941967943,True
España,Villamañán,Valderas,29.476377754637017,0.002628222602765737,True
España,Villamañán,Vegas del Condado,43.99570471399029,0.00134436596215707,True
España,Villamañán,Mayorga,31.326167359942563,0.0024130355386749055,True
España,Villamañán,Benavente,36.23495068484851,0.0019236627547168262,True
España,León,Villasabariego,14.878920948394114,0.005159662754090258,True
España,León,Vegas del Condado,19.20826621323301,0.004223628832182711,True
España,León,Villamanín,38.25875399312516,0.001752061646982915,True
España,Villasabariego,Vegas del Condado,17.170474929721696,0.0046408668817031155,True
España,Villasabariego,Mayorga,42.70166071163455,0.0014271349611828822,True
España,Carballeda de Valdeorras,Puebla de Sanabria,41.340918025872995,0.001519670442521485,True
España,Carballeda de Valdeorras,Ribas de Sil,35.063291411596076,0.002030592011029605,True
España,Carballeda de Valdeorras,Gudiña (A),41.185601121878385,0.0015306068894705494,True
España,Carballeda de Valdeorras,Pobra de Trives (A),30.99197053774904,0.002450563414545201,True
España,Carballeda de Valdeorras,Rúa (A),19.777042963442298,0.004114036445017539,True
España,Carballeda de Valdeorras,Viana do Bolo,29.269373287676956,0.002653468564278204,True
España,Villada,Valderas,43.692500547901915,0.001363318318702963,True
España,Villada,Carrión de los Condes,31.59453757039747,0.002383316390740652,True
España,Villada,Palencia,44.65116325230533,0.0013042903891273498,True
España,Villada,Paredes de Nava,24.950830841122063,0.003239231330396496,True
España,Villada,Saldaña,35.63830882661576,0.0019773909099720347,True
España,Villada,Mayorga,26.351664067367782,0.0030362598459677064,True
España,Villada,Villalón de Campos,17.7341212906546,0.00452148925414696,True
España,Valderas,Mayorga,17.59352235585974,0.004550976002986104,True
España,Valderas,Villabrágima,39.26839403363309,0.0016722655625111362,True
España,Valderas,Villalón de Campos,33.81803989628561,0.0021507642640026738,True
España,Valderas,Benavente,20.823760142201674,0.003919749961043006,True
España,Valderas,Villalpando,23.825378552199506,0.003412107995224935,True
España,Velilla del Río Carrión,Cervera de Pisuerga,28.63862174849482,0.0027319010912908582,True
España,Velilla del Río Carrión,Saldaña,34.98250725496291,0.002038180088153859,True
España,Vegas del Condado,Villamanín,36.81563370995009,0.0018727744083173287,True
España,Aguilar de Campoo,Alar del Rey,15.330876870741157,0.0050529295591488325,True
España,Aguilar de Campoo,Cervera de Pisuerga,21.11969488374898,0.0038665069692848074,True
España,Alar del Rey,Carrión de los Condes,42.878420477662424,0.0014155355538117587,True
España,Alar del Rey,Cervera de Pisuerga,27.529096271509907,0.002875543862507127,True
España,Alar del Rey,Saldaña,37.962093381168245,0.0017762238783176037,True
España,Astudillo,Torquemada,17.73599845006382,0.004521096870682774,True
España,Astudillo,Carrión de los Condes,30.06670766329789,0.002557539854339346,True
España,Astudillo,Venta de Baños,34.355444498214034,0.0020980532815972498,True
España,Astudillo,Palencia,27.9468142230777,0.002820597790157821,True
España,Astudillo,Paredes de Nava,33.22620043342309,0.0022103491320315813,True
España,Torquemada,Carrión de los Condes,41.11493536247937,0.0015356087433928069,True
España,Torquemada,Venta de Baños,19.110325293391718,0.004242793451506022,True
España,Torquemada,Palencia,17.640191127126524,0.004541167193348734,True
España,Torquemada,Paredes de Nava,33.6334727324013,0.002169171470431233,True
España,Carrión de los Condes,Palencia,36.767102533034645,0.0018769753826194647,True
España,Carrión de los Condes,Paredes de Nava,22.03956123502055,0.0037055937550097362,True
España,Carrión de los Condes,Saldaña,23.175600859551707,0.003516096563648417,True
España,Carrión de los Condes,Villalón de Campos,44.465734742383965,0.0013155050420999503,True
España,Cervera de Pisuerga,Saldaña,42.83007483244693,0.0014186987174209672,True
España,Venta de Baños,Palencia,10.60055649051156,0.006289149305832409,True
España,Venta de Baños,Paredes de Nava,30.622598201670513,0.002492721341157175,True
España,Venta de Baños,Zaratán,37.620162527045075,0.0018044869944129761,True
España,Venta de Baños,Laguna de Duero,42.052678577155326,0.0014705435839266455,True
España,Venta de Baños,Santovenia de Pisuerga,29.718626214096574,0.00259898355934027,True
España,Venta de Baños,Traspinedo,38.431512505290144,0.0017381426669717376,True
España,Palencia,Paredes de Nava,20.626358759429614,0.003955673372160837,True
España,Palencia,Zaratán,44.342309924928905,0.001323023104570887,True
España,Palencia,Santovenia de Pisuerga,37.45874645933703,0.0018179850899016077,True
España,Palencia,Villalón de Campos,42.62009343562927,0.0014325195975647127,True
España,Paredes de Nava,Saldaña,41.20475259377612,0.0015292541204588294,True
España,Paredes de Nava,Villalón de Campos,28.639620424118984,0.0027317750912590234,True
España,Alba de Tormes,Carbajosa de la Sagrada,16.57078647017836,0.004771351328841684,True
España,Alba de Tormes,Villares de la Reina,23.052968506561495,0.003536075636440838,True
España,Alba de Tormes,Cantalpino,29.873316933571093,0.002580483216676771,True
España,Alba de Tormes,Guijuelo,32.78405978643815,0.0022559382828648764,True
España,Alba de Tormes,Peñaranda de Bracamonte,27.762044024512505,0.0028447713354476005,True
España,Alba de Tormes,Fuentesaúco,45.03390744025738,0.0012814433965487827,True
España,Alberca (La),Béjar,31.48083959806805,0.0023958622395064792,True
España,Alberca (La),Ciudad Rodrigo,36.79427009497445,0.0018746225335950443,True
España,Alberca (La),Fuente de San Esteban (La),36.9176161253656,0.001863977191139867,True
España,Alberca (La),Guijuelo,37.707504468379746,0.0017972250431889081,True
España,Alberca (La),Zarza de Granadilla,28.475421864632914,0.0027525699252036896,True
España,Alberca (La),Cabezuela del Valle,41.66892642166512,0.0014968301803334368,True
España,Alberca (La),Caminomorisco,23.862560536322313,0.0034062515877911204,True
España,Aldeadávila de la Ribera,Lumbrales,32.48431158120508,0.0022873794176026486,True
España,Aldeadávila de la Ribera,Vitigudino,27.814300026551166,0.0028379137015614605,True
España,Aldeadávila de la Ribera,Fermoselle,21.66473967624044,0.0037703351848074945,True
España,Carbajosa de la Sagrada,Villares de la Reina,8.18188502698836,0.007034361151777724,True
España,Carbajosa de la Sagrada,Cantalpino,30.212656856880063,0.002540360148303171,True
España,Carbajosa de la Sagrada,Guijuelo,42.056249185994105,0.0014703011809167354,True
España,Carbajosa de la Sagrada,Ledesma,34.09499386401388,0.0021234359918907383,True
España,Carbajosa de la Sagrada,Peñaranda de Bracamonte,37.81092029620912,0.0017886644327293516,True
España,Carbajosa de la Sagrada,Fuentesaúco,35.411203617604365,0.0019982341897509196,True
España,Béjar,Guijuelo,20.61750001882635,0.003957293214853323,True
España,Béjar,Zarza de Granadilla,28.852836610244402,0.0027050070234103138,True
España,Béjar,Aldeanueva de la Vera,29.00277844429036,0.002686340128054433,True
España,Béjar,Cabezuela del Valle,21.295854556503865,0.0038351580918674333,True
España,Villares de la Reina,Cantalpino,27.285712803766344,0.002908051113219398,True
España,Villares de la Reina,Ledesma,30.948227789779807,0.002455518453566044,True
España,Villares de la Reina,Peñaranda de Bracamonte,39.04854099568575,0.0016893260448430352,True
España,Villares de la Reina,Corrales,39.53962914891331,0.001651455081132892,True
España,Villares de la Reina,Fuentesaúco,27.818710469081676,0.0028373356706779046,True
España,Fresno el Viejo,Cantalpino,22.045823457175032,0.003704521623040525,True
España,Fresno el Viejo,Peñaranda de Bracamonte,32.790733648180804,0.002255243193845609,True
España,Fresno el Viejo,Alaejos,13.773003344728405,0.005430474297891959,True
España,Fresno el Viejo,Serrada,37.734416053047674,0.0017949934050455068,True
España,Fresno el Viejo,Rueda,28.952540982698935,0.0026925799905060115,True
España,Fresno el Viejo,Fuentesaúco,29.601971219061262,0.0026130227719220866,True
España,Fresno el Viejo,Toro,42.245352334404735,0.0014575201834837888,True
España,Cantalpino,Peñaranda de Bracamonte,19.609445904415388,0.004146029542500401,True
España,Cantalpino,Alaejos,29.776612328584086,0.0025920331621256992,True
España,Cantalpino,Fuentesaúco,24.18140634685681,0.0033564429588566628,True
España,Ciudad Rodrigo,Fuente de San Esteban (La),31.91145770977503,0.002348692281697027,True
España,Ciudad Rodrigo,Fuentes de Oñoro,24.37641657553475,0.0033263396793058396,True
España,Ciudad Rodrigo,Lumbrales,41.05036829405583,0.0015401932073182867,True
España,Ciudad Rodrigo,Caminomorisco,36.22675034326328,0.001924391212411458,True
España,Ciudad Rodrigo,Gata,40.3217002656189,0.0015928893729396363,True
España,Fuente de San Esteban (La),Ledesma,38.85074029483085,0.0017048239774834122,True
España,Fuente de San Esteban (La),Lumbrales,41.43790001463019,0.0015128812347287497,True
España,Fuente de San Esteban (La),Vitigudino,27.573043690392808,0.002869712979961965,True
España,Fuentes de Oñoro,Lumbrales,38.89690078167545,0.0017011945736969945,True
España,Fuentes de Oñoro,Eljas,42.07603934206455,0.0014689583824844168,True
España,Fuentes de Oñoro,Gata,43.408794928188996,0.0013812936572488008,True
España,Guijuelo,Cabezuela del Valle,41.65137878698585,0.0014980433421025625,True
España,Ledesma,Vitigudino,37.9777652236385,0.0017749391496999604,True
España,Ledesma,Bermillo de Sayago,32.03668330307157,0.002335150335479548,True
España,Ledesma,Corrales,37.18201053007791,0.0018413619996026382,True
España,Ledesma,Fermoselle,41.84314072027426,0.0014848389699285618,True
España,Ledesma,Fuentesaúco,44.749756973794845,0.0012983664354931784,True
España,Lumbrales,Vitigudino,24.823372356924786,0.00325836063584418,True
España,Peñaranda de Bracamonte,Alaejos,44.859892008416914,0.0012917808184008625,True
España,Peñaranda de Bracamonte,Fuentesaúco,43.77413228481666,0.0013581896553166103,True
España,Vitigudino,Fermoselle,34.61240352574149,0.002073308391693844,True
España,Mozoncillo,Cantalejo,37.89636991032257,0.0017816218199113733,True
España,Mozoncillo,Sepúlveda,22.654851614316318,0.0036017237377595906,True
España,Mozoncillo,Burgo de Osma-Ciudad de Osma,42.75954141233076,0.0014233262634826336,True
España,Cantalejo,Carbonero el Mayor,32.12163352120318,0.0023260083014879016,True
España,Cantalejo,Cuéllar,36.17304422291969,0.001929168893850676,True
España,Cantalejo,San Cristóbal de Segovia,36.222189144338735,0.0019247965150194762,True
España,Cantalejo,Sepúlveda,15.571811308591775,0.004996939018980485,True
España,Cantalejo,Peñafiel,40.58125910654856,0.0015739148985042918,True
España,Cantalejo,Rascafría,39.66589368551744,0.0016418559884218012,True
España,Carbonero el Mayor,Nava de la Asunción,18.81865207226918,0.004300384745973241,True
España,Carbonero el Mayor,Cuéllar,31.409955782749403,0.002403717249349482,True
España,Carbonero el Mayor,Espinar (El),45.044128878098505,0.001280838767155935,True
España,Carbonero el Mayor,San Cristóbal de Segovia,24.75387536091307,0.0032688385638480096,True
España,Carbonero el Mayor,Villacastín,40.05202719385572,0.0016128455390297942,True
España,Carbonero el Mayor,Pedrajas de San Esteban,35.601888140463,0.0019807188266948005,True
España,Carbonero el Mayor,Rascafría,40.58988595130254,0.0015732881477155442,True
España,Nava de la Asunción,Cuéllar,30.90886150206439,0.002459986315013819,True
España,Nava de la Asunción,San Cristóbal de Segovia,41.20626733545803,0.0015291471773269888,True
España,Nava de la Asunción,Villacastín,42.24726468496338,0.0014573915015355862,True
España,Nava de la Asunción,Pedraja de Portillo (La),37.590823940576804,0.0018069328987795966,True
España,Nava de la Asunción,Pedrajas de San Esteban,21.834835425570404,0.0037408159031341367,True
España,Cuéllar,Pedraja de Portillo (La),28.313270097421476,0.0027732610965128745,True
España,Cuéllar,Laguna de Duero,39.27411538111321,0.0016718238967954836,True
España,Cuéllar,Peñafiel,27.015421709921746,0.002944583757849923,True
España,Cuéllar,Pedrajas de San Esteban,23.077166536929454,0.003532124342195815,True
España,Cuéllar,Traspinedo,23.23778774342454,0.0035060084375389865,True
España,Espinar (El),San Cristóbal de Segovia,29.829216251791106,0.002585743990895179,True
España,Espinar (El),Villacastín,15.625840808109343,0.004984468842457001,True
España,Espinar (El),Navas del Rey,36.995546809225665,0.001857282600598028,True
España,Espinar (El),Collado Mediano,19.093118720730782,0.004246169346413951,True
España,Espinar (El),Manzanares el Real,32.25315380183164,0.0023119251779033347,True
España,Espinar (El),Villanueva de la Cañada,36.40513232508746,0.0019086071882632159,True
España,Espinar (El),Galapagar,25.82382879909613,0.003111199201116244,True
España,Espinar (El),San Lorenzo de El Escorial,16.285248557431867,0.004834767776165306,True
España,Espinar (El),Fresnedillas de la Oliva,26.4847942257898,0.003017645949740586,True
España,Espinar (El),Villanueva de Perales,43.03277114186078,0.001405483791421398,True
España,Espinar (El),Rascafría,37.25103395497428,0.0018355033395923278,True
España,San Cristóbal de Segovia,Villacastín,34.27729340479536,0.0021056375958083723,True
España,San Cristóbal de Segovia,Collado Mediano,29.10732484535085,0.0026734010742813135,True
España,San Cristóbal de Segovia,Manzanares el Real,30.732241895161238,0.002480132060859426,True
España,San Cristóbal de Segovia,Lozoyuela-Navas-Sieteiglesias,38.61207749703454,0.0017237129148402622,True
España,San Cristóbal de Segovia,Navalafuente,36.71149356669817,0.0018818006177101685,True
España,San Cristóbal de Segovia,Galapagar,42.16627834759651,0.0014628510240644928,True
España,San Cristóbal de Segovia,San Lorenzo de El Escorial,40.598586689536006,0.0015726562812445107,True
España,San Cristóbal de Segovia,Rascafría,17.39221370367109,0.004593531022521337,True
España,Sepúlveda,Lozoyuela-Navas-Sieteiglesias,42.69633457528058,0.0014274859460113572,True
España,Villacastín,Collado Mediano,34.27586059876787,0.002105776900853583,True
España,Villacastín,Galapagar,41.27749694043088,0.0015241266898735814,True
España,Villacastín,San Lorenzo de El Escorial,30.595141433238073,0.0024958839282177526,True
España,Villacastín,Fresnedillas de la Oliva,38.476609031706424,0.0017345275234048412,True
España,Ágreda,Rincón de Soto,42.582941992040205,0.0014349788648858075,True
España,Ágreda,Castejón,39.622279065719034,0.0016451654072910475,True
España,Ágreda,Quel,42.922188652237864,0.0014126779662331482,True
España,Ágreda,Fitero,22.992958672115044,0.003545893760799823,True
España,Ágreda,Fustiñana,40.32001512059869,0.001593013306087071,True
España,Almazán,Arcos de Jalón,37.23744124990688,0.0018366556026132874,True
España,Almazán,Berlanga de Duero,27.412911093930266,0.0028910163626208935,True
España,Almazán,Golmayo,31.062853671410366,0.002442555241229079,True
España,Berlanga de Duero,Burgo de Osma-Ciudad de Osma,21.848998058950187,0.0037383685192112323,True
España,Berlanga de Duero,Golmayo,43.5668769539364,0.0013712486927216741,True
España,Berlanga de Duero,San Leonardo de Yagüe,43.90185630229719,0.0013502038240840097,True
España,Burgo de Osma-Ciudad de Osma,San Leonardo de Yagüe,26.843570994425896,0.0029680498296400463,True
España,Burgo de Osma-Ciudad de Osma,Vinuesa,43.962486470077046,0.0013464294204446276,True
España,Golmayo,Vinuesa,25.61437090388592,0.0031414479276326503,True
España,San Leonardo de Yagüe,Vinuesa,26.757959615718388,0.002979809794036259,True
España,Alaejos,Serrada,34.18392602036215,0.0021147345773559053,True
España,Alaejos,Rueda,24.751354868161446,0.0032692192073468557,True
España,Alaejos,Villaralbo,43.97320780172279,0.001345763084630561,True
España,Alaejos,Corrales,43.02383836748499,0.0014060635695118586,True
España,Alaejos,Fuentesaúco,24.91087192850196,0.003245216331041182,True
España,Alaejos,Toro,28.51463664328658,0.0027475892295556756,True
España,Pedraja de Portillo (La),Zaratán,23.981501172378078,0.00338758520669545,True
España,Pedraja de Portillo (La),Laguna de Duero,13.91501194448463,0.005394917008771191,True
España,Pedraja de Portillo (La),Santovenia de Pisuerga,25.156575658274203,0.0032085897025186357,True
España,Pedraja de Portillo (La),Pedrajas de San Esteban,15.75885782408309,0.004953900992327293,True
España,Pedraja de Portillo (La),Serrada,18.23311469598363,0.004418377293760158,True
España,Pedraja de Portillo (La),Rueda,26.978543211267063,0.002949603776770136,True
España,Pedraja de Portillo (La),Traspinedo,18.26466047045343,0.004411938499104826,True
España,Zaratán,Laguna de Duero,10.073662635638973,0.006444425210778516,True
España,Zaratán,Santovenia de Pisuerga,8.880047867439558,0.006810578187387255,True
España,Zaratán,Pedrajas de San Esteban,39.60316485644309,0.0016466178694021967,True
España,Zaratán,Serrada,23.326748332792466,0.0034916274089537647,True
España,Zaratán,Villabrágima,32.72801824524806,0.0022617835282745225,True
España,Zaratán,Rueda,30.99926939965189,0.0024497375976794667,True
España,Zaratán,Traspinedo,27.59112927996313,0.00286731684947174,True
España,Laguna de Duero,Santovenia de Pisuerga,12.897009766798424,0.00565507353869651,True
España,Laguna de Duero,Pedrajas de San Esteban,29.591753412750098,0.0026142560765808264,True
España,Laguna de Duero,Serrada,18.023629162143273,0.004461375031101716,True
España,Laguna de Duero,Villabrágima,42.050661099546026,0.0014706805649681326,True
España,Laguna de Duero,Rueda,27.16868646922003,0.002923812381234297,True
España,Laguna de Duero,Traspinedo,20.767014093047504,0.003930043071610806,True
España,Santovenia de Pisuerga,Pedrajas de San Esteban,40.739990231156156,0.0015624227488898901,True
España,Santovenia de Pisuerga,Serrada,30.04535946522122,0.0025600624868590003,True
España,Santovenia de Pisuerga,Villabrágima,37.94205619386866,0.001777867819127539,True
España,Santovenia de Pisuerga,Rueda,38.55527865384916,0.0017282389997639357,True
España,Santovenia de Pisuerga,Traspinedo,22.41329076364906,0.0036421502332207997,True
España,Peñafiel,Traspinedo,29.527472981767694,0.002622028198802225,True
España,Pedrajas de San Esteban,Serrada,26.97723838930732,0.0029497815502140838,True
España,Pedrajas de San Esteban,Rueda,32.54233760569425,0.002281258919117393,True
España,Pedrajas de San Esteban,Traspinedo,27.809829511005876,0.002838499725937781,True
España,Serrada,Rueda,9.445617147374591,0.006634549445292626,True
España,Serrada,Traspinedo,34.880167544462225,0.0020478336344425512,True
España,Mayorga,Villabrágima,40.068545679128846,0.001611615992971564,True
España,Mayorga,Villalón de Campos,20.463587669552247,0.00398554284584017,True
España,Mayorga,Benavente,38.258391112797895,0.0017520910009043292,True
España,Mayorga,Villalpando,35.56217232288507,0.0019843542211388154,True
España,Villabrágima,Villalón de Campos,31.34830692137764,0.0024105698416423877,True
España,Villabrágima,Toro,40.497111831079245,0.001580041409873062,True
España,Villabrágima,Villalpando,25.117300074443314,0.0032144165157724745,True
España,Rueda,Traspinedo,44.209808412250965,0.0013311418493627063,True
España,Rueda,Toro,38.548670561673255,0.001728766344897316,True
España,Villalón de Campos,Villalpando,40.65044602486812,0.0015688954038262128,True
España,Trabazos,Puebla de Sanabria,36.130591620564466,0.001932953861213756,True
España,Benavente,Santibáñez de Vidriales,29.23975088156274,0.0026571010741372547,True
España,Benavente,Villalpando,26.64693135557256,0.0029951306711477063,True
España,Bermillo de Sayago,Villaralbo,38.4589581618895,0.0017359416012187729,True
España,Bermillo de Sayago,Corrales,32.052598622086116,0.0023334348531775144,True
España,Bermillo de Sayago,Fermoselle,24.45450387956526,0.003314361502574366,True
España,Villaralbo,Corrales,15.618445670354108,0.004986173817215814,True
España,Villaralbo,Fuentesaúco,33.175347774741915,0.0022155452732907054,True
España,Villaralbo,Toro,24.241670677736032,0.0033471110653496825,True
España,Corrales,Fuentesaúco,23.984162751947807,0.003387168676541978,True
España,Corrales,Toro,33.57774246516602,0.002174760473850703,True
España,Fuentesaúco,Toro,34.09978003010382,0.002122966786804758,True
España,Puebla de Sanabria,Gudiña (A),41.639600741796805,0.0014988581726079397,True
España,Puebla de Sanabria,Viana do Bolo,41.846840195087864,0.0014845853783169846,True
España,Toro,Villalpando,37.6358783340935,0.0018031781586639042,True
España,Olesa de Montserrat,Aiguafreda,39.15877722793502,0.0016807501228511918,True
España,Olesa de Montserrat,Premià de Dalt,38.09089581328572,0.0017656925870270827,True
España,Olesa de Montserrat,Bigues i Riells,31.610179290165007,0.002381595579689568,True
España,Olesa de Montserrat,Sant Fruitós de Bages,22.954582204007743,0.0035521867966983676,True
España,Olesa de Montserrat,Balsareny,35.522364811237544,0.001988004707539803,True
España,Olesa de Montserrat,Subirats,19.1751631623709,0.004230096551457644,True
España,Olesa de Montserrat,Badalona,31.667309333195142,0.002375321024153997,True
España,Olesa de Montserrat,Badia del Vallès,19.263065874456366,0.004212943785567874,True
España,Olesa de Montserrat,Cornellà de Llobregat,25.82296993884706,0.0031113226352286858,True
España,Olesa de Montserrat,Sant Climent de Llobregat,24.609690102987546,0.003290684888210442,True
España,Olesa de Montserrat,Hostalets de Pierola (Els),10.222574914789037,0.006400154414108539,True
España,Olesa de Montserrat,Sant Pere de Riudebitlles,18.47447010096195,0.004369353091999891,True
España,Olesa de Montserrat,Sant Guim de Freixenet,40.93315400461091,0.0015485507880352522,True
España,Olesa de Montserrat,Castellar del Vallès,18.312443523567325,0.00440220343695115,True
España,Olesa de Montserrat,Súria,34.0363278170527,0.0021291956739004332,True
España,Olesa de Montserrat,Granollers,34.014864462977734,0.002131306794688164,True
España,Olesa de Montserrat,Sant Pere de Ribes,32.98147177619816,0.0022354679805561732,True
España,Olesa de Montserrat,Capellades,17.414178709135136,0.004588868467280927,True
España,Olesa de Montserrat,Castellgalí,15.127346286220236,0.005100718055189873,True
España,Olesa de Montserrat,Pallejà,16.089085993299104,0.0048788237465755705,True
España,Olesa de Montserrat,Bellvei,42.55903187096967,0.0014365638448077679,True
España,Olesa de Montserrat,Moià,34.62996009700992,0.0020716284088979414,True
España,Olesa de Montserrat,Sant Martí Sarroca,28.963450615160472,0.0026912237014415385,True
España,Olesa de Montserrat,Castellví de Rosanes,10.387381961719074,0.0063515141888031805,True
España,Olesa de Montserrat,Vilafranca del Penedès,27.0665146931114,0.0029376429544446586,True
España,Olesa de Montserrat,Igualada,22.884753451635177,0.0035636661532441527,True
España,Olesa de Montserrat,Mollet del Vallès,27.08165146741533,0.0029355898244765193,True
España,Olesa de Montserrat,Bisbal del Penedès (La),44.32948668800316,0.001323806652920669,True
España,Aiguafreda,Premià de Dalt,30.16762337702465,0.0025456486868908838,True
España,Aiguafreda,Bigues i Riells,10.414531491904187,0.0063435371218273145,True
España,Aiguafreda,Sant Iscle de Vallalta,31.001768104303004,0.002449454950159179,True
España,Aiguafreda,Sant Andreu de Llavaneres,29.136553040626488,0.0026697948578175874,True
España,Aiguafreda,Sant Fruitós de Bages,31.375411360215857,0.0024075546365328582,True
España,Aiguafreda,Balsareny,32.929224928995836,0.0022408674705826637,True
España,Aiguafreda,Badalona,35.43861025393256,0.0019957072443115877,True
España,Aiguafreda,Badia del Vallès,31.036478161732827,0.002445532005850139,True
España,Aiguafreda,Balenyà,8.34333241013778,0.006981964214472662,True
España,Aiguafreda,Castellar del Vallès,21.79373676655565,0.0037479270814003212,True
España,Aiguafreda,Calldetenes,17.609082786262725,0.0045477031635675685,True
España,Aiguafreda,Súria,41.99178964389799,0.0014746833929651783,True
España,Aiguafreda,Granollers,18.13104343343818,0.0044392756617373155,True
España,Aiguafreda,Sant Antoni de Vilamajor,16.374937572146223,0.004814757768566555,True
España,Aiguafreda,Casserres,43.05572847004414,0.001403994851419883,True
España,Aiguafreda,Castellgalí,35.6601812132042,0.0019753950238673382,True
España,Aiguafreda,Pallejà,43.78654575114395,0.0013574114475890225,True
España,Aiguafreda,Moià,13.579613626781182,0.005479275384255591,True
España,Aiguafreda,Palafolls,43.03800666041827,0.0014051440933009706,True
España,Aiguafreda,Riells i Viabrea,25.549975408492976,0.0031508066376722916,True
España,Aiguafreda,Mollet del Vallès,25.57078093271898,0.003147779884384963,True
España,Aiguafreda,Torelló,31.084965249337746,0.002440062503035096,True
España,Aiguafreda,Prats de Lluçanès,32.37793476020048,0.0022986426001415294,True
España,Aiguafreda,Cellera de Ter (La),37.982275193135315,0.0017745696087560422,True
España,Aiguafreda,Sant Hilari Sacalm,24.825643648494033,0.0032580187659843117,True
España,Aiguafreda,Sils,41.13544567281311,0.001534155304502645,True
España,Aiguafreda,Sant Feliu de Pallerols,40.55741905291969,0.0015756482060001725,True
España,Premià de Dalt,Bigues i Riells,21.434237814695962,0.0038107105743003674,True
España,Premià de Dalt,Sant Iscle de Vallalta,22.883088726713254,0.003563940275549614,True
España,Premià de Dalt,Sant Andreu de Llavaneres,13.711311352645637,0.005445994443903795,True
España,Premià de Dalt,Badalona,10.140207620487828,0.006424603869073403,True
España,Premià de Dalt,Badia del Vallès,19.00328694063203,0.004263837946859794,True
España,Premià de Dalt,Balenyà,38.27599720233708,0.0017506673853615686,True
España,Premià de Dalt,Cornellà de Llobregat,28.25378111248857,0.002780891102903667,True
España,Premià de Dalt,Sant Climent de Llobregat,34.53400943879819,0.0020808265461472572,True
España,Premià de Dalt,Castellar del Vallès,24.643017781272825,0.003285622260888043,True
España,Premià de Dalt,Granollers,12.203704415678,0.00583942510952806,True
España,Premià de Dalt,Sant Antoni de Vilamajor,19.197783549418972,0.004225675875831772,True
España,Premià de Dalt,Pallejà,30.294165693081926,0.002530816055042244,True
España,Premià de Dalt,Moià,39.69626991625585,0.0016395550144740895,True
España,Premià de Dalt,Castellví de Rosanes,37.477829011650925,0.0018163841002249046,True
España,Premià de Dalt,Palafolls,38.13785613213683,0.001761868519033961,True
España,Premià de Dalt,Riells i Viabrea,29.545447631289917,0.0026198525637473134,True
España,Premià de Dalt,Mollet del Vallès,11.425702589703027,0.00605349227864662,True
España,Premià de Dalt,Sant Hilari Sacalm,43.69182072854626,0.0013633611107718615,True
España,Bigues i Riells,Sant Iscle de Vallalta,29.325677358152078,0.002646577860455924,True
España,Bigues i Riells,Sant Andreu de Llavaneres,24.476319356849853,0.0033110228541245188,True
España,Bigues i Riells,Sant Fruitós de Bages,30.191687166746828,0.002542821368908524,True
España,Bigues i Riells,Balsareny,35.60786274592345,0.001980172517009103,True
España,Bigues i Riells,Badalona,25.340464590124437,0.003181448898603338,True
España,Bigues i Riells,Badia del Vallès,20.813651522524683,0.003921581573476705,True
España,Bigues i Riells,Balenyà,18.660293488503406,0.004331980535353405,True
España,Bigues i Riells,Cornellà de Llobregat,37.976638056142065,0.0017750315203375819,True
España,Bigues i Riells,Sant Climent de Llobregat,42.29818620429415,0.0014539691703079436,True
España,Bigues i Riells,Hostalets de Pierola (Els),41.24105332526244,0.0015266932885977212,True
España,Bigues i Riells,Castellar del Vallès,13.32230910341442,0.005544888221514775,True
España,Bigues i Riells,Calldetenes,28.01311532039653,0.002811973837123807,True
España,Bigues i Riells,Súria,42.81231471140459,0.0014198625021437363,True
España,Bigues i Riells,Granollers,9.358752704208694,0.006661285212486771,True
España,Bigues i Riells,Sant Antoni de Vilamajor,14.733655949342138,0.005194446454484809,True
España,Bigues i Riells,Castellgalí,31.888146629009196,0.002351221815833857,True
España,Bigues i Riells,Pallejà,33.93412094849681,0.0021392674498010456,True
España,Bigues i Riells,Moià,18.33733521861181,0.004397140673506085,True
España,Bigues i Riells,Castellví de Rosanes,36.928851052290696,0.0018630105741310817,True
España,Bigues i Riells,Palafolls,43.73090792004359,0.001360902898416765,True
España,Bigues i Riells,Riells i Viabrea,27.68570448614854,0.0028548193287696207,True
España,Bigues i Riells,Mollet del Vallès,15.235270681712166,0.005075321457537866,True
España,Bigues i Riells,Torelló,41.37081982623959,0.001517573930267056,True
España,Bigues i Riells,Prats de Lluçanès,40.23424582973704,0.0015993339162925914,True
España,Bigues i Riells,Sant Hilari Sacalm,32.717582977674425,0.002262873620485257,True
España,Sant Iscle de Vallalta,Sant Andreu de Llavaneres,9.204018729339165,0.006709178756168639,True
España,Sant Iscle de Vallalta,Badalona,33.01104804847061,0.002232417171929872,True
España,Sant Iscle de Vallalta,Badia del Vallès,39.89917959958588,0.0016242672715013596,True
España,Sant Iscle de Vallalta,Balenyà,35.984169421053906,0.0019460655884773572,True
España,Sant Iscle de Vallalta,Castellar del Vallès,40.198212140274194,0.00160199682779907,True
España,Sant Iscle de Vallalta,Calldetenes,41.02978774734973,0.0015416573647065025,True
España,Sant Iscle de Vallalta,Granollers,23.45173875103044,0.003471521745811699,True
España,Sant Iscle de Vallalta,Sant Antoni de Vilamajor,15.04315387296899,0.005120618585664274,True
España,Sant Iscle de Vallalta,Moià,44.43438262363618,0.0013174107097800821,True
España,Sant Iscle de Vallalta,Palafolls,15.693757442755834,0.004968837753464628,True
España,Sant Iscle de Vallalta,Riells i Viabrea,10.982152293725827,0.006179043874814678,True
España,Sant Iscle de Vallalta,Mollet del Vallès,30.99140516523106,0.002450627394250097,True
España,Sant Iscle de Vallalta,Cellera de Ter (La),38.79722588990487,0.0017090412825481885,True
España,Sant Iscle de Vallalta,Sant Hilari Sacalm,28.784235659385153,0.0027135906975595788,True
España,Sant Iscle de Vallalta,Salt,43.14072861433778,0.001398495723155895,True
España,Sant Iscle de Vallalta,Riudellots de la Selva,35.75791525778051,0.0019665012498168736,True
España,Sant Iscle de Vallalta,Santa Cristina d'Aro,41.851662518044556,0.0014842548827131426,True
España,Sant Iscle de Vallalta,Sils,25.187104771207036,0.0032040678006284434,True
España,Sant Andreu de Llavaneres,Badalona,23.8209010927781,0.0034128139048346688,True
España,Sant Andreu de Llavaneres,Badia del Vallès,31.3949119600968,0.002405387647970051,True
España,Sant Andreu de Llavaneres,Balenyà,35.771252292786805,0.0019652906933327486,True
España,Sant Andreu de Llavaneres,Cornellà de Llobregat,41.94207742014829,0.0014780719408609168,True
España,Sant Andreu de Llavaneres,Castellar del Vallès,33.34825798708264,0.002197926963096646,True
España,Sant Andreu de Llavaneres,Calldetenes,42.5531860565978,0.001436951624634909,True
España,Sant Andreu de Llavaneres,Granollers,16.665366073085906,0.004750530208956747,True
España,Sant Andreu de Llavaneres,Sant Antoni de Vilamajor,13.147454942635514,0.005589925650140081,True
España,Sant Andreu de Llavaneres,Pallejà,43.694470016549836,0.0013631943556449075,True
España,Sant Andreu de Llavaneres,Moià,41.66699548205798,0.0014969636283983748,True
España,Sant Andreu de Llavaneres,Palafolls,24.49731653007802,0.0033078126214756065,True
España,Sant Andreu de Llavaneres,Riells i Viabrea,17.57165998099794,0.004555578327603276,True
España,Sant Andreu de Llavaneres,Mollet del Vallès,22.647932933072525,0.0036028753366396465,True
España,Sant Andreu de Llavaneres,Sant Hilari Sacalm,34.17329762298123,0.002115772614563976,True
España,Sant Andreu de Llavaneres,Riudellots de la Selva,44.57542794438731,0.0013088592449894251,True
España,Sant Andreu de Llavaneres,Sils,34.10786668584144,0.002122174258554298,True
España,Sant Fruitós de Bages,Berga,39.20562758547201,0.0016771185561440748,True
España,Sant Fruitós de Bages,Balsareny,12.581774476390175,0.00573815973857216,True
España,Sant Fruitós de Bages,Subirats,41.038819101239405,0.0015410146777718769,True
España,Sant Fruitós de Bages,Badia del Vallès,33.48853511687493,0.0021837367934985415,True
España,Sant Fruitós de Bages,Balenyà,33.07099909046849,0.002226245966311696,True
España,Sant Fruitós de Bages,Hostalets de Pierola (Els),25.542396705032463,0.0031519098991932204,True
España,Sant Fruitós de Bages,Sant Pere de Riudebitlles,35.867134388050154,0.001956609725909716,True
España,Sant Fruitós de Bages,Sant Guim de Freixenet,39.09238262612963,0.0016859101189316112,True
España,Sant Fruitós de Bages,Castellar del Vallès,23.065575386651723,0.003534016507715518,True
España,Sant Fruitós de Bages,Calldetenes,39.24934526156622,0.0016737368945920258,True
España,Sant Fruitós de Bages,Súria,13.644930672928359,0.0054627438711089375,True
España,Sant Fruitós de Bages,Granollers,37.871113828373794,0.0017837004912589455,True
España,Sant Fruitós de Bages,Sant Antoni de Vilamajor,44.629218069331806,0.0013056126254150093,True
España,Sant Fruitós de Bages,Capellades,29.14976695645529,0.0026681661051573304,True
España,Sant Fruitós de Bages,Casserres,29.30993333993325,0.0026485028661047526,True
España,Sant Fruitós de Bages,Castellgalí,8.78648051355814,0.006840149309248396,True
España,Sant Fruitós de Bages,Pallejà,37.66241381938838,0.0018009703988650398,True
España,Sant Fruitós de Bages,Moià,19.902621991745452,0.004090226608099846,True
España,Sant Fruitós de Bages,Castellví de Rosanes,33.3373833219281,0.002199030870092482,True
España,Sant Fruitós de Bages,Igualada,28.489018286732403,0.002750842011341694,True
España,Sant Fruitós de Bages,Mollet del Vallès,36.62332764502338,0.0018894762917445092,True
España,Sant Fruitós de Bages,Prats de Lluçanès,31.574822583551775,0.002385487091948733,True
España,Sant Fruitós de Bages,Torà,39.75139912398341,0.001635387257134525,True
España,Sant Fruitós de Bages,Solsona,40.02116142421178,0.0016151455332558454,True
España,Berga,Balsareny,26.662400423132347,0.0029929913610797464,True
España,Berga,Guardiola de Berguedà,14.9634554125743,0.0051395286573738316,True
España,Berga,Balenyà,44.21175274681872,0.001331022355213329,True
España,Berga,Calldetenes,41.295501872002724,0.0015228602569710222,True
España,Berga,Súria,30.954544230616783,0.0024548023282059957,True
España,Berga,Casserres,9.90889100459013,0.006493769459151658,True
España,Berga,Moià,38.342675619929494,0.0017452862969089629,True
España,Berga,Torelló,35.0786169779732,0.0020291556695038507,True
España,Berga,Prats de Lluçanès,18.411584701323658,0.004382073604965596,True
España,Berga,Puigcerdà,37.32873198491651,0.0018289306901953916,True
España,Berga,Campdevànol,29.855285091160326,0.00258263294053346,True
España,Berga,Seu d'Urgell (La),42.49691763681751,0.001440689523621924,True
España,Berga,Oliana,44.020260569699644,0.0013428426281770843,True
España,Berga,Sant Llorenç de Morunys,21.219927562697283,0.0038486384837042526,True
España,Berga,Solsona,29.47466954597261,0.0026284299461468356,True
España,Balsareny,Badia del Vallès,44.17234042304861,0.0013334466375750018,True
España,Balsareny,Guardiola de Berguedà,41.23045297079102,0.0015274406461314757,True
España,Balsareny,Balenyà,31.363355122659655,0.002408895353710713,True
España,Balsareny,Hostalets de Pierola (Els),37.601878523169226,0.001806010909316075,True
España,Balsareny,Sant Guim de Freixenet,44.16566649219258,0.0013338575929091397,True
España,Balsareny,Castellar del Vallès,32.57905986820108,0.002277393981269916,True
España,Balsareny,Calldetenes,34.674611883144976,0.0020673618282548638,True
España,Balsareny,Súria,10.721416311507733,0.006254064934072503,True
España,Balsareny,Granollers,44.530429437876805,0.001311581424823286,True
España,Balsareny,Capellades,40.26187537452376,0.0015972950746245607,True
España,Balsareny,Casserres,16.797855921204192,0.004721516548655063,True
España,Balsareny,Castellgalí,21.109251469016005,0.003868373494318426,True
España,Balsareny,Moià,19.372229627448316,0.004191739324974436,True
España,Balsareny,Igualada,38.06128087287608,0.0017681084551625587,True
España,Balsareny,Torelló,38.239701921513486,0.0017536034621755052,True
España,Balsareny,Prats de Lluçanès,20.70267126985106,0.003941746936314541,True
España,Balsareny,Torà,39.54178302774537,0.001651290865791668,True
España,Balsareny,Sant Llorenç de Morunys,38.391513939556155,0.0017413554404101003,True
España,Balsareny,Solsona,32.83095461334658,0.0022510586782307114,True
España,Subirats,Badalona,38.17026925268912,0.0017592338900302659,True
España,Subirats,Badia del Vallès,29.78810645939594,0.0025906576511735453,True
España,Subirats,Cornellà de Llobregat,22.958231982160967,0.0035515878188433275,True
España,Subirats,Sant Climent de Llobregat,17.32337405218989,0.004608174555690628,True
España,Subirats,Hostalets de Pierola (Els),16.830950333355382,0.004714297063077163,True
España,Subirats,Sant Pere de Riudebitlles,11.094647092996924,0.006146955659089581,True
España,Subirats,Sant Guim de Freixenet,43.594346691443846,0.0013695106517439166,True
España,Subirats,Castellar del Vallès,35.15722465023463,0.0020218043707161165,True
España,Subirats,Sant Pere de Ribes,14.095654034609533,0.005350023793087501,True
España,Subirats,Capellades,19.002371952571032,0.004264018290401924,True
España,Subirats,Castellgalí,32.40819542827337,0.002295432961958216,True
España,Subirats,Pallejà,17.12576466748031,0.004650470550586405,True
España,Subirats,Bellvei,24.47986843007577,0.0033104800214465028,True
España,Subirats,Sant Martí Sarroca,15.570762682167668,0.004997181354613138,True
España,Subirats,Castellví de Rosanes,11.172038734308849,0.006124977538349596,True
España,Subirats,Vilafranca del Penedès,9.305294083902007,0.006677792866335883,True
España,Subirats,Igualada,26.316964802556843,0.0030411302676791466,True
España,Subirats,Mollet del Vallès,38.7131391430064,0.001715688986739171,True
España,Subirats,Bisbal del Penedès (La),28.30903813508346,0.0027738031911049826,True
España,Subirats,Pobla de Montornès (La),39.3820462960397,0.001663513874134483,True
España,Subirats,Cabra del Camp,43.570417019985676,0.0013710245850906242,True
España,Badalona,Badia del Vallès,12.82021951542441,0.005675201123197346,True
España,Badalona,Balenyà,43.781915808265325,0.0013577016493857403,True
España,Badalona,Cornellà de Llobregat,18.12161234972732,0.004441211604914507,True
España,Badalona,Sant Climent de Llobregat,24.454540115940247,0.003314355954150943,True
España,Badalona,Hostalets de Pierola (Els),41.175398832667376,0.0015313280191059726,True
España,Badalona,Castellar del Vallès,22.85151479760695,0.0035691434065296688,True
España,Badalona,Granollers,17.894932925549565,0.004487998278367779,True
España,Badalona,Sant Antoni de Vilamajor,27.94515382325126,0.0028208141022166367,True
España,Badalona,Sant Pere de Ribes,44.75852176236759,0.001297841110929575,True
España,Badalona,Castellgalí,42.115686340169034,0.0014662719481121954,True
España,Badalona,Pallejà,21.10567070873603,0.003869013682431,True
España,Badalona,Moià,42.20558819158004,0.0014601984852927164,True
España,Badalona,Castellví de Rosanes,28.99879168741352,0.0026868347832398514,True
España,Badalona,Riells i Viabrea,39.39408795844873,0.0016625893047029616,True
España,Badalona,Mollet del Vallès,10.438666994699103,0.006336454084259487,True
España,Badia del Vallès,Balenyà,38.95068799824626,0.001696975259208585,True
España,Badia del Vallès,Cornellà de Llobregat,17.422270856239717,0.0045871519279248926,True
España,Badia del Vallès,Sant Climent de Llobregat,21.49011712110902,0.003800882969642343,True
España,Badia del Vallès,Hostalets de Pierola (Els),29.185301015843663,0.002663791095766437,True
España,Badia del Vallès,Sant Pere de Riudebitlles,34.96804318471615,0.002039541693654819,True
España,Badia del Vallès,Castellar del Vallès,12.19481602160163,0.005841827312672731,True
España,Badia del Vallès,Granollers,18.150201770382047,0.004435345585231749,True
España,Badia del Vallès,Sant Antoni de Vilamajor,30.037638774808965,0.0025609754236781486,True
España,Badia del Vallès,Sant Pere de Ribes,39.6530064780535,0.00164283315891447,True
España,Badia del Vallès,Capellades,36.3194310257315,0.0019161741869858327,True
España,Badia del Vallès,Castellgalí,29.392507007477565,0.0026384222462015514,True
España,Badia del Vallès,Pallejà,13.64734276333077,0.005462134338960378,True
España,Badia del Vallès,Moià,33.84094192100764,0.002148491133172823,True
España,Badia del Vallès,Sant Martí Sarroca,44.130979871196914,0.0013359955029254682,True
España,Badia del Vallès,Castellví de Rosanes,19.079613205956967,0.004248820987781267,True
España,Badia del Vallès,Vilafranca del Penedès,39.09306390510416,0.0016858570915399954,True
España,Badia del Vallès,Riells i Viabrea,43.35106088883176,0.0013849805440950657,True
España,Badia del Vallès,Igualada,42.14428098495526,0.0014643374574735278,True
España,Badia del Vallès,Mollet del Vallès,8.942934966423783,0.006790775488578365,True
España,Guardiola de Berguedà,Casserres,24.737909813638545,0.0032712504228034987,True
España,Guardiola de Berguedà,Torelló,37.74207811417882,0.001794358537109087,True
España,Guardiola de Berguedà,Prats de Lluçanès,27.861122346831543,0.002831783201150753,True
España,Guardiola de Berguedà,Puigcerdà,22.3665097665844,0.0036500316852458256,True
España,Guardiola de Berguedà,Campdevànol,23.76095032494063,0.0034222797625052,True
España,Guardiola de Berguedà,Camprodon,40.94103074372491,0.0015479877445325745,True
España,Guardiola de Berguedà,Seu d'Urgell (La),37.12253451317997,0.0018464252834474526,True
España,Guardiola de Berguedà,Sant Llorenç de Morunys,26.05696594576844,0.0030778738139050103,True
España,Guardiola de Berguedà,Solsona,39.99712686730778,0.0016169387637615315,True
España,Balenyà,Castellar del Vallès,28.805781476226283,0.0027108918497341945,True
España,Balenyà,Calldetenes,9.439091403032931,0.0066365542358814925,True
España,Balenyà,Súria,41.4810729149313,0.0015098686858090568,True
España,Balenyà,Granollers,26.379366538138076,0.003032377109990226,True
España,Balenyà,Sant Antoni de Vilamajor,22.62975081121754,0.0036059034691455815,True
España,Balenyà,Casserres,38.41359037843826,0.0017395814782068058,True
España,Balenyà,Castellgalí,38.99138148540669,0.001693790032160145,True
España,Balenyà,Moià,13.203415699867438,0.005575471950452455,True
España,Balenyà,Riells i Viabrea,28.376637878624315,0.0027651566555687798,True
España,Balenyà,Mollet del Vallès,33.87583518415269,0.0021450324379295696,True
España,Balenyà,Torelló,22.744808182306627,0.0035867842044948204,True
España,Balenyà,Prats de Lluçanès,25.987370789570043,0.003087784361569139,True
España,Balenyà,Cellera de Ter (La),33.64529244100805,0.0021679879598561942,True
España,Balenyà,Sant Hilari Sacalm,21.855004409287076,0.0037373310722481454,True
España,Balenyà,Campdevànol,42.638858287914864,0.0014312790462067434,True
España,Balenyà,Olot,42.400981072382606,0.0014470849969682158,True
España,Balenyà,Sils,40.9691373444498,0.0015459803018913717,True
España,Balenyà,Sant Feliu de Pallerols,33.71150779957846,0.002161369738129467,True
España,Cornellà de Llobregat,Sant Climent de Llobregat,6.555553757631087,0.00758473241098113,True
España,Cornellà de Llobregat,Hostalets de Pierola (Els),32.22189985550078,0.002315264084342515,True
España,Cornellà de Llobregat,Sant Pere de Riudebitlles,32.6272502469117,0.0022723319904506593,True
España,Cornellà de Llobregat,Castellar del Vallès,29.001774804147587,0.002686464645694953,True
España,Cornellà de Llobregat,Granollers,33.41814396861555,0.002190845931975293,True
España,Cornellà de Llobregat,Sant Antoni de Vilamajor,44.80988586899794,0.0012947668296529507,True
España,Cornellà de Llobregat,Sant Pere de Ribes,26.877080093338456,0.0029634595367882192,True
España,Cornellà de Llobregat,Capellades,37.95329801458467,0.0017769453023807676,True
España,Cornellà de Llobregat,Castellgalí,40.33358408181902,0.0015920156573098893,True
España,Cornellà de Llobregat,Pallejà,9.756520516261642,0.0065397376069222775,True
España,Cornellà de Llobregat,Bellvei,43.15962733011346,0.0013972759896119047,True
España,Cornellà de Llobregat,Sant Martí Sarroca,38.44911885087541,0.0017367303660121868,True
España,Cornellà de Llobregat,Castellví de Rosanes,17.72916478579846,0.00452252547871392,True
España,Cornellà de Llobregat,Vilafranca del Penedès,30.95547790328043,0.0024546964909703786,True
España,Cornellà de Llobregat,Mollet del Vallès,23.76977523091423,0.0034208847146654725,True
España,Sant Climent de Llobregat,Hostalets de Pierola (Els),29.089256580984337,0.0026756328015255983,True
España,Sant Climent de Llobregat,Sant Pere de Riudebitlles,27.728568897675068,0.0028491730445555793,True
España,Sant Climent de Llobregat,Castellar del Vallès,31.8999725003648,0.002349938225203266,True
España,Sant Climent de Llobregat,Granollers,38.72029974576123,0.0017151218800784541,True
España,Sant Climent de Llobregat,Sant Pere de Ribes,20.359638814052243,0.004004736283550166,True
España,Sant Climent de Llobregat,Capellades,34.02000113207905,0.002130801364859422,True
España,Sant Climent de Llobregat,Castellgalí,39.686462167711454,0.0016402975904615939,True
España,Sant Climent de Llobregat,Pallejà,9.608660877346699,0.0065846573614377225,True
España,Sant Climent de Llobregat,Bellvei,36.604986610802825,0.0018910769826735634,True
España,Sant Climent de Llobregat,Sant Martí Sarroca,32.527216838033475,0.0022828522542546305,True
España,Sant Climent de Llobregat,Castellví de Rosanes,14.919048937516154,0.00515009537364505,True
España,Sant Climent de Llobregat,Vilafranca del Penedès,24.720623278985105,0.0032738638489087975,True
España,Sant Climent de Llobregat,Igualada,41.42727950343674,0.001513623240755459,True
España,Sant Climent de Llobregat,Mollet del Vallès,28.98348011199544,0.002688735408429094,True
España,Sant Climent de Llobregat,Bisbal del Penedès (La),42.81129977255992,0.0014199290378478773,True
España,Hostalets de Pierola (Els),Sant Pere de Riudebitlles,10.45009210819867,0.006333103930644616,True
España,Hostalets de Pierola (Els),Sant Guim de Freixenet,31.828831197539763,0.0023576705608426124,True
España,Hostalets de Pierola (Els),Castellar del Vallès,28.113863247639166,0.002798919816036003,True
España,Hostalets de Pierola (Els),Súria,33.118958668371995,0.0022213214251594966,True
España,Hostalets de Pierola (Els),Granollers,44.18474137366506,0.0013326833700985198,True
España,Hostalets de Pierola (Els),Sant Pere de Ribes,30.595466696975183,0.002495846439460484,True
España,Hostalets de Pierola (Els),Capellades,7.196709412358061,0.007362768886568115,True
España,Hostalets de Pierola (Els),Castellgalí,16.764519560417682,0.004728800026891213,True
España,Hostalets de Pierola (Els),Pallejà,22.8107909349296,0.003575865615939095,True
España,Hostalets de Pierola (Els),Bellvei,36.30730804375432,0.001917247006275563,True
España,Hostalets de Pierola (Els),Moià,41.44546841166696,0.001512352687742907,True
España,Hostalets de Pierola (Els),Sant Martí Sarroca,20.929423026751795,0.0039006558254599303,True
España,Hostalets de Pierola (Els),Castellví de Rosanes,14.508405914084253,0.0052488484767968125,True
España,Hostalets de Pierola (Els),Vilafranca del Penedès,21.73372775084876,0.0037583346036559034,True
España,Hostalets de Pierola (Els),Igualada,13.33479701688191,0.005541685661946001,True
España,Hostalets de Pierola (Els),Mollet del Vallès,37.25941761226859,0.0018347930117210067,True
España,Hostalets de Pierola (Els),Torà,43.304632940404574,0.001387952560303159,True
España,Hostalets de Pierola (Els),Bisbal del Penedès (La),36.48755590284804,0.0019013577979351466,True
España,Hostalets de Pierola (Els),Cabra del Camp,43.66529565969243,0.0013650318125354095,True
España,Sant Pere de Riudebitlles,Sant Guim de Freixenet,32.4997851648915,0.002285745681943883,True
España,Sant Pere de Riudebitlles,Castellar del Vallès,36.72926448490929,0.001880257273146627,True
España,Sant Pere de Riudebitlles,Súria,42.264977893897864,0.0014562001205126228,True
España,Sant Pere de Riudebitlles,Sant Pere de Ribes,22.47334681926213,0.003632057255485613,True
España,Sant Pere de Riudebitlles,Capellades,8.786599763327306,0.006840111539450855,True
España,Sant Pere de Riudebitlles,Castellgalí,27.12685108377053,0.002929467563397831,True
España,Sant Pere de Riudebitlles,Pallejà,24.818428258836605,0.00325910493498537,True
España,Sant Pere de Riudebitlles,Bellvei,25.915443880393074,0.0030980605478560467,True
España,Sant Pere de Riudebitlles,Sant Martí Sarroca,10.640810887036219,0.0062774419667941134,True
España,Sant Pere de Riudebitlles,Castellví de Rosanes,16.4928724949948,0.004788572363406986,True
España,Sant Pere de Riudebitlles,Vilafranca del Penedès,12.052219635131319,0.005880501741282642,True
España,Sant Pere de Riudebitlles,Igualada,15.605821805750454,0.00498908564520356,True
España,Sant Pere de Riudebitlles,Mollet del Vallès,43.718080736613686,0.0013617091174141882,True
España,Sant Pere de Riudebitlles,Bisbal del Penedès (La),26.1985785787766,0.0030578060400226065,True
España,Sant Pere de Riudebitlles,Pobla de Montornès (La),38.82647021540849,0.0017067353362391073,True
España,Sant Pere de Riudebitlles,Cabra del Camp,36.08374370702711,0.0019371393266885183,True
España,Sant Guim de Freixenet,Súria,33.78741175036438,0.0021538080096345515,True
España,Sant Guim de Freixenet,Capellades,25.709078302261023,0.0031277345032601576,True
España,Sant Guim de Freixenet,Castellgalí,34.98596039541437,0.0020378551540661508,True
España,Sant Guim de Freixenet,Sant Martí Sarroca,33.98011586818463,0.0021347290841247663,True
España,Sant Guim de Freixenet,Vilafranca del Penedès,41.67168208857442,0.001496639755608793,True
España,Sant Guim de Freixenet,Igualada,18.53153869078596,0.00435784126067648,True
España,Sant Guim de Freixenet,Castellserà,37.29189203693023,0.0018320441233641428,True
España,Sant Guim de Freixenet,Tàrrega,23.28219876045416,0.003498821718557035,True
España,Sant Guim de Freixenet,Ponts,34.84176467389779,0.002051467910503823,True
España,Sant Guim de Freixenet,Golmés,40.53406640042043,0.0015773479271687894,True
España,Sant Guim de Freixenet,Torà,17.5090697535388,0.004568780242724092,True
España,Sant Guim de Freixenet,Solsona,38.48918277245311,0.0017335208962673898,True
España,Sant Guim de Freixenet,Bisbal del Penedès (La),42.11810032528655,0.0014661085380159881,True
España,Sant Guim de Freixenet,Cabra del Camp,31.31407057410597,0.002414383831778297,True
España,Sant Guim de Freixenet,Espluga de Francolí (L'),39.396652006644494,0.0016623925011980986,True
España,Castellar del Vallès,Calldetenes,38.090386318806615,0.0017657341216202108,True
España,Castellar del Vallès,Súria,36.7041262238289,0.0018824408182181347,True
España,Castellar del Vallès,Granollers,16.828385671355544,0.0047148561433889135,True
España,Castellar del Vallès,Sant Antoni de Vilamajor,26.961481080966443,0.0029519292277039363,True
España,Castellar del Vallès,Capellades,35.086683785552246,0.0020284000412000656,True
España,Castellar del Vallès,Castellgalí,21.449232008682277,0.003808071018141213,True
España,Castellar del Vallès,Pallejà,22.645598483121084,0.003603263983816656,True
España,Castellar del Vallès,Moià,21.881663915437624,0.0037327297902530446,True
España,Castellar del Vallès,Castellví de Rosanes,24.084551261609835,0.003371495552890714,True
España,Castellar del Vallès,Vilafranca del Penedès,44.063154763154124,0.0013401858046834794,True
España,Castellar del Vallès,Riells i Viabrea,40.446797371100196,0.0015837160408797414,True
España,Castellar del Vallès,Igualada,39.175701164093304,0.0016794373715303401,True
España,Castellar del Vallès,Mollet del Vallès,13.561842950727808,0.005483781762007736,True
España,Castellar del Vallès,Prats de Lluçanès,43.906187699825246,0.001349933831619282,True
España,Calldetenes,Granollers,35.25146236918089,0.0020130264802573836,True
España,Calldetenes,Sant Antoni de Vilamajor,29.60345612845215,0.0026128435896007923,True
España,Calldetenes,Casserres,37.48139851980787,0.0018160847819195989,True
España,Calldetenes,Moià,19.86158029829703,0.0040979928941329,True
España,Calldetenes,Riells i Viabrea,31.70149488306529,0.0023715743630940466,True
España,Calldetenes,Mollet del Vallès,43.17219484823438,0.0013964654638164912,True
España,Calldetenes,Torelló,13.789625232312195,0.005426300247743528,True
España,Calldetenes,Prats de Lluçanès,23.0536213927131,0.0035359689685982958,True
España,Calldetenes,Cellera de Ter (La),28.29293302960718,0.0027758671502708288,True
España,Calldetenes,Sant Hilari Sacalm,19.485555092249047,0.00416983967113657,True
España,Calldetenes,Salt,42.427253617763995,0.00144533075879834,True
España,Calldetenes,Riudellots de la Selva,43.21784951618432,0.0013935249779281024,True
España,Calldetenes,Campdevànol,34.39730576565853,0.0020940020278060302,True
España,Calldetenes,Camprodon,43.61758811230714,0.0013680418608266525,True
España,Calldetenes,Olot,33.1774762587518,0.0022153275391744013,True
España,Calldetenes,Sils,40.1916499547222,0.00160248225429413,True
España,Calldetenes,Sant Feliu de Pallerols,25.26643262522291,0.003192347765615862,True
España,Súria,Capellades,33.991688160958354,0.002133588751926324,True
España,Súria,Casserres,21.56196195927512,0.0037882847933502946,True
España,Súria,Castellgalí,18.977743473735828,0.004268875421997901,True
España,Súria,Moià,28.803476507622737,0.002711180443682613,True
España,Súria,Castellví de Rosanes,44.17561081965604,0.001333245305165148,True
España,Súria,Igualada,30.240919692357863,0.002537046701333318,True
España,Súria,Prats de Lluçanès,30.25663133660541,0.0025352065885270833,True
España,Súria,Torà,29.072236978117505,0.002677736707956897,True
España,Súria,Oliana,44.460289904384716,0.0013158357964739014,True
España,Súria,Sant Llorenç de Morunys,36.399264886285664,0.0019091242993421655,True
España,Súria,Solsona,26.37770235285257,0.003032610219187556,True
España,Granollers,Sant Antoni de Vilamajor,11.887544202065355,0.005925484317254239,True
España,Granollers,Castellgalí,37.96638255444525,0.0017758721728960867,True
España,Granollers,Pallejà,31.752369884008797,0.002366009524025517,True
España,Granollers,Moià,27.696083553686922,0.002853451126154265,True
España,Granollers,Castellví de Rosanes,36.78132087954611,0.0018757436332858075,True
España,Granollers,Palafolls,38.90765771768578,0.0017003499121180407,True
España,Granollers,Riells i Viabrea,25.29112648559513,0.003188708224202098,True
España,Granollers,Mollet del Vallès,9.73710199965032,0.006545619348625216,True
España,Granollers,Sant Hilari Sacalm,35.34070386017449,0.0020047491234813338,True
España,Granollers,Sils,43.93347892742597,0.001348233906430881,True
España,Sant Antoni de Vilamajor,Pallejà,43.63273040444188,0.0013670857587561448,True
España,Sant Antoni de Vilamajor,Moià,29.54473353445945,0.0026199389628851198,True
España,Sant Antoni de Vilamajor,Palafolls,28.997296832649724,0.0026870202802251235,True
España,Sant Antoni de Vilamajor,Riells i Viabrea,13.609716325696635,0.005471650268885348,True
España,Sant Antoni de Vilamajor,Mollet del Vallès,21.49152650260946,0.0038006354276354758,True
España,Sant Antoni de Vilamajor,Torelló,43.18955195851733,0.0013953468122013405,True
España,Sant Antoni de Vilamajor,Cellera de Ter (La),37.69320335860057,0.0017984120890488313,True
España,Sant Antoni de Vilamajor,Sant Hilari Sacalm,24.57987830027468,0.0032952200595735867,True
España,Sant Antoni de Vilamajor,Riudellots de la Selva,41.41378988723904,0.001514566222478615,True
España,Sant Antoni de Vilamajor,Sils,32.17033053491749,0.002320783867938563,True
España,Sant Pere de Ribes,Capellades,31.245376105051704,0.0024220547470958937,True
España,Sant Pere de Ribes,Pallejà,26.006533287384162,0.003085052382956548,True
España,Sant Pere de Ribes,Bellvei,16.70159001672276,0.004742579889475192,True
España,Sant Pere de Ribes,Sant Martí Sarroca,19.646123088657564,0.004139006872360622,True
España,Sant Pere de Ribes,Castellví de Rosanes,23.65509001379184,0.003439058739236103,True
España,Sant Pere de Ribes,Vilafranca del Penedès,11.45748257068191,0.0060445955850672774,True
España,Sant Pere de Ribes,Igualada,37.915190262750585,0.0017800744091511316,True
España,Sant Pere de Ribes,Bisbal del Penedès (La),24.06090786363379,0.0033751803167552993,True
España,Sant Pere de Ribes,Pobla de Montornès (La),31.471260082162058,0.0023969222928306015,True
España,Sant Pere de Ribes,Cabra del Camp,44.35927397887124,0.0013219872487810933,True
España,Sant Pere de Ribes,Pallaresos (Els),43.10296528915795,0.001400936178105668,True
España,Capellades,Castellgalí,20.79631372085684,0.003924725061917837,True
España,Capellades,Pallejà,28.973484084250302,0.0026899769411566467,True
España,Capellades,Bellvei,33.4468202457539,0.0021879469862136885,True
España,Capellades,Sant Martí Sarroca,17.092195440551034,0.0046576942484877724,True
España,Capellades,Castellví de Rosanes,20.37781521477727,0.004001373464644709,True
España,Capellades,Vilafranca del Penedès,20.713252801753693,0.003939819773508603,True
España,Capellades,Igualada,7.449038257468904,0.007277215291101466,True
España,Capellades,Mollet del Vallès,44.45329573865401,0.001316260788907021,True
España,Capellades,Torà,38.929391961210946,0.0016986445644566073,True
España,Capellades,Bisbal del Penedès (La),32.08076646712478,0.0023304017853606938,True
España,Capellades,Pobla de Montornès (La),44.95479112497109,0.0012861330279937758,True
España,Capellades,Cabra del Camp,36.86999596701017,0.001868079849442746,True
España,Casserres,Castellgalí,37.56853365524028,0.0018087934157376088,True
España,Casserres,Moià,30.428055184141503,0.002515216416176565,True
España,Casserres,Torelló,34.663117667904025,0.002068459285831387,True
España,Casserres,Prats de Lluçanès,15.103656976424235,0.005106309630132493,True
España,Casserres,Campdevànol,35.32293357719929,0.00200639463897567,True
España,Casserres,Torà,43.01806967888095,0.0014064381109424157,True
España,Casserres,Oliana,44.387180652420184,0.0013202849800768538,True
España,Casserres,Sant Llorenç de Morunys,25.180624296700557,0.0032050271395292185,True
España,Casserres,Solsona,27.19333247068268,0.0029204859277630014,True
España,Castellgalí,Pallejà,30.799021776141817,0.002472495608987464,True
España,Castellgalí,Moià,26.342613427615902,0.0030375294486988348,True
España,Castellgalí,Sant Martí Sarroca,37.302874582865094,0.0018311154075802717,True
España,Castellgalí,Castellví de Rosanes,25.416303458321497,0.003170322671466065,True
España,Castellgalí,Vilafranca del Penedès,38.43374261497259,0.0017379637142040177,True
España,Castellgalí,Igualada,21.331937575584046,0.0038287683640996105,True
España,Castellgalí,Mollet del Vallès,34.47490074547432,0.002086513224156819,True
España,Castellgalí,Prats de Lluçanès,40.32727381578427,0.001592479537653983,True
España,Castellgalí,Torà,39.48663642699634,0.0016555004830193227,True
España,Castellgalí,Solsona,44.38888123232853,0.0013201813178876714,True
España,Pallejà,Bellvei,40.5475854921825,0.001576363717687896,True
España,Pallejà,Moià,44.06325998328728,0.001340179293917551,True
España,Pallejà,Sant Martí Sarroca,32.40885466410688,0.0022953630891749577,True
España,Pallejà,Castellví de Rosanes,8.629291461070272,0.006890118180489797,True
España,Pallejà,Vilafranca del Penedès,26.263950849717993,0.0030485864713945387,True
España,Pallejà,Igualada,36.001486307621136,0.0019445102786938993,True
España,Pallejà,Mollet del Vallès,22.246977121461196,0.003670247729128393,True
España,Bellvei,Sant Martí Sarroca,16.46771648110771,0.0047941458075490455,True
España,Bellvei,Castellví de Rosanes,35.651850223209316,0.001976155000695666,True
España,Bellvei,Vilafranca del Penedès,15.544287900770348,0.005003303536143127,True
España,Bellvei,Igualada,37.825164547996195,0.0017874885145704794,True
España,Bellvei,Bisbal del Penedès (La),8.639281493106523,0.006886931560825715,True
España,Bellvei,Vilallonga del Camp,31.136179115783733,0.0024342987074355946,True
España,Bellvei,Reus,40.33264835652706,0.0015920844358241848,True
España,Bellvei,Pobla de Montornès (La),15.210644284318908,0.005081105307120413,True
España,Bellvei,Cabra del Camp,30.50509139718512,0.002506284490776923,True
España,Bellvei,Pallaresos (Els),26.503973892523526,0.0030149737367724497,True
España,Bellvei,Espluga de Francolí (L'),43.53554352630944,0.0013732338855666783,True
España,Moià,Castellví de Rosanes,43.52592241978956,0.0013738440265574233,True
España,Moià,Riells i Viabrea,39.010654641836716,0.001692283539417401,True
España,Moià,Mollet del Vallès,31.771376912847224,0.0023639338413635313,True
España,Moià,Torelló,29.538457333436554,0.0026206984481189875,True
España,Moià,Prats de Lluçanès,22.523350907678577,0.0036236749925683525,True
España,Moià,Sant Hilari Sacalm,35.03000313153188,0.0020337153580345458,True
España,Sant Martí Sarroca,Castellví de Rosanes,25.07040197322199,0.0032213880716511598,True
España,Sant Martí Sarroca,Vilafranca del Penedès,8.656032981835718,0.006881591495041747,True
España,Sant Martí Sarroca,Igualada,21.464891168410613,0.0038053163586439015,True
España,Sant Martí Sarroca,Bisbal del Penedès (La),15.571968184976337,0.0049969027661512355,True
España,Sant Martí Sarroca,Vilallonga del Camp,39.06903615762101,0.0016877283011314458,True
España,Sant Martí Sarroca,Pobla de Montornès (La),28.2883348634768,0.002776456713096211,True
España,Sant Martí Sarroca,Cabra del Camp,28.00475861481569,0.0028130593591797386,True
España,Sant Martí Sarroca,Pallaresos (Els),36.72990651285996,0.0018802015388805571,True
España,Sant Martí Sarroca,Espluga de Francolí (L'),42.799432420378366,0.0014207072496737496,True
España,Castellví de Rosanes,Vilafranca del Penedès,20.35471073470795,0.0040056485164349795,True
España,Castellví de Rosanes,Igualada,27.500157772350715,0.0028793898596406117,True
España,Castellví de Rosanes,Mollet del Vallès,28.011022897807543,0.0028122455999400123,True
España,Castellví de Rosanes,Bisbal del Penedès (La),39.141906824145266,0.0016820597431150474,True
España,Palafolls,Riells i Viabrea,17.615438209849795,0.004546367100633336,True
España,Palafolls,Cellera de Ter (La),35.63273201066298,0.001977900124993725,True
España,Palafolls,Sant Hilari Sacalm,30.961871983852415,0.0024539718074324673,True
España,Palafolls,Palafrugell,44.32676062565245,0.0013239732854265648,True
España,Palafolls,Salt,34.562971194317015,0.0020780458820814285,True
España,Palafolls,Bisbal d'Empordà (La),40.707852532641276,0.0015647427276450942,True
España,Palafolls,Celrà,41.39851163739216,0.0015156349466855555,True
España,Palafolls,Riudellots de la Selva,25.787374652261214,0.003116442653595855,True
España,Palafolls,Santa Cristina d'Aro,26.86927132560494,0.0029645285964333083,True
España,Palafolls,Sils,16.042832544600888,0.004889270307782034,True
España,Vilafranca del Penedès,Igualada,26.881392111854762,0.0029628693652143105,True
España,Vilafranca del Penedès,Bisbal del Penedès (La),19.039127859104003,0.004256779739551876,True
España,Vilafranca del Penedès,Vilallonga del Camp,43.85706106555351,0.0013529992488579903,True
España,Vilafranca del Penedès,Pobla de Montornès (La),30.172512635052378,0.0025450739804512065,True
España,Vilafranca del Penedès,Cabra del Camp,35.80591002258371,0.001962148415995791,True
España,Vilafranca del Penedès,Pallaresos (Els),40.40550417326564,0.0015867382028090333,True
España,Riells i Viabrea,Mollet del Vallès,34.57627491318939,0.002076769817473285,True
España,Riells i Viabrea,Torelló,43.483177425918576,0.0013765580605657063,True
España,Riells i Viabrea,Cellera de Ter (La),28.257387876939394,0.0027804279043509065,True
España,Riells i Viabrea,Sant Hilari Sacalm,17.813573040285167,0.004504911251848307,True
España,Riells i Viabrea,Salt,34.445072773442845,0.002089388788812,True
España,Riells i Viabrea,Celrà,43.23401871597822,0.001392485051079992,True
España,Riells i Viabrea,Riudellots de la Selva,28.329678633223274,0.0027711602426892853,True
España,Riells i Viabrea,Santa Cristina d'Aro,38.85650284056179,0.001704370470209982,True
España,Riells i Viabrea,Sils,18.646966266300147,0.0043346501857838005,True
España,Riells i Viabrea,Sant Feliu de Pallerols,39.80322891588141,0.0016314785977670678,True
España,Igualada,Tàrrega,40.45143596697571,0.0015833769116374305,True
España,Igualada,Torà,31.565318994780842,0.002386534182980215,True
España,Igualada,Bisbal del Penedès (La),34.879976732290075,0.002047851676119985,True
España,Igualada,Cabra del Camp,35.00976393340845,0.002035616695085803,True
España,Torelló,Prats de Lluçanès,19.831891031333488,0.004103620183789498,True
España,Torelló,Cellera de Ter (La),30.789601705403534,0.0024735713907796737,True
España,Torelló,Sant Hilari Sacalm,27.844487526227155,0.002833959697050691,True
España,Torelló,Banyoles,42.15249669387596,0.0014637821186945755,True
España,Torelló,Salt,44.54537102156056,0.0013106769084012743,True
España,Torelló,Campdevànol,20.88574364541539,0.003908537711162129,True
España,Torelló,Camprodon,30.604325092866308,0.002494825668525405,True
España,Torelló,Olot,23.82129583382624,0.0034127516646654385,True
España,Torelló,Sant Feliu de Pallerols,20.66831744976315,0.003948010146544922,True
España,Prats de Lluçanès,Sant Hilari Sacalm,42.41998451554248,0.0014458159095360112,True
España,Prats de Lluçanès,Campdevànol,26.352516119844548,0.003036140349402705,True
España,Prats de Lluçanès,Camprodon,43.72929721052626,0.001361004109142467,True
España,Prats de Lluçanès,Olot,42.54105845659285,0.0014377564380301643,True
España,Prats de Lluçanès,Sant Feliu de Pallerols,40.48304601937266,0.0015810678231318032,True
España,Prats de Lluçanès,Sant Llorenç de Morunys,38.82534541624463,0.0017068239702892492,True
España,Prats de Lluçanès,Solsona,42.248349167685234,0.0014573185318086158,True
España,Puigcerdà,Campdevànol,30.472436658031327,0.002510066744532939,True
España,Puigcerdà,Camprodon,38.26254268562317,0.0017517552034696919,True
España,Puigcerdà,Seu d'Urgell (La),39.323970763475444,0.0016679801895402384,True
España,Puigcerdà,Sant Llorenç de Morunys,42.893883997003776,0.0014145252940375972,True
España,Cellera de Ter (La),Sant Hilari Sacalm,13.634940314760557,0.005465269148805505,True
España,Cellera de Ter (La),Vilafant,40.31234819864803,0.0015935772877632248,True
España,Cellera de Ter (La),Banyoles,20.277653688651114,0.004019939610355476,True
España,Cellera de Ter (La),Salt,14.238410378169007,0.005314811311992511,True
España,Cellera de Ter (La),Bisbal d'Empordà (La),34.72460107325785,0.0020625956770965203,True
España,Cellera de Ter (La),Celrà,22.194391070779183,0.003679176888312813,True
España,Cellera de Ter (La),Riudellots de la Selva,17.469957203704606,0.004577049576298883,True
España,Cellera de Ter (La),Santa Cristina d'Aro,36.043887797851646,0.0019407072527175622,True
España,Cellera de Ter (La),Camprodon,43.49471597165827,0.001375824908996989,True
España,Cellera de Ter (La),Olot,25.929701754742368,0.003096020808925412,True
España,Cellera de Ter (La),Ullà,41.42262283971759,0.0015139486950563911,True
España,Cellera de Ter (La),Sils,20.63659885775675,0.0039538017729854325,True
España,Cellera de Ter (La),Sant Feliu de Pallerols,15.062756615287585,0.005115978145820575,True
España,Sant Hilari Sacalm,Banyoles,33.871659245141046,0.0021454460723022988,True
España,Sant Hilari Sacalm,Salt,25.59648299010972,0.003144044812713607,True
España,Sant Hilari Sacalm,Bisbal d'Empordà (La),44.71572148545362,0.001300408395157853,True
España,Sant Hilari Sacalm,Celrà,34.48002451701064,0.002086019665823308,True
España,Sant Hilari Sacalm,Riudellots de la Selva,24.340583582520097,0.003331850777906752,True
España,Sant Hilari Sacalm,Santa Cristina d'Aro,41.360120830787615,0.0015183237391133513,True
España,Sant Hilari Sacalm,Olot,33.76081935803193,0.002156454188250747,True
España,Sant Hilari Sacalm,Sils,20.770361378311804,0.003929435159508317,True
España,Sant Hilari Sacalm,Sant Feliu de Pallerols,22.162442306194382,0.003684612445919919,True
España,Vilafant,Banyoles,20.154897010479022,0.004042811864529605,True
España,Vilafant,Palafrugell,41.09668457974829,0.0015369032210858149,True
España,Vilafant,Salt,32.549562329098066,0.002280498014410673,True
España,Vilafant,Bisbal d'Empordà (La),32.931505460106706,0.002240631515172652,True
España,Vilafant,Celrà,25.131385435156435,0.003212325633830105,True
España,Vilafant,Port de la Selva (El),24.079161305680124,0.0033723352090672064,True
España,Vilafant,Riudellots de la Selva,40.77752066062465,0.0015597178289526062,True
España,Vilafant,Olot,37.69031496251407,0.0017986519319512042,True
España,Vilafant,Castelló d'Empúries,11.345004461645411,0.006076142563827621,True
España,Vilafant,Ullà,25.8833773277963,0.003102652925033718,True
España,Vilafant,Jonquera (La),19.65706458660342,0.004136914187494095,True
España,Vilafant,Sant Feliu de Pallerols,39.906202319016685,0.0016237407213934964,True
España,Banyoles,Palafrugell,39.82508981446399,0.0016298327960460567,True
España,Banyoles,Salt,16.17183719063392,0.004860189830142864,True
España,Banyoles,Bisbal d'Empordà (La),28.73448226823062,0.0027198331345200406,True
España,Banyoles,Celrà,14.03482336207455,0.005365099422220962,True
España,Banyoles,Port de la Selva (El),43.546994347886375,0.0013725080626765807,True
España,Banyoles,Riudellots de la Selva,25.212523768475688,0.0032003076683126902,True
España,Banyoles,Santa Cristina d'Aro,38.97285801050506,0.0016952391897497342,True
España,Banyoles,Camprodon,39.40202954847758,0.001661979823668344,True
España,Banyoles,Olot,23.883593803693827,0.0034029431707912243,True
España,Banyoles,Castelló d'Empúries,29.897559243167972,0.002577595915040096,True
España,Banyoles,Ullà,29.409592435985658,0.0026363412530513992,True
España,Banyoles,Jonquera (La),34.37871159981295,0.0020958005686254238,True
España,Banyoles,Sils,34.39870295879491,0.0020938669451880786,True
España,Banyoles,Sant Feliu de Pallerols,21.496462080390497,0.0037997686762888594,True
España,Palafrugell,Salt,31.34913502039841,0.0024104776646738197,True
España,Palafrugell,Bisbal d'Empordà (La),11.290125827646204,0.006091594449423523,True
España,Palafrugell,Celrà,26.405587700417772,0.003028706573491766,True
España,Palafrugell,Riudellots de la Selva,29.87200662299486,0.0025806393691717236,True
España,Palafrugell,Santa Cristina d'Aro,17.46291903014474,0.0045785392083345176,True
España,Palafrugell,Castelló d'Empúries,38.63571069036136,0.001721833169382768,True
España,Palafrugell,Ullà,15.619095718220144,0.004986023922963772,True
España,Palafrugell,Sils,36.82380049345845,0.001872068397210552,True
España,Salt,Bisbal d'Empordà (La),20.529137957888345,0.003973486876667344,True
España,Salt,Celrà,9.079327399124358,0.006748025036665958,True
España,Salt,Riudellots de la Selva,9.044274835110945,0.006758985929125561,True
España,Salt,Santa Cristina d'Aro,24.773492460371767,0.003265877516925364,True
España,Salt,Olot,34.1440337485271,0.0021186333468466417,True
España,Salt,Castelló d'Empúries,39.22291299018234,0.0016757806748833566,True
España,Salt,Ullà,27.586672354305477,0.0028679071542330133,True
España,Salt,Sils,18.791193201730895,0.00430584674671759,True
España,Salt,Sant Feliu de Pallerols,26.069497127225794,0.0030760927260684904,True
España,Bisbal d'Empordà (La),Celrà,15.126036065080287,0.005101027156473103,True
España,Bisbal d'Empordà (La),Port de la Selva (El),43.96761776140139,0.0013461104671358484,True
España,Bisbal d'Empordà (La),Riudellots de la Selva,20.886420512757816,0.003908415449660895,True
España,Bisbal d'Empordà (La),Santa Cristina d'Aro,16.367530896248724,0.0048164070782331005,True
España,Bisbal d'Empordà (La),Castelló d'Empúries,33.260808520099594,0.0022068198424061683,True
España,Bisbal d'Empordà (La),Ullà,11.690846989432167,0.0059796669430334645,True
España,Bisbal d'Empordà (La),Sils,29.756713778000762,0.002594416164907743,True
España,Celrà,Port de la Selva (El),43.809510449020586,0.0013559729514804521,True
España,Celrà,Riudellots de la Selva,15.855153281434935,0.0049318893289788755,True
España,Celrà,Santa Cristina d'Aro,25.39816806990138,0.0031729797408173266,True
España,Celrà,Olot,36.688191945722764,0.001883826205599559,True
España,Celrà,Castelló d'Empúries,30.5727383068718,0.0024984673909545425,True
España,Celrà,Ullà,19.295453830840874,0.004206641405972628,True
España,Celrà,Jonquera (La),43.59874999263997,0.0013692322548034077,True
España,Celrà,Sils,26.45060629857851,0.0030224150775104456,True
España,Celrà,Sant Feliu de Pallerols,31.0593954225285,0.0024429453357214196,True
España,Port de la Selva (El),Castelló d'Empúries,13.742636428367009,0.005438108291161459,True
España,Port de la Selva (El),Ullà,32.601562181475735,0.002275028900962841,True
España,Port de la Selva (El),Jonquera (La),28.568297018407655,0.0027407884089051416,True
España,Riudellots de la Selva,Santa Cristina d'Aro,18.578937789250965,0.004348303075939768,True
España,Riudellots de la Selva,Olot,41.38666305575062,0.0015164642822822823,True
España,Riudellots de la Selva,Ullà,30.792789853588513,0.002473207248524045,True
España,Riudellots de la Selva,Sils,10.624007759564666,0.006282326220630479,True
España,Riudellots de la Selva,Sant Feliu de Pallerols,31.86717921636416,0.002353499362912838,True
España,Santa Cristina d'Aro,Ullà,27.701981956886723,0.0028526738720137884,True
España,Santa Cristina d'Aro,Sils,21.515469850849826,0.0037964325160925703,True
España,Campdevànol,Camprodon,19.134976089685996,0.0042379617039114085,True
España,Campdevànol,Olot,26.806209594021617,0.0029731762324984386,True
España,Campdevànol,Sant Feliu de Pallerols,32.45752858307483,0.0022902099892084544,True
España,Camprodon,Olot,17.722785282468166,0.004523859550977449,True
España,Camprodon,Jonquera (La),43.32349557716756,0.0013867443285103974,True
España,Camprodon,Sant Feliu de Pallerols,28.68020633969038,0.002726659403533105,True
España,Olot,Jonquera (La),41.02705088880383,0.0015418521772528932,True
España,Olot,Sant Feliu de Pallerols,11.683191642759152,0.005981785728592226,True
España,Castelló d'Empúries,Ullà,23.143095930626604,0.003521381172166105,True
España,Castelló d'Empúries,Jonquera (La),24.163024212414143,0.0033592946057280546,True
España,Ullà,Jonquera (La),45.00583410031932,0.0012831054886506417,True
España,Ullà,Sils,40.56833416961604,0.001574854378174321,True
España,Sils,Sant Feliu de Pallerols,35.6208758134295,0.0019789831417533184,True
España,Castellserà,Lleida,33.37959160333289,0.0021947493308626513,True
España,Castellserà,Rosselló,32.88079902916149,0.0022458837364419835,True
España,Castellserà,Alfarràs,35.9684991250255,0.0019474740829745567,True
España,Castellserà,Tàrrega,16.793297798771086,0.00472251176326353,True
España,Castellserà,Juneda,25.780251524290716,0.0031174682558044063,True
España,Castellserà,Puigverd de Lleida,30.678035908025073,0.0024863480128844142,True
España,Castellserà,Ponts,24.97759935114977,0.0032352281595867775,True
España,Castellserà,Térmens,18.667262593820325,0.004330585171452827,True
España,Castellserà,Golmés,13.544813121698445,0.005488103762474885,True
España,Castellserà,Torà,35.11716280412347,0.002025547572644535,True
España,Castellserà,Isona i Conca Dellà,41.83213875716552,0.0014855933884645326,True
España,Castellserà,Oliana,44.43980897789794,0.0013170806837706623,True
España,Castellserà,Espluga de Francolí (L'),40.15543765189524,0.0016051636442055302,True
España,Soses,Lleida,14.539004742584249,0.005241424871064252,True
España,Soses,Rosselló,20.386599107852106,0.003999749369839772,True
España,Soses,Alfarràs,33.70523303045434,0.002161996032853991,True
España,Soses,Juneda,28.134365280098695,0.002796270785204543,True
España,Soses,Puigverd de Lleida,20.5678630915804,0.003966381758988295,True
España,Soses,Térmens,30.79810012572874,0.0024726008417414987,True
España,Soses,Golmés,38.53168936761807,0.001730122232247775,True
España,Soses,Flix,34.3924701536836,0.0020944696089618504,True
España,Lleida,Rosselló,9.698280332088148,0.00655739411308204,True
España,Lleida,Alfarràs,24.575284342854292,0.003295919479798624,True
España,Lleida,Tàrrega,42.82708333276795,0.0014188946775277977,True
España,Lleida,Juneda,18.15546690001362,0.004434266125678364,True
España,Lleida,Puigverd de Lleida,11.904181112685052,0.005920924151179071,True
España,Lleida,Térmens,16.31635562130425,0.004827818223628789,True
España,Lleida,Golmés,25.56337059863107,0.0031488575934486896,True
España,Lleida,Flix,43.528487954432826,0.0013736813017499493,True
España,Rosselló,Alfarràs,14.909826162262446,0.005152292706031216,True
España,Rosselló,Juneda,25.371690457037015,0.003176863060719845,True
España,Rosselló,Puigverd de Lleida,20.632582964956367,0.003954535658320386,True
España,Rosselló,Térmens,14.215624143705698,0.0053204161576935905,True
España,Rosselló,Golmés,28.947646673026032,0.002693188675050778,True
España,Alfarràs,Juneda,38.01859344458264,0.0017715965428458918,True
España,Alfarràs,Puigverd de Lleida,34.70831530040697,0.002064147213211758,True
España,Alfarràs,Térmens,20.631533928868304,0.003954727387176152,True
España,Alfarràs,Golmés,37.51011256687684,0.0018136787820709449,True
España,Tàrrega,Juneda,28.310515163775463,0.0027736139785811556,True
España,Tàrrega,Puigverd de Lleida,35.51462164303732,0.001988715563002784,True
España,Tàrrega,Ponts,30.105941159084743,0.002552910274110122,True
España,Tàrrega,Térmens,32.04838459359214,0.002333888952567657,True
España,Tàrrega,Golmés,17.268045884773176,0.0046199778647662395,True
España,Tàrrega,Torà,28.455943404299394,0.00275504725730479,True
España,Tàrrega,Cabra del Camp,30.233572459214184,0.002537907651695971,True
España,Tàrrega,Espluga de Francolí (L'),28.23081530740641,0.002783842298326365,True
España,Juneda,Puigverd de Lleida,7.566580466308743,0.0072377037056645735,True
España,Juneda,Térmens,19.500457077949406,0.0041669684742223,True
España,Juneda,Golmés,12.83663765888239,0.005670891708765897,True
España,Juneda,Alforja,39.506169944296445,0.0016540081654473193,True
España,Juneda,Flix,42.6594322266669,0.0014299201296763524,True
España,Juneda,Cabra del Camp,41.21862575319677,0.0015282749330305253,True
España,Juneda,Espluga de Francolí (L'),28.43075510424723,0.002758254095377519,True
España,Juneda,Falset,44.676124407027096,0.001302788061932675,True
España,Puigverd de Lleida,Térmens,19.399646789362535,0.00418643052560547,True
España,Puigverd de Lleida,Golmés,19.068777460699593,0.0042509496532301795,True
España,Puigverd de Lleida,Alforja,42.18910862273075,0.0014613099032152578,True
España,Puigverd de Lleida,Flix,38.66403883352816,0.0017195826966489162,True
España,Puigverd de Lleida,Espluga de Francolí (L'),34.594699945515785,0.0020750038220878875,True
España,Puigverd de Lleida,Falset,44.873666117474016,0.0012909595361136502,True
España,Ponts,Térmens,41.16113676583956,0.001532336675878107,True
España,Ponts,Golmés,37.90389893535311,0.0017810026215265657,True
España,Ponts,Torà,21.256031230341073,0.003842222577223299,True
España,Ponts,Isona i Conca Dellà,25.418491241067212,0.0031700022836515136,True
España,Ponts,Oliana,19.583035356303405,0.004151093832017384,True
España,Ponts,Pobla de Segur (La),41.0631359235377,0.0015392855815062972,True
España,Ponts,Sant Llorenç de Morunys,41.607259635499915,0.0015010978795089065,True
España,Ponts,Solsona,28.862444982725176,0.0027038069511630906,True
España,Térmens,Golmés,16.89259430351384,0.004700879052021529,True
España,Golmés,Torà,43.77649302661242,0.001358041624651248,True
España,Golmés,Cabra del Camp,38.83650424309282,0.0017059448596259017,True
España,Golmés,Espluga de Francolí (L'),29.70628494660672,0.0026004652288391166,True
España,Vielha e Mijaran,Vall de Boí (La),21.909533372452383,0.0037279257474683216,True
España,Vielha e Mijaran,Sort,42.36121876135102,0.0014497440064777268,True
España,Torà,Oliana,28.89480019938266,0.002699769748676431,True
España,Torà,Sant Llorenç de Morunys,39.36574011739949,0.001664766696485201,True
España,Torà,Solsona,22.366976634260514,0.003649952945102166,True
España,Isona i Conca Dellà,Seu d'Urgell (La),43.01826254664379,0.0014064255870799218,True
España,Isona i Conca Dellà,Oliana,22.828765818216226,0.003572896973914472,True
España,Isona i Conca Dellà,Pobla de Segur (La),15.651440611115378,0.004978571234516504,True
España,Isona i Conca Dellà,Solsona,41.33898688555962,0.0015198059405395667,True
España,Isona i Conca Dellà,Sort,33.006697584217775,0.0022328656631798696,True
España,Seu d'Urgell (La),Oliana,34.75323356044485,0.0020598707053773257,True
España,Seu d'Urgell (La),Pobla de Segur (La),42.25153977509263,0.0014571038720651848,True
España,Seu d'Urgell (La),Sant Llorenç de Morunys,26.731604917764663,0.002983439379898676,True
España,Seu d'Urgell (La),Solsona,40.65388492045492,0.0015686463307469786,True
España,Seu d'Urgell (La),Sort,27.822241434919263,0.002836872988649416,True
España,Oliana,Pobla de Segur (La),35.05197758502283,0.0020316530172392426,True
España,Oliana,Sant Llorenç de Morunys,24.347875019087084,0.003330728617297848,True
España,Oliana,Solsona,18.629311582959648,0.004338189234612393,True
España,Oliana,Sort,41.40677917762007,0.0015150565329189486,True
España,Pobla de Segur (La),Vall de Boí (La),31.595231205776482,0.00238324005464525,True
España,Pobla de Segur (La),Sort,22.418002335167166,0.0036413573948202585,True
España,Vall de Boí (La),Sort,28.668841262681703,0.0027280909569871977,True
España,Sant Llorenç de Morunys,Solsona,17.03359420482552,0.004670331519786806,True
España,Bisbal del Penedès (La),Vilallonga del Camp,24.842251737184974,0.003255520044470221,True
España,Bisbal del Penedès (La),Alforja,43.53987217016577,0.0013729594646332433,True
España,Bisbal del Penedès (La),Reus,34.724113497347425,0.002062642111220969,True
España,Bisbal del Penedès (La),Pobla de Montornès (La),12.874898018662941,0.005660861918174644,True
España,Bisbal del Penedès (La),Montbrió del Camp,44.09668580413565,0.0013381125848194995,True
España,Bisbal del Penedès (La),Cabra del Camp,21.88527278196563,0.00373210735649901,True
España,Bisbal del Penedès (La),Pallaresos (Els),21.52737435332984,0.0037943445855497257,True
España,Bisbal del Penedès (La),Espluga de Francolí (L'),34.99571151008086,0.0020369378721332237,True
España,Alcanar,Amposta,20.402578839487173,0.003996796497434066,True
España,Alcanar,Perelló (El),41.60634081639803,0.0015011615590119066,True
España,Alcanar,Deltebre,27.28326669684334,0.002908379685963201,True
España,Alcanar,Roquetes,30.76820872767599,0.002476016231569478,True
España,Alcanar,Rossell,23.404403871620843,0.0034791222386059547,True
España,Alcanar,Albocàsser,43.90168943179672,0.0013502142268359619,True
España,Alcanar,Alcalà de Xivert,34.33905411832008,0.002099641647084959,True
España,Alcanar,Càlig,14.04190386335469,0.005363342475735474,True
España,Alcanar,Sant Mateu,27.146756846960223,0.0029267753970841446,True
España,Vilallonga del Camp,Alforja,19.326927375643468,0.004200526018615106,True
España,Vilallonga del Camp,Reus,10.215783253224647,0.006402166873629781,True
España,Vilallonga del Camp,Pobla de Montornès (La),17.672656199811637,0.0045343562151870555,True
España,Vilallonga del Camp,Montbrió del Camp,19.458847188049,0.004174990503336673,True
España,Vilallonga del Camp,Cabra del Camp,21.460061375910517,0.0038061657718554513,True
España,Vilallonga del Camp,Pallaresos (Els),6.567026603823697,0.007580702084920381,True
España,Vilallonga del Camp,Espluga de Francolí (L'),22.57005897005918,0.0036158627605497404,True
España,Vilallonga del Camp,Falset,33.047846562827345,0.0022286272016770574,True
España,Amposta,Perelló (El),21.290266388561626,0.003836148622780807,True
España,Amposta,Gandesa,39.61022313750039,0.0016460813711913862,True
España,Amposta,Benissanet,38.60412884265805,0.0017243455988989655,True
España,Amposta,Deltebre,10.848563195324504,0.006217367622582469,True
España,Amposta,Roquetes,13.75880151912324,0.005434043180415334,True
España,Amposta,Rossell,32.13866712493832,0.0023241795229869714,True
España,Amposta,Càlig,33.68521720252208,0.00216399505846764,True
España,Amposta,Sant Mateu,43.744092179399445,0.0013600747335626691,True
España,Alforja,Reus,12.740413057994548,0.005696195498277451,True
España,Alforja,Pobla de Montornès (La),36.85770325525509,0.001869140379514785,True
España,Alforja,Perelló (El),43.412347969638724,0.0013810670812913217,True
España,Alforja,Flix,36.1387581171163,0.0019322251802531818,True
España,Alforja,Benissanet,33.3772549568284,0.002194986138191065,True
España,Alforja,Montbrió del Camp,10.240455757150373,0.006394859120863641,True
España,Alforja,Cabra del Camp,32.306555392486075,0.002306231353328881,True
España,Alforja,Pallaresos (Els),25.072629880402083,0.003221056543536267,True
España,Alforja,Espluga de Francolí (L'),22.815770985753698,0.0035750428881380844,True
España,Alforja,Falset,14.847382398883497,0.005167194741479581,True
España,Reus,Pobla de Montornès (La),25.74781221708161,0.0031221432096176335,True
España,Reus,Benissanet,41.199432909734554,0.0015296297577222038,True
España,Reus,Montbrió del Camp,9.373415257695234,0.006656764684913628,True
España,Reus,Cabra del Camp,30.14075259743177,0.0025488095249383245,True
España,Reus,Pallaresos (Els),13.880379026682215,0.00540356708296346,True
España,Reus,Espluga de Francolí (L'),26.699190253276534,0.002987909621115496,True
España,Reus,Falset,24.082639593920387,0.003371793331645438,True
España,Pobla de Montornès (La),Montbrió del Camp,34.823509122286005,0.002053197796647052,True
España,Pobla de Montornès (La),Cabra del Camp,26.685982913355357,0.002989732941801299,True
España,Pobla de Montornès (La),Pallaresos (Els),11.92921498116433,0.005914069023546999,True
España,Pobla de Montornès (La),Espluga de Francolí (L'),35.701868174493285,0.001971596609537802,True
España,Perelló (El),Flix,41.59135663361529,0.0015022004312026864,True
España,Perelló (El),Gandesa,30.237565675226662,0.0025374396895049404,True
España,Perelló (El),Benissanet,21.230164759501058,0.0038468181630837753,True
España,Perelló (El),Montbrió del Camp,36.834524473909404,0.0018711417230547716,True
España,Perelló (El),Deltebre,17.348656210625432,0.004602791116478021,True
España,Perelló (El),Falset,31.478231257834747,0.002396150827605469,True
España,Perelló (El),Roquetes,18.69184450780587,0.004325666944249225,True
España,Flix,Gandesa,21.418829044201168,0.00381342502253442,True
España,Flix,Benissanet,20.381628538966503,0.004000668320229086,True
España,Flix,Montbrió del Camp,40.32224716035051,0.0015928491539124144,True
España,Flix,Falset,24.838684620753483,0.0032560565626171497,True
España,Gandesa,Benissanet,16.41800506858734,0.004805178769232062,True
España,Gandesa,Deltebre,43.3876084158603,0.0013826454837729213,True
España,Gandesa,Falset,33.7256100842137,0.0021599628290421636,True
España,Gandesa,Roquetes,26.238195978090726,0.0030522153985569176,True
España,Benissanet,Montbrió del Camp,31.9376650128459,0.0023458517247759913,True
España,Benissanet,Deltebre,38.05088616235883,0.0017689571976112492,True
España,Benissanet,Falset,18.5422626924668,0.0043556814205085535,True
España,Benissanet,Roquetes,28.491855791746126,0.00275048154140782,True
España,Montbrió del Camp,Cabra del Camp,37.84661199698579,0.0017857194030762654,True
España,Montbrió del Camp,Pallaresos (Els),23.105143420743996,0.003527561513775865,True
España,Montbrió del Camp,Espluga de Francolí (L'),31.32065827719152,0.0024136494808813438,True
España,Montbrió del Camp,Falset,15.67591589836779,0.00497293923574005,True
España,Cabra del Camp,Pallaresos (Els),24.375996966190986,0.003326404162161213,True
España,Cabra del Camp,Espluga de Francolí (L'),14.800516716814528,0.005178407514092389,True
España,Deltebre,Roquetes,20.72168429461212,0.00393828486298534,True
España,Deltebre,Rossell,42.708545556973455,0.0014266813874743516,True
España,Deltebre,Càlig,41.301944789339686,0.001522407329979844,True
España,Pallaresos (Els),Espluga de Francolí (L'),28.349567254507615,0.0027686159552550056,True
España,Pallaresos (Els),Falset,37.88627934360096,0.001782452021033124,True
España,Espluga de Francolí (L'),Falset,36.05838550051526,0.0019394086491283666,True
España,Roquetes,Rossell,32.88352157861393,0.002245601419365347,True
España,Roquetes,Càlig,41.84795760248185,0.001484508790785979,True
España,Rossell,Albocàsser,33.300813612785134,0.0022027471994787405,True
España,Rossell,Alcalà de Xivert,34.67066642940624,0.0020677384710273065,True
España,Rossell,Càlig,20.72718400889608,0.003937283990924877,True
España,Rossell,Morella,26.86588476017178,0.0029649923543778075,True
España,Rossell,Sant Mateu,17.324123465569386,0.004608014889074085,True
España,Aceuchal,Zarza (La),30.118019951312462,0.0025514866578943522,True
España,Aceuchal,Torre de Miguel Sesmero,27.00874016312558,0.0029454926361840543,True
España,Aceuchal,Calamonte,28.426205799154904,0.002758833686664239,True
España,Aceuchal,Salvaleón,30.15098287975981,0.0025476056631487847,True
España,Aceuchal,Burguillos del Cerro,31.158495007243904,0.0024317914604968568,True
España,Aceuchal,Corte de Peleas,18.152926298002058,0.004434786968297471,True
España,Aceuchal,Parra (La),18.36264685853692,0.004391998484149683,True
España,Aceuchal,Villafranca de los Barros,16.038951222695015,0.004890147942644052,True
España,Aceuchal,Guareña,40.78594603854273,0.001559111232942871,True
España,Aceuchal,Hornachos,37.694621340259054,0.0017982943562272172,True
España,Aceuchal,Valle de Santa Ana,40.82773550722879,0.001556106030653235,True
España,Aceuchal,Puebla de la Calzada,29.959738209313976,0.0025702050690926273,True
España,Aceuchal,Puebla de Sancho Pérez,28.75309175220058,0.002717496566300277,True
España,Aceuchal,Trujillanos,39.18593411336543,0.0016786441223642634,True
España,Aceuchal,Valverde de Leganés,43.0492863743963,0.0014044125062346458,True
España,Aceuchal,Pueblonuevo del Guadiana,38.51466329957824,0.0017314827704242729,True
España,Aceuchal,Valencia del Ventoso,42.4972219999363,0.0014406692787218797,True
España,Berlanga,Granja de Torrehermosa,20.446462199715498,0.003988698588870599,True
España,Berlanga,Bienvenida,33.32873409764171,0.002199909264679719,True
España,Berlanga,Monesterio,44.58892085265368,0.001308044093916932,True
España,Berlanga,Campillo de Llerena,24.186606187604344,0.0033556367402688657,True
España,Berlanga,Zalamea de la Serena,43.48093188686182,0.001376700786020652,True
España,Berlanga,Hornachos,36.82852934394696,0.0018716597140513358,True
España,Berlanga,Llerena,17.006570556540535,0.00467617071120673,True
España,Zarza (La),Calamonte,16.533128801559137,0.0047796668916632555,True
España,Zarza (La),Corte de Peleas,40.6119359149891,0.0015716873248292512,True
España,Zarza (La),Villanueva de la Serena,40.08417035007084,0.0016104538401915283,True
España,Zarza (La),Villafranca de los Barros,30.284884114806186,0.0025319010468799683,True
España,Zarza (La),Guareña,10.88502002591797,0.00620688534721413,True
España,Zarza (La),Hornachos,31.945708443455047,0.0023449806033113097,True
España,Zarza (La),Puebla de la Calzada,36.2169243423315,0.0019252644451180486,True
España,Zarza (La),Santa Amalia,28.00380160779223,0.002813183699566003,True
España,Zarza (La),Trujillanos,15.280769688490128,0.005064652758774594,True
España,Zarza (La),Nava de Santiago (La),36.83360676057556,0.0018712210059914462,True
España,Torre de Miguel Sesmero,Alconchel,26.462965634174303,0.003020690111391353,True
España,Torre de Miguel Sesmero,Badajoz,32.586202194173616,0.002276643028689406,True
España,Torre de Miguel Sesmero,Salvaleón,12.160513293158413,0.0058511073738682865,True
España,Torre de Miguel Sesmero,Burguillos del Cerro,32.22873983274759,0.0023145329469103286,True
España,Torre de Miguel Sesmero,Cheles,43.81027579341359,0.0013559250369717811,True
España,Torre de Miguel Sesmero,Corte de Peleas,16.034593602685547,0.0048911334651764475,True
España,Torre de Miguel Sesmero,Parra (La),18.44142836580593,0.004376032179229596,True
España,Torre de Miguel Sesmero,Villafranca de los Barros,40.31870793660407,0.0015931094489204205,True
España,Torre de Miguel Sesmero,Valle de Santa Ana,28.21658710014946,0.0027856722515741646,True
España,Torre de Miguel Sesmero,Puebla de la Calzada,34.03492729721569,0.002129333364233677,True
España,Torre de Miguel Sesmero,Puebla de Sancho Pérez,42.34941130715654,0.0014505345419174016,True
España,Torre de Miguel Sesmero,Oliva de la Frontera,39.62571153610903,0.001644904714381203,True
España,Torre de Miguel Sesmero,Valverde de Leganés,17.202058974371912,0.004634094688200726,True
España,Torre de Miguel Sesmero,Pueblonuevo del Guadiana,33.99885613415333,0.0021328827265284372,True
España,Torre de Miguel Sesmero,Villanueva del Fresno,42.23131234208462,0.0014584652815672174,True
España,Alburquerque,Badajoz,37.985431190215806,0.0017743110562917913,True
España,Alburquerque,Codosera (La),14.515553506938721,0.005247113449793651,True
España,Alburquerque,Roca de la Sierra (La),29.472269605305428,0.002628721280037277,True
España,Alburquerque,Pueblonuevo del Guadiana,39.18197107944497,0.0016789512887777644,True
España,Alburquerque,San Vicente de Alcántara,19.554437927203224,0.004156584455450564,True
España,Alburquerque,Aliseda,35.05869612603477,0.002031022888228387,True
España,Alconchel,Badajoz,41.179500977736794,0.0015310380258682643,True
España,Alconchel,Salvaleón,24.766208751700688,0.0032669766217115234,True
España,Alconchel,Burguillos del Cerro,44.66436160635476,0.0013034958094009842,True
España,Alconchel,Cheles,18.303627290434264,0.004403997986853309,True
España,Alconchel,Corte de Peleas,41.76203228202001,0.0014904096874476772,True
España,Alconchel,Parra (La),38.84618479908291,0.0017051825763972762,True
España,Alconchel,Valle de Santa Ana,29.838652609674117,0.00258461742470799,True
España,Alconchel,Oliva de la Frontera,29.814769813353635,0.0025874696415568144,True
España,Alconchel,Valverde de Leganés,18.96392022945094,0.004271604018125652,True
España,Alconchel,Villanueva del Fresno,17.827619762099165,0.0045019866813435176,True
España,Calamonte,Corte de Peleas,30.82266069266909,0.0024697980822202775,True
España,Calamonte,Villafranca de los Barros,36.66566990263084,0.0018857860983815438,True
España,Calamonte,Guareña,24.493444470965624,0.0033084043813593525,True
España,Calamonte,Puebla de la Calzada,20.735875498994744,0.003935702779598094,True
España,Calamonte,Santa Amalia,35.03451006345493,0.002033292203933931,True
España,Calamonte,Trujillanos,12.830402251580711,0.005672527983927097,True
España,Calamonte,Nava de Santiago (La),21.8323470583343,0.0037412460730320497,True
España,Calamonte,Roca de la Sierra (La),35.95297014020066,0.0019488708820895235,True
España,Calamonte,Pueblonuevo del Guadiana,32.276026595201316,0.002309484697187432,True
España,Calamonte,Montánchez,42.74898069921771,0.0014240204266993406,True
España,Granja de Torrehermosa,Campillo de Llerena,29.297599417478118,0.002650011901953877,True
España,Granja de Torrehermosa,Zalamea de la Serena,38.058593547394864,0.0017683278399480342,True
España,Granja de Torrehermosa,Llerena,37.35681716356422,0.0018265606996175547,True
España,Granja de Torrehermosa,Monterrubio de la Serena,33.754098376536184,0.002157123500328916,True
España,Badajoz,Salvaleón,43.99963933808607,0.0013441217597589352,True
España,Badajoz,Codosera (La),40.314982736885774,0.0015933834676226369,True
España,Badajoz,Corte de Peleas,31.05690678865572,0.002443226095100807,True
España,Badajoz,Puebla de la Calzada,29.97449203853009,0.0025684544853441732,True
España,Badajoz,Valverde de Leganés,22.949426215063664,0.003553033136591498,True
España,Badajoz,Roca de la Sierra (La),35.339599671758876,0.0020048513311846554,True
España,Badajoz,Pueblonuevo del Guadiana,19.224874781854567,0.004220387563701153,True
España,Salvaleón,Burguillos del Cerro,22.537178480212415,0.003621360478785774,True
España,Salvaleón,Cheles,43.05476602566609,0.001404057240853942,True
España,Salvaleón,Corte de Peleas,25.943746812855032,0.0030940128308331507,True
España,Salvaleón,Parra (La),14.149907117911773,0.005336614153533611,True
España,Salvaleón,Villafranca de los Barros,39.44525379739078,0.0016586664739121956,True
España,Salvaleón,Valle de Santa Ana,16.077202472738225,0.0048815055567875834,True
España,Salvaleón,Puebla de la Calzada,44.99339736100159,0.0012838424987126396,True
España,Salvaleón,Puebla de Sancho Pérez,35.888012863380766,0.001954724523820978,True
España,Salvaleón,Oliva de la Frontera,28.484393965044628,0.0027514295756157093,True
España,Salvaleón,Valverde de Leganés,24.810560387373922,0.0032602897388332728,True
España,Salvaleón,Valencia del Ventoso,38.46513854107325,0.001735446336580793,True
España,Salvaleón,Villanueva del Fresno,36.49871712441013,0.0019003782563199803,True
España,Bienvenida,Segura de León,34.062951824634844,0.00212657986221165,True
España,Bienvenida,Burguillos del Cerro,34.21614367144279,0.0021115911083115268,True
España,Bienvenida,Monesterio,24.16848086518051,0.003358447854117628,True
España,Bienvenida,Campillo de Llerena,39.96846148085429,0.0016190801062249903,True
España,Bienvenida,Parra (La),43.77590054082711,0.0013580787750446623,True
España,Bienvenida,Villafranca de los Barros,31.381424429159527,0.0024068862307586327,True
España,Bienvenida,Hornachos,31.083388453846265,0.002440240177969295,True
España,Bienvenida,Llerena,18.32645047599362,0.004399353820723403,True
España,Bienvenida,Puebla de Sancho Pérez,19.870281786910454,0.004096345084568334,True
España,Bienvenida,Valencia del Ventoso,23.343970587780845,0.0034888501618719064,True
España,Segura de León,Burguillos del Cerro,29.113734711197235,0.0026726097985961244,True
España,Segura de León,Monesterio,22.569357141217118,0.003615980021066994,True
España,Segura de León,Valle de Santa Ana,35.370028292053576,0.0020020366540359673,True
España,Segura de León,Puebla de Sancho Pérez,32.743154532256156,0.0022602032906481554,True
España,Segura de León,Oliva de la Frontera,38.29967445481938,0.0017487546839548445,True
España,Segura de León,Valencia del Ventoso,16.686747347020535,0.004745835897624772,True
España,Burguillos del Cerro,Monesterio,42.5334049825185,0.001438264570790796,True
España,Burguillos del Cerro,Corte de Peleas,39.183857884834374,0.0016788050394558173,True
España,Burguillos del Cerro,Parra (La),16.194141696052643,0.004855179527951656,True
España,Burguillos del Cerro,Villafranca de los Barros,29.95109871686518,0.0025712307239055356,True
España,Burguillos del Cerro,Valle de Santa Ana,17.384066109823372,0.004595261736302045,True
España,Burguillos del Cerro,Puebla de Sancho Pérez,16.642365666750216,0.0047555852051294634,True
España,Burguillos del Cerro,Oliva de la Frontera,31.007085523584802,0.0024488535650015334,True
España,Burguillos del Cerro,Valencia del Ventoso,16.10361513126628,0.004875546895581567,True
España,Peñalsordo,Navalvillar de Pela,43.05533798958777,0.0014040201635664245,True
España,Peñalsordo,Puebla de Alcocer,22.26534680222593,0.0036671336618440417,True
España,Peñalsordo,Herrera del Duque,39.26500946694211,0.0016725268927910806,True
España,Peñalsordo,Monterrubio de la Serena,38.351971177021504,0.0017445374409224496,True
España,Peñalsordo,Siruela,18.432143617525277,0.004377910848967858,True
España,Monesterio,Llerena,28.18137902743391,0.0027902056989903053,True
España,Monesterio,Puebla de Sancho Pérez,36.26670179979517,0.0019208448214379915,True
España,Monesterio,Valencia del Ventoso,26.44491855462999,0.003023209235270084,True
España,Coronada (La),Navalvillar de Pela,25.935297136208177,0.0030952206983315576,True
España,Coronada (La),Zalamea de la Serena,29.75782502173891,0.0025942830272108774,True
España,Coronada (La),Villanueva de la Serena,12.928551965447856,0.005646826751335011,True
España,Coronada (La),Puebla de Alcocer,36.41384329946323,0.0019078397281782258,True
España,Coronada (La),Guareña,38.15578339584441,0.0017604108535970073,True
España,Coronada (La),Santa Amalia,31.37014296646703,0.0024081404177850683,True
España,Coronada (La),Monterrubio de la Serena,41.418781953714365,0.0015142171872920298,True
España,Coronada (La),Campo Lugar,32.17100756342459,0.0023207113161310957,True
España,Campillo de Llerena,Zalamea de la Serena,22.488323553715304,0.0036295446458625364,True
España,Campillo de Llerena,Villafranca de los Barros,44.61190599768767,0.001306656653709274,True
España,Campillo de Llerena,Hornachos,21.628715550254388,0.0037766168925576246,True
España,Campillo de Llerena,Llerena,33.31825771973612,0.0022009736908758975,True
España,Campillo de Llerena,Monterrubio de la Serena,35.134429684101335,0.0020239333821719645,True
España,Navalvillar de Pela,Valdecaballeros,29.47400623256861,0.00262851046393575,True
España,Navalvillar de Pela,Villanueva de la Serena,31.405230407146078,0.002404241808754336,True
España,Navalvillar de Pela,Puebla de Alcocer,21.685774090477477,0.003766672152088816,True
España,Navalvillar de Pela,Herrera del Duque,37.07860334012286,0.001850174151554406,True
España,Navalvillar de Pela,Siruela,38.18342900493519,0.0017581653536013274,True
España,Navalvillar de Pela,Guadalupe,41.9457741958015,0.0014778196888437798,True
España,Navalvillar de Pela,Campo Lugar,28.527416240100504,0.002745968034776879,True
España,Navalvillar de Pela,Logrosán,27.441129911652943,0.002887250784616169,True
España,Navalvillar de Pela,Madroñera,44.67911172876363,0.0013026083810879128,True
España,Valdecaballeros,Puebla de Alcocer,29.52794644085462,0.002621970868559857,True
España,Valdecaballeros,Herrera del Duque,14.829254498183055,0.005171529010790635,True
España,Valdecaballeros,Siruela,32.17475988127864,0.002320309250964342,True
España,Valdecaballeros,Guadalupe,25.837418499087647,0.003109246762457255,True
España,Valdecaballeros,Logrosán,27.33805493283832,0.0029010291708236324,True
España,Zalamea de la Serena,Villanueva de la Serena,38.13072790061817,0.0017624484507676914,True
España,Zalamea de la Serena,Hornachos,37.37573364047219,0.0018249661489580817,True
España,Zalamea de la Serena,Monterrubio de la Serena,19.73180846374541,0.004122646925164268,True
España,Cheles,Oliva de la Frontera,41.01516162071064,0.0015426987539461606,True
España,Cheles,Valverde de Leganés,31.508327339577296,0.0023928230961025917,True
España,Cheles,Villanueva del Fresno,18.05076575080625,0.0044557815661085895,True
España,Codosera (La),Roca de la Sierra (La),42.68216931452115,0.0014284198365810221,True
España,Codosera (La),San Vicente de Alcántara,17.320661262095133,0.004608752576847728,True
España,Corte de Peleas,Parra (La),22.990597330656357,0.003546280654661065,True
España,Corte de Peleas,Villafranca de los Barros,34.12180396502854,0.002120809037927994,True
España,Corte de Peleas,Valle de Santa Ana,41.27902256710889,0.0015240193393530558,True
España,Corte de Peleas,Puebla de la Calzada,19.24369575925643,0.004216717543881215,True
España,Corte de Peleas,Puebla de Sancho Pérez,43.36393340551866,0.0013841576559876876,True
España,Corte de Peleas,Trujillanos,43.62978488877332,0.001367271689728257,True
España,Corte de Peleas,Nava de Santiago (La),40.20643867516446,0.0016013884915985293,True
España,Corte de Peleas,Valverde de Leganés,27.61544646820624,0.002864098262359586,True
España,Corte de Peleas,Roca de la Sierra (La),42.83386862519054,0.0014184502415015357,True
España,Corte de Peleas,Pueblonuevo del Guadiana,23.21192737531833,0.003510200049515503,True
España,Villanueva de la Serena,Guareña,29.199157708956374,0.00266208698510963,True
España,Villanueva de la Serena,Santa Amalia,18.74182496577859,0.00431568436702229,True
España,Villanueva de la Serena,Trujillanos,39.79224521526159,0.0016323061348272505,True
España,Villanueva de la Serena,Montánchez,41.05013050485858,0.0015402101163619931,True
España,Villanueva de la Serena,Campo Lugar,24.77817352163215,0.003265171344736087,True
España,Puebla de Alcocer,Herrera del Duque,27.11758068375814,0.002930722190276028,True
España,Puebla de Alcocer,Siruela,17.846194813394096,0.004498122222406839,True
España,Puebla de Alcocer,Logrosán,43.82129454040824,0.0013552353940852885,True
España,Parra (La),Villafranca de los Barros,25.332843722885293,0.003182569107229995,True
España,Parra (La),Valle de Santa Ana,22.466796669947733,0.003633156705638931,True
España,Parra (La),Puebla de la Calzada,41.4523589709359,0.00151187163883073,True
España,Parra (La),Puebla de Sancho Pérez,23.90939849756414,0.0033988886325106785,True
España,Parra (La),Oliva de la Frontera,37.523886452252626,0.001812525776101791,True
España,Parra (La),Valverde de Leganés,35.31131275254095,0.002007471449758779,True
España,Parra (La),Valencia del Ventoso,31.366920711151025,0.0024084987636619854,True
España,Herrera del Duque,Siruela,21.26494428568885,0.003840640307731507,True
España,Herrera del Duque,Guadalupe,39.58494769244695,0.0016480033597629181,True
España,Herrera del Duque,Logrosán,41.909790536679964,0.0014802768890081952,True
España,Villafranca de los Barros,Guareña,38.84119185950092,0.0017055756966078287,True
España,Villafranca de los Barros,Hornachos,23.330671776186232,0.0034909945228185236,True
España,Villafranca de los Barros,Valle de Santa Ana,44.90150053710471,0.001289301499137002,True
España,Villafranca de los Barros,Puebla de la Calzada,44.512775743874506,0.001312650927904235,True
España,Villafranca de los Barros,Puebla de Sancho Pérez,19.089503567786807,0.004246878974458294,True
España,Villafranca de los Barros,Trujillanos,43.815933384914224,0.0013555708950356315,True
España,Villafranca de los Barros,Valencia del Ventoso,35.140706580648164,0.002023346906912269,True
España,Guareña,Hornachos,34.08978060215385,0.0021239471847841877,True
España,Guareña,Santa Amalia,18.683206618852623,0.004327394531541859,True
España,Guareña,Trujillanos,16.80979182790818,0.0047189114746999305,True
España,Guareña,Nava de Santiago (La),41.280691845103114,0.0015239018894875373,True
España,Guareña,Montánchez,40.916018462577135,0.0015497763748190466,True
España,Hornachos,Llerena,35.61175854562358,0.0019798163716562896,True
España,Hornachos,Puebla de Sancho Pérez,33.66114672629334,0.002166401480664514,True
España,Valle de Santa Ana,Puebla de Sancho Pérez,34.01743415291922,0.0021310539314139732,True
España,Valle de Santa Ana,Oliva de la Frontera,15.194188475166287,0.00508497386687482,True
España,Valle de Santa Ana,Valverde de Leganés,38.090734854256155,0.0017657057084921389,True
España,Valle de Santa Ana,Valencia del Ventoso,29.527927682544878,0.00262197313994333,True
España,Valle de Santa Ana,Villanueva del Fresno,33.23532489964336,0.00220941808238653,True
España,Llerena,Puebla de Sancho Pérez,37.97601792744073,0.0017750823415284868,True
España,Llerena,Valencia del Ventoso,40.220195647765216,0.0016003717064054265,True
España,Puebla de la Calzada,Trujillanos,32.205426422352794,0.0023170259080706134,True
España,Puebla de la Calzada,Nava de Santiago (La),21.39688574907643,0.0038172939547655832,True
España,Puebla de la Calzada,Valverde de Leganés,39.59978284597922,0.0016468749971495097,True
España,Puebla de la Calzada,Roca de la Sierra (La),24.638943082178862,0.0032862408074501503,True
España,Puebla de la Calzada,Pueblonuevo del Guadiana,11.782446985353799,0.005954373003610753,True
España,Santa Amalia,Trujillanos,22.474155647597687,0.003631921515842791,True
España,Santa Amalia,Nava de Santiago (La),42.98709575871692,0.001408450848766288,True
España,Santa Amalia,Montánchez,26.58936674519764,0.00300310508885012,True
España,Santa Amalia,Campo Lugar,29.112851530226312,0.002672718810290066,True
España,Puebla de Sancho Pérez,Valencia del Ventoso,16.12453080037255,0.004870833525338902,True
España,Trujillanos,Nava de Santiago (La),24.539035345300437,0.0033014435318487216,True
España,Trujillanos,Roca de la Sierra (La),41.128456782084115,0.0015346504094258823,True
España,Trujillanos,Pueblonuevo del Guadiana,43.01351589499852,0.001406733843156038,True
España,Trujillanos,Montánchez,32.133467585780295,0.0023247376083677653,True
España,Nava de Santiago (La),Roca de la Sierra (La),16.80484584022535,0.0047199907873533755,True
España,Nava de Santiago (La),Pueblonuevo del Guadiana,26.653621430851956,0.0029942052726525835,True
España,Nava de Santiago (La),Montánchez,35.88466345294612,0.0019550268332295326,True
España,Nava de Santiago (La),Aliseda,43.26893930355272,0.0013902417692428237,True
España,Nava de Santiago (La),Malpartida de Cáceres,42.63218683009856,0.0014317199756784921,True
España,Nava de Santiago (La),Torreorgaz,41.89914426555926,0.0014810046689102945,True
España,Oliva de la Frontera,Valverde de Leganés,44.401270551363965,0.0013194263480751519,True
España,Oliva de la Frontera,Valencia del Ventoso,38.894081919810255,0.0017014159871783937,True
España,Oliva de la Frontera,Villanueva del Fresno,24.402599246231603,0.0033223185716144453,True
España,Valverde de Leganés,Pueblonuevo del Guadiana,34.08238120681872,0.0021246729531596174,True
España,Valverde de Leganés,Villanueva del Fresno,36.761414813251236,0.0018774683419211077,True
España,Roca de la Sierra (La),Pueblonuevo del Guadiana,21.540653210238354,0.0037920169649089622,True
España,Roca de la Sierra (La),Aliseda,34.93211294073742,0.002042928002104154,True
España,Roca de la Sierra (La),Malpartida de Cáceres,40.60662775469729,0.001572072547281012,True
España,San Vicente de Alcántara,Aliseda,38.936880690468996,0.0016980573678786483,True
España,Zarza de Granadilla,Aldeanueva de la Vera,31.82728391182828,0.002357839017712277,True
España,Zarza de Granadilla,Cabezuela del Valle,20.958526879321635,0.003895412921077474,True
España,Zarza de Granadilla,Caminomorisco,22.719130080344446,0.0035910423497473474,True
España,Zarza de Granadilla,Galisteo,34.760780999687675,0.0020591530109569417,True
España,Zarza de Granadilla,Guijo de Galisteo,34.70236029253469,0.002064714834877474,True
España,Zarza de Granadilla,Plasencia,23.292993945898274,0.0034970770418396926,True
España,Alcántara,Aliseda,36.825348196781086,0.0018719346296594479,True
España,Alcántara,Malpartida de Cáceres,44.568348768459316,0.0013092871243875121,True
España,Alcántara,Navas del Madroño,22.811741859986526,0.003575708503996142,True
España,Alcántara,Cañaveral,42.780873366828686,0.0014219251304163913,True
España,Alcántara,Ceclavín,15.17292001089592,0.005089978201548347,True
España,Alcántara,Coria,41.72155590517736,0.0014931975104454708,True
España,Montánchez,Malpartida de Cáceres,39.33494623156072,0.0016671352000048817,True
España,Montánchez,Cáceres,33.74641140575975,0.0021578892657513086,True
España,Montánchez,Campo Lugar,32.56176813618353,0.002279213081175187,True
España,Montánchez,Madroñera,40.39142496751005,0.001587769947866368,True
España,Montánchez,Torreorgaz,19.370765887709844,0.004192022939388103,True
España,Aldeanueva de la Vera,Casatejada,26.708363064301334,0.0029866439370296043,True
España,Aldeanueva de la Vera,Cabezuela del Valle,11.667896170547527,0.005986021344844728,True
España,Aldeanueva de la Vera,Plasencia,34.61058017846555,0.002073482945342334,True
España,Aldeanueva de la Vera,Navalmoral de la Mata,29.251275195271667,0.002655687289582454,True
España,Aldeanueva de la Vera,Rosalejo,25.40714858143862,0.003171663700824314,True
España,Guadalupe,Castañar de Ibor,20.891983082949686,0.003907410836408019,True
España,Guadalupe,Logrosán,18.591896847922918,0.004345698953166966,True
España,Guadalupe,Madroñera,36.54274254777656,0.0018965193762123687,True
España,Guadalupe,Torrecillas de la Tiesa,37.69176059423793,0.001798531887452946,True
España,Aliseda,Malpartida de Cáceres,16.131603772959863,0.00486924065727778,True
España,Aliseda,Navas del Madroño,22.385486060054653,0.003646832586292288,True
España,Aliseda,Cáceres,28.132697661739527,0.0027964861613472194,True
España,Aliseda,Ceclavín,44.78500043320091,0.0012962553806349527,True
España,Aliseda,Torreorgaz,38.38719399151432,0.0017417027833883476,True
España,Casatejada,Cabezuela del Valle,35.723011448899854,0.0019696728797242314,True
España,Casatejada,Castañar de Ibor,36.81464727506633,0.001872859702754357,True
España,Casatejada,Plasencia,37.98121370362723,0.0017746565788791654,True
España,Casatejada,Navalmoral de la Mata,10.489024252134282,0.0063217013217333785,True
España,Casatejada,Rosalejo,22.6186411935413,0.003607754970124962,True
España,Casatejada,Serradilla,39.31768129398131,0.001668464602090833,True
España,Casatejada,Torrecillas de la Tiesa,35.849761792902285,0.001958179754253329,True
España,Malpartida de Cáceres,Navas del Madroño,23.281677697722092,0.0034989059527915072,True
España,Malpartida de Cáceres,Cáceres,12.059001207850969,0.005878656661586659,True
España,Malpartida de Cáceres,Cañaveral,39.312851332638864,0.001668836699381347,True
España,Malpartida de Cáceres,Torreorgaz,23.253378545666074,0.003503483805528549,True
España,Navas del Madroño,Cáceres,29.05555998636328,0.0026797998686991223,True
España,Navas del Madroño,Cañaveral,28.694286923643258,0.0027248868460304837,True
España,Navas del Madroño,Ceclavín,24.387312860412806,0.0033246656470222436,True
España,Navas del Madroño,Coria,41.20529524699837,0.0015292158074330315,True
España,Navas del Madroño,Torreorgaz,43.71836441905781,0.0013616912821364751,True
España,Cabezuela del Valle,Caminomorisco,43.44657742756752,0.0013788861851659522,True
España,Cabezuela del Valle,Plasencia,30.077553157481017,0.002556259238423165,True
España,Cabezuela del Valle,Navalmoral de la Mata,40.07766433882619,0.001610937651185698,True
España,Cabezuela del Valle,Rosalejo,37.04960075795054,0.0018526532593434828,True
España,Cáceres,Cañaveral,34.860679799014015,0.0020496770618100477,True
España,Cáceres,Serradilla,44.15183059712891,0.0013347099581040947,True
España,Cáceres,Torreorgaz,14.820049100180682,0.005173731361131749,True
España,Caminomorisco,Galisteo,38.97752520793416,0.001694873941417887,True
España,Caminomorisco,Coria,43.32620394708495,0.0013865709322804112,True
España,Caminomorisco,Gata,27.56133577369247,0.0028712652120545462,True
España,Caminomorisco,Guijo de Galisteo,27.462883602517547,0.0028843512797968743,True
España,Caminomorisco,Plasencia,36.829290160354184,0.0018715939700743372,True
España,Campo Lugar,Logrosán,29.07048998847846,0.002677952758695534,True
España,Campo Lugar,Madroñera,25.696367449846342,0.0031295715171653082,True
España,Campo Lugar,Torrecillas de la Tiesa,41.52231686558029,0.001506996338250997,True
España,Cañaveral,Galisteo,23.240635967193967,0.0035055470861558554,True
España,Cañaveral,Ceclavín,32.312082352743076,0.002305642855669445,True
España,Cañaveral,Coria,24.92155051600754,0.003243615820459466,True
España,Cañaveral,Guijo de Galisteo,33.91925491315022,0.0021407363602735617,True
España,Cañaveral,Plasencia,37.444075499115876,0.0018192169151128132,True
España,Cañaveral,Serradilla,22.372933368053445,0.0036489484542268982,True
España,Galisteo,Coria,23.35921144403925,0.003486394279808158,True
España,Galisteo,Gata,40.72051815337823,0.0015638280019596553,True
España,Galisteo,Guijo de Galisteo,18.167692689455134,0.0044317606041611845,True
España,Galisteo,Plasencia,16.408108004896416,0.004807378364087687,True
España,Galisteo,Serradilla,19.270648446981248,0.004211467442847492,True
España,Castañar de Ibor,Logrosán,32.890574418620574,0.002244870234299515,True
España,Castañar de Ibor,Madroñera,36.612397021297156,0.0018904300850679438,True
España,Castañar de Ibor,Navalmoral de la Mata,31.398923470099987,0.0024049421143097502,True
España,Castañar de Ibor,Rosalejo,40.99811676895392,0.0015439132453790145,True
España,Castañar de Ibor,Torrecillas de la Tiesa,28.715883145941497,0.002722170411737511,True
España,Ceclavín,Eljas,44.202714524363046,0.0013315779136659368,True
España,Ceclavín,Coria,26.612548575660856,0.0029998911586706298,True
España,Ceclavín,Guijo de Galisteo,43.07483308416075,0.0014027569884193989,True
España,Eljas,Coria,36.66143591314198,0.0018861547724787575,True
España,Eljas,Gata,21.398341516649293,0.0038170371592899403,True
España,Eljas,Guijo de Galisteo,39.448919394424394,0.001658385792035724,True
España,Coria,Gata,28.77973273524469,0.002714155077566564,True
España,Coria,Guijo de Galisteo,16.51370560870756,0.004783961600617345,True
España,Coria,Plasencia,38.80515568035369,0.0017084157023814378,True
España,Coria,Serradilla,38.25215673242422,0.0017525953858916342,True
España,Gata,Guijo de Galisteo,22.558174769327813,0.0036178488692728957,True
España,Guijo de Galisteo,Plasencia,28.27375208961282,0.002778327301377947,True
España,Guijo de Galisteo,Serradilla,37.349026440638625,0.0018272178180374782,True
España,Logrosán,Madroñera,25.030756571558083,0.003227293303496136,True
España,Logrosán,Torrecillas de la Tiesa,33.828757768568074,0.0021497001666553476,True
España,Madroñera,Torreorgaz,42.68857307255984,0.0014279975725284438,True
España,Madroñera,Torrecillas de la Tiesa,15.826143222144715,0.0049385102357077425,True
España,Plasencia,Serradilla,22.63692138068305,0.003604708945725177,True
España,Navalmoral de la Mata,Rosalejo,14.800390945690852,0.005178437638083644,True
España,Navalmoral de la Mata,Torrecillas de la Tiesa,38.75475804284744,0.0017123954665528396,True
España,Serradilla,Torrecillas de la Tiesa,44.64847265082053,0.0013044524306399152,True
España,Cesuras,Aranga,16.067974862122355,0.004883589015247011,True
España,Cesuras,Ferrol,35.05497972237131,0.0020313714239252466,True
España,Cesuras,Laracha (A),32.578299102349526,0.0022774739836971367,True
España,Cesuras,Boimorto,19.28402524135654,0.004208864217675227,True
España,Cesuras,Miño,19.343256665543134,0.004197356710211956,True
España,Cesuras,Paderne,12.689279826955916,0.005709687879824448,True
España,Cesuras,Cambre,17.96629748657462,0.004473215551984936,True
España,Cesuras,Tordoia,30.94200454560687,0.002456224217291585,True
España,Cesuras,Pino (O),23.055489785218025,0.003535663730441822,True
España,Cesuras,Melide,32.46689234328816,0.002289219978205579,True
España,Cesuras,Xermade,37.06742540629093,0.0018511292353875575,True
España,Cesuras,Friol,36.51483920862733,0.0018989642260127332,True
España,Cesuras,Vila de Cruces,42.27203170447595,0.0014557259560676905,True
España,Ames,Laracha (A),39.37671648955763,0.0016639232655027581,True
España,Ames,Boimorto,42.921407398669025,0.001412728923044372,True
España,Ames,Noia,24.39189560662613,0.003323961836742394,True
España,Ames,Pobra do Caramiñal (A),41.365473581287944,0.001517948560440474,True
España,Ames,Vedra,18.821622999424537,0.004299794198556792,True
España,Ames,Dodro,21.35159830108901,0.003825291255131485,True
España,Ames,Coristanco,33.923871188189004,0.0021402801188950653,True
España,Ames,Muros,37.303080634042836,0.0018310979877992333,True
España,Ames,Tordoia,21.73881645090507,0.0037574509340728614,True
España,Ames,Pino (O),27.658802140582768,0.002858368743091206,True
España,Ames,Mazaricos,29.54107931524846,0.0026203811343977652,True
España,Ames,Zas,31.973562513129846,0.0023419664467349177,True
España,Ames,Vila de Cruces,39.56747116939212,0.0016493336169753872,True
España,Ames,Portas,35.31716337239728,0.0020069292463977028,True
España,Ames,Moraña,38.0693408302079,0.0017674506288916818,True
España,Aranga,Ferrol,32.88295948964269,0.002245659702748844,True
España,Aranga,Boimorto,26.607733227445028,0.0030005584751971676,True
España,Aranga,Miño,19.923802518781685,0.004086224408635214,True
España,Aranga,Paderne,14.231155184415638,0.005316595265536612,True
España,Aranga,Cambre,27.4314282580837,0.002888544839145352,True
España,Aranga,Pino (O),36.69674672208568,0.0018830822937121608,True
España,Aranga,Melide,35.51600913694077,0.001988588166517825,True
España,Aranga,Moeche,35.33088953404519,0.0020056577560580435,True
España,Aranga,Xermade,21.32658006337238,0.003829716419156041,True
España,Aranga,Rábade,34.37237776339396,0.0020964135686843757,True
España,Aranga,Friol,29.062362598445457,0.002678958104988443,True
España,Ferrol,Laracha (A),39.307132160301755,0.0016692774082607623,True
España,Ferrol,Miño,15.720268053249756,0.004962749660346386,True
España,Ferrol,Paderne,22.72722902240284,0.0035896987726985073,True
España,Ferrol,Cambre,23.756648245296795,0.003422960045185904,True
España,Ferrol,Cariño,38.8335321484144,0.0017061789618615614,True
España,Ferrol,Cedeira,23.478739156044046,0.0034671937842025713,True
España,Ferrol,Moeche,19.887776691742072,0.00409303406718688,True
España,Ferrol,Xermade,36.18197041275015,0.001928374001070726,True
España,Laracha (A),Miño,32.374850550264085,0.0022989699831180285,True
España,Laracha (A),Paderne,33.26428445477009,0.0022064656827135904,True
España,Laracha (A),Cabana de Bergantiños,32.25330658341208,0.00231190886785827,True
España,Laracha (A),Cambre,19.939438819268577,0.004083272346392256,True
España,Laracha (A),Coristanco,15.867391391813468,0.004929098921452957,True
España,Laracha (A),Tordoia,18.378989648132865,0.004388681566913638,True
España,Laracha (A),Pino (O),36.99566289665769,0.0018572726461361282,True
España,Laracha (A),Malpica de Bergantiños,19.87486067334147,0.004095478243054771,True
España,Laracha (A),Zas,31.79921778455074,0.00236089673932001,True
España,Boimorto,Miño,38.29559587100534,0.0017490840120064995,True
España,Boimorto,Paderne,31.255343235919156,0.0024209402348095823,True
España,Boimorto,Vedra,37.395667932598876,0.0018232873090592264,True
España,Boimorto,Cambre,36.40291994492232,0.0019088021540337782,True
España,Boimorto,Tordoia,36.292294762571835,0.0019185764345245962,True
España,Boimorto,Pino (O),15.413408261969634,0.005033679635604484,True
España,Boimorto,Melide,13.888235766622973,0.005401603528172209,True
España,Boimorto,Monterroso,33.62052499391333,0.00217046867298989,True
España,Boimorto,Rábade,42.91606930530967,0.001413077146260629,True
España,Boimorto,Friol,27.209081042397447,0.002918362339160138,True
España,Boimorto,Vila de Cruces,24.04894265644741,0.0033770466014717577,True
España,Noia,Pobra do Caramiñal (A),20.650775510258104,0.003951212148582713,True
España,Noia,Vedra,34.3530766556638,0.00209828267110693,True
España,Noia,Muxía,44.53758733138739,0.0013111480306716198,True
España,Noia,Dodro,16.051189855797574,0.004887381109735147,True
España,Noia,Muros,13.86241375991854,0.005408059650859517,True
España,Noia,Cee,31.007630921725113,0.002448791890364565,True
España,Noia,Tordoia,42.98352649306762,0.0014086829706340541,True
España,Noia,Mazaricos,19.071292031464992,0.004250455574416665,True
España,Noia,Zas,35.04415113863668,0.0020323873028600978,True
España,Noia,Portas,28.850204794476838,0.002705335826548222,True
España,Noia,Cambados,30.80760365466872,0.0024715159573174715,True
España,Noia,Moraña,36.55110601175447,0.0018957871952424482,True
España,Noia,Poio,40.45860532454814,0.0015828529004305605,True
España,Miño,Paderne,7.176683385580085,0.007369601973033279,True
España,Miño,Cambre,12.683838009778666,0.005711125684287612,True
España,Miño,Cedeira,36.96759098659405,0.0018596813584961602,True
España,Miño,Tordoia,40.665659598358644,0.0015677938112205296,True
España,Miño,Pino (O),41.28018255147517,0.0015239377222648622,True
España,Miño,Moeche,28.48440276804413,0.00275142845699109,True
España,Miño,Xermade,31.775491403903136,0.0023634847540612005,True
España,Paderne,Cambre,13.672769863311766,0.005455713094404841,True
España,Paderne,Cedeira,42.78593907162538,0.0014215926056207044,True
España,Paderne,Tordoia,38.15688188667115,0.0017603215745603971,True
España,Paderne,Pino (O),35.40041594590715,0.0019992297119448906,True
España,Paderne,Melide,43.48514794036281,0.001376432827735732,True
España,Paderne,Moeche,32.92031307167835,0.002241789775398611,True
España,Paderne,Xermade,30.32856684190653,0.002526798710313485,True
España,Paderne,Friol,42.26631276134404,0.0014561103774986123,True
España,Pobra do Caramiñal (A),Vedra,43.378391192216384,0.0013832340106414217,True
España,Pobra do Caramiñal (A),Dodro,22.30269620142823,0.0036608102752123967,True
España,Pobra do Caramiñal (A),Muros,21.343407231214446,0.0038267395067222466,True
España,Pobra do Caramiñal (A),Cee,44.180739382608394,0.0013329296413537167,True
España,Pobra do Caramiñal (A),Mazaricos,37.572665823264515,0.001808448368902378,True
España,Pobra do Caramiñal (A),Portas,22.398586131769857,0.0036446257637952322,True
España,Pobra do Caramiñal (A),Moaña,38.60741943958036,0.0017240836511512132,True
España,Pobra do Caramiñal (A),Cambados,14.33973106155873,0.0052899606141893546,True
España,Pobra do Caramiñal (A),Moraña,31.33898401413229,0.002411607832202907,True
España,Pobra do Caramiñal (A),Soutomaior,42.82629182743587,0.001418946530119104,True
España,Pobra do Caramiñal (A),Poio,25.46576037149683,0.003163087915043775,True
España,Vedra,Dodro,21.444875487095867,0.0038088377449509237,True
España,Vedra,Tordoia,34.814208112697,0.002054079716423855,True
España,Vedra,Pino (O),25.738543359293473,0.003123480269970514,True
España,Vedra,Melide,39.69665470095956,0.0016395258880485745,True
España,Vedra,Cerdedo,28.50770133120017,0.0027484694309042688,True
España,Vedra,Dozón,41.49420846179547,0.0015089532949490807,True
España,Vedra,Vila de Cruces,24.300539968465113,0.003338020292682177,True
España,Vedra,Portas,27.478337624530724,0.0028822932167466573,True
España,Vedra,Cambados,41.11188575651094,0.0015358249676522325,True
España,Vedra,Moraña,25.667007642890248,0.003133818824760635,True
España,Vedra,Poio,42.689950173629605,0.0014279067827345194,True
España,Cabana de Bergantiños,Muxía,23.156269491235708,0.003519238473535793,True
España,Cabana de Bergantiños,Coristanco,18.038677819914245,0.004458272293023843,True
España,Cabana de Bergantiños,Cee,33.916149034584514,0.0021410433790540577,True
España,Cabana de Bergantiños,Tordoia,37.060780014891314,0.0018516972758402597,True
España,Cabana de Bergantiños,Malpica de Bergantiños,18.09042202200986,0.0044476201571800236,True
España,Cabana de Bergantiños,Mazaricos,31.177013188746955,0.0024297128585495167,True
España,Cabana de Bergantiños,Zas,14.25312700629782,0.005311194538012729,True
España,Muxía,Coristanco,38.323881135786756,0.0017468013748090198,True
España,Muxía,Muros,38.99888748648423,0.0016932031636757287,True
España,Muxía,Cee,16.759146304945357,0.004729975054180655,True
España,Muxía,Malpica de Bergantiños,41.17150920716692,0.0015316030394064517,True
España,Muxía,Mazaricos,26.03724217598586,0.0030806792948524842,True
España,Muxía,Zas,24.550150994252643,0.0032997486121012316,True
España,Cambre,Coristanco,35.61175054091552,0.0019798171033632156,True
España,Cambre,Tordoia,28.798699274608474,0.002711778675831968,True
España,Cambre,Pino (O),34.51208572627839,0.0020829339521646222,True
España,Cambre,Malpica de Bergantiños,37.7179915604504,0.0017963550732165328,True
España,Cambre,Moeche,40.35938784889611,0.0015901201760025467,True
España,Cambre,Xermade,43.52589406544944,0.001373845825102909,True
España,Dodro,Muros,28.69549831691568,0.0027247344017073977,True
España,Dodro,Tordoia,43.08214037859586,0.001402283808602031,True
España,Dodro,Pino (O),44.16301157517808,0.0013340211078155541,True
España,Dodro,Mazaricos,33.4404937618309,0.002188586213708368,True
España,Dodro,Cerdedo,33.50770331939286,0.0021818049073763553,True
España,Dodro,Portas,15.428019897521265,0.005030279238852527,True
España,Dodro,Cambados,24.032755147089212,0.003379573109568622,True
España,Dodro,Moraña,21.424461415297543,0.003812432585042779,True
España,Dodro,Soutomaior,44.43521121790226,0.0013173603100722396,True
España,Dodro,Poio,30.36067707860276,0.0025230546575958773,True
España,Coristanco,Cee,43.54695897677703,0.0013725103041226398,True
España,Coristanco,Tordoia,19.892042192376014,0.004092227202112984,True
España,Coristanco,Pino (O),42.92387343353301,0.0014125680836029136,True
España,Coristanco,Malpica de Bergantiños,15.371840020334322,0.0050433659496773526,True
España,Coristanco,Mazaricos,33.6941578710292,0.0021631019053847764,True
España,Coristanco,Zas,16.134642487843962,0.004868556484296747,True
España,Cariño,Cedeira,16.335037812535816,0.004823649298641344,True
España,Cariño,Vicedo (O),16.528001762390765,0.004780800167792211,True
España,Cariño,Moeche,22.213738451724026,0.0036758891567558894,True
España,Cariño,Xermade,42.25309554205818,0.0014569992136362617,True
España,Cariño,Valadouro (O),38.35889901167801,0.0017439795391723492,True
España,Cariño,Cervo,35.02380359682617,0.0020342975739229365,True
España,Muros,Cee,22.839253023322,0.0035711661004021716,True
España,Muros,Mazaricos,19.062248322232037,0.0042522328086744155,True
España,Muros,Zas,37.97184930927362,0.0017754240086133937,True
España,Muros,Portas,38.364225356774895,0.0017435507274614786,True
España,Muros,Cambados,35.206252985056146,0.0020172327963633137,True
España,Cedeira,Vicedo (O),31.844982062719748,0.0023559128946936134,True
España,Cedeira,Moeche,13.37147604589665,0.005532289955410054,True
España,Cedeira,Xermade,39.21241296615908,0.001676593243928473,True
España,Cee,Mazaricos,16.183292049277966,0.004857616056573548,True
España,Cee,Zas,27.426545524630203,0.0028891963419941363,True
España,Tordoia,Pino (O),23.076243121027805,0.003532275045466795,True
España,Tordoia,Malpica de Bergantiños,33.13430135385158,0.002219748324443611,True
España,Tordoia,Mazaricos,38.85316073497437,0.0017046334762783441,True
España,Tordoia,Zas,28.94822876994549,0.0026931162749066675,True
España,Pino (O),Melide,25.579724709097345,0.0031464796538808095,True
España,Pino (O),Monterroso,44.328859137513795,0.0013238450105346783,True
España,Pino (O),Friol,42.590291234144296,0.0014344920417224247,True
España,Pino (O),Vila de Cruces,24.21498350538012,0.0033512403458933887,True
España,Malpica de Bergantiños,Zas,26.412684128516645,0.003027713954300682,True
España,Vicedo (O),Moeche,32.75515980016421,0.0022589507191198505,True
España,Vicedo (O),Xermade,43.53418198452951,0.0013733202139041179,True
España,Vicedo (O),Abadín,43.51945401405625,0.0013742543852807128,True
España,Vicedo (O),Valadouro (O),25.199658413048176,0.003202210236941903,True
España,Vicedo (O),Foz,38.23174723949241,0.0017542476073067867,True
España,Vicedo (O),Cervo,18.914292554432507,0.00428141453574074,True
España,Vicedo (O),Lourenzá,41.93010784351564,0.001478888988482342,True
España,Mazaricos,Zas,18.9209989133395,0.004280087487555947,True
España,Melide,Monterroso,19.78033869059376,0.004113409801705667,True
España,Melide,Rábade,39.36893722639702,0.0016645209846031465,True
España,Melide,Saviñao (O),41.75155542246465,0.0014911307848638545,True
España,Melide,Friol,22.073893962807244,0.003699719594091027,True
España,Melide,Portomarín,34.614033821138,0.0020731523318408595,True
España,Melide,Dozón,38.28387316050726,0.0017500309157181162,True
España,Melide,Vila de Cruces,18.384201227377723,0.004387624358033058,True
España,Moeche,Xermade,25.997795927518503,0.003086297759393707,True
España,Moeche,Valadouro (O),42.86197706867203,0.0014166106228387105,True
España,Xermade,Abadín,26.724855047376625,0.002984369688421334,True
España,Xermade,Valadouro (O),36.971234453396804,0.0018593685541697874,True
España,Xermade,Rábade,30.363886898828603,0.0025226806981172856,True
España,Xermade,Friol,36.35582106522025,0.0019129574680214335,True
España,Xermade,Lourenzá,43.58958901369722,0.0013698115175916088,True
España,Abadín,Valadouro (O),22.327871484277782,0.0036565541763655153,True
España,Abadín,Castroverde,39.41675913154413,0.0016608499863979963,True
España,Abadín,Foz,28.7722961302369,0.0027150874117321732,True
España,Abadín,Rábade,29.541966768343965,0.0026202737430358306,True
España,Abadín,Cervo,35.19174415801627,0.0020185845719265204,True
España,Abadín,Pol,26.83252251170705,0.0029695648827228584,True
España,Abadín,Fonsagrada (A),43.148058092686206,0.001398022548285179,True
España,Abadín,Lourenzá,18.952312156974305,0.004273896708182933,True
España,Abadín,Riotorto,18.519495895688667,0.004360267989300217,True
España,Valadouro (O),Foz,16.363840730707604,0.004817229011366199,True
España,Valadouro (O),Cervo,12.864264438683506,0.0056636476778264225,True
España,Valadouro (O),Lourenzá,16.836059207634346,0.004713183558529922,True
España,Valadouro (O),Riotorto,28.36300904119577,0.0027668977154955334,True
España,Monterroso,Láncara,40.549963467560296,0.0015761906611481305,True
España,Monterroso,Rábade,40.410195550450844,0.0015863945606664313,True
España,Monterroso,Incio (O),44.391984708444326,0.0013199921603722245,True
España,Monterroso,Peroxa (A),39.436386009669484,0.0016593456941191224,True
España,Monterroso,Saviñao (O),22.006447274408615,0.00371126824629098,True
España,Monterroso,Friol,26.441417684974176,0.0030236981521136407,True
España,Monterroso,Portomarín,18.103783676701433,0.00444487365660273,True
España,Monterroso,Pantón,36.32562549183257,0.00191562624160094,True
España,Monterroso,Bolo (O),41.58955790452214,0.0015023251876588506,True
España,Monterroso,Dozón,30.259195131790197,0.002534906449367878,True
España,Monterroso,Vila de Cruces,27.211087430326142,0.0029180919023744055,True
España,Castroverde,Láncara,18.860542623305403,0.0042920654385088545,True
España,Castroverde,Nogais (As),30.364763198840738,0.0025225786145979994,True
España,Castroverde,Rábade,25.941423538065973,0.0030943448921060277,True
España,Castroverde,Incio (O),42.51714872567927,0.0014393444589319954,True
España,Castroverde,Pol,13.540102848274048,0.005489299786287105,True
España,Castroverde,Fonsagrada (A),23.443667431436964,0.0034728165682484814,True
España,Castroverde,Friol,37.91422796508553,0.001780153496716493,True
España,Castroverde,Portomarín,34.170853930110916,0.0021160113533068136,True
España,Castroverde,Riotorto,37.026778397718445,0.0018546064247435576,True
España,Láncara,Nogais (As),20.34847432548056,0.00400680323185108,True
España,Láncara,Rábade,36.37842086911234,0.001910962464860304,True
España,Láncara,Incio (O),23.78121104863677,0.0034190777794831165,True
España,Láncara,Pol,32.3537176999906,0.0023012144504202287,True
España,Láncara,Saviñao (O),34.61103211690676,0.0020734396787611695,True
España,Láncara,Fonsagrada (A),36.96678950714744,0.0018597501753637876,True
España,Láncara,Friol,40.71678141876827,0.0015640978176109676,True
España,Láncara,Portomarín,22.615627479338144,0.003608257392421174,True
España,Láncara,Pantón,43.57079949904499,0.0013710003740401806,True
España,Foz,Cervo,20.047982527529925,0.004062838642151522,True
España,Foz,Lourenzá,11.104848352712592,0.006144054121793136,True
España,Foz,Riotorto,22.981357081847584,0.0035477950294101625,True
España,Nogais (As),Incio (O),25.38591226635156,0.003174776637888305,True
España,Nogais (As),Pol,42.19634045365242,0.0014608220687348584,True
España,Nogais (As),Fonsagrada (A),35.12348793968977,0.00202495611929276,True
España,Nogais (As),Portomarín,41.298048605657726,0.0015226812094868776,True
España,Nogais (As),Ribas de Sil,43.229311263178836,0.0013927877322211862,True
España,Rábade,Pol,23.93759471813044,0.0033944638616733294,True
España,Rábade,Friol,17.296525800158598,0.004613898384397424,True
España,Rábade,Portomarín,34.82224206685211,0.002053317916283081,True
España,Rábade,Riotorto,39.88603288383649,0.0016252534462271463,True
España,Incio (O),Peroxa (A),44.64351281108224,0.0013047511897898024,True
España,Incio (O),Saviñao (O),26.56596074841105,0.0030063535963764116,True
España,Incio (O),Portomarín,29.27503393298276,0.0026527749818050167,True
España,Incio (O),Pantón,26.531150431468692,0.0030111914150488376,True
España,Incio (O),Ribas de Sil,22.672269596312937,0.003598826186989172,True
España,Incio (O),Pobra de Trives (A),34.953969931814754,0.0020408673823076157,True
España,Incio (O),Rúa (A),33.25302419426218,0.0022076131863683034,True
España,Cervo,Lourenzá,26.382467643091527,0.0030319427734957875,True
España,Cervo,Riotorto,39.085867926596855,0.001686417275224263,True
España,Peroxa (A),Saviñao (O),25.767212450287264,0.003119346523722065,True
España,Peroxa (A),Portomarín,43.48033658271805,0.0013767386257653455,True
España,Peroxa (A),Pantón,18.165086387005196,0.004432294613915247,True
España,Peroxa (A),Ribas de Sil,40.853278551426776,0.0015542720087264538,True
España,Peroxa (A),Sandiás,36.472741886860824,0.0019026586996639218,True
España,Peroxa (A),Bolo (O),17.286284080285235,0.004616083714124904,True
España,Peroxa (A),Arnoia (A),34.842291268896105,0.0020514180322937685,True
España,Peroxa (A),Leiro,28.06946922599944,0.00280466450337105,True
España,Peroxa (A),Baños de Molgas,24.255669956515092,0.0033449470092054875,True
España,Peroxa (A),San Cibrao das Viñas,17.09354156484936,0.004657404362076137,True
España,Peroxa (A),Celanova,34.66655036480063,0.002068131473911759,True
España,Peroxa (A),Padrenda,44.85484897470014,0.0012920816402344024,True
España,Peroxa (A),Dozón,25.394469674783718,0.003173521877409668,True
España,Pol,Fonsagrada (A),21.512721780878692,0.003796914663629274,True
España,Pol,Friol,40.07592274488497,0.0016110671871937604,True
España,Pol,Portomarín,44.84054447818524,0.001292935298263474,True
España,Pol,Lourenzá,35.497745983787425,0.0019902657008266053,True
España,Pol,Riotorto,23.817825388825387,0.0034132989005384736,True
España,Saviñao (O),Friol,43.93529538004663,0.001348120838590623,True
España,Saviñao (O),Portomarín,18.150601727447782,0.004435263576582742,True
España,Saviñao (O),Pantón,15.180505469243196,0.005088192824662138,True
España,Saviñao (O),Ribas de Sil,36.81636120658538,0.0018727115060811449,True
España,Saviñao (O),Bolo (O),36.81669659659986,0.0018726825076458575,True
España,Saviñao (O),San Cibrao das Viñas,42.8289696613027,0.0014187711092148844,True
España,Saviñao (O),Dozón,33.39762116530445,0.002192922985278606,True
España,Fonsagrada (A),Lourenzá,42.87398489164166,0.001415825471788419,True
España,Fonsagrada (A),Riotorto,30.27821767234516,0.0025326806236228502,True
España,Friol,Portomarín,28.54466111073065,0.0027437819022868896,True
España,Friol,Vila de Cruces,40.27438010525367,0.001596373178997326,True
España,Portomarín,Pantón,32.391481820029234,0.002297205158193306,True
España,Portomarín,Dozón,44.19613978899763,0.001331982192925449,True
España,Lourenzá,Riotorto,12.872443053881636,0.005661504941787799,True
España,Pantón,Ribas de Sil,26.005287981646692,0.003085229851396854,True
España,Pantón,Bolo (O),34.36227170105238,0.0020973920230603674,True
España,Pantón,Baños de Molgas,31.15541440346059,0.0024321374202841413,True
España,Pantón,San Cibrao das Viñas,33.1486168989302,0.0022182815429008067,True
España,Pantón,Dozón,37.30477993086142,0.0018309543337978198,True
España,Pantón,Pobra de Trives (A),34.58123674471783,0.002076294089847654,True
España,Pantón,Rúa (A),41.689061381721096,0.0014954393530345108,True
España,Ribas de Sil,Baños de Molgas,38.27200584862315,0.0017509900218658473,True
España,Ribas de Sil,Gudiña (A),44.76872047707259,0.0012972301102538197,True
España,Ribas de Sil,Pobra de Trives (A),12.407492306305024,0.005784619998590456,True
España,Ribas de Sil,Rúa (A),15.714992172985887,0.004963960655823364,True
España,Ribas de Sil,Viana do Bolo,33.34790485012335,0.0021979628019568338,True
España,Sandiás,Bolo (O),41.792765298308225,0.001488296417466578,True
España,Sandiás,Arnoia (A),34.54023456988658,0.0020802285474908998,True
España,Sandiás,Leiro,41.50996482036155,0.0015078559967247425,True
España,Sandiás,Blancos (Os),12.871954346912132,0.005661632956497287,True
España,Sandiás,Muíños,25.850701048668736,0.0031073396382802288,True
España,Sandiás,Baños de Molgas,15.910263269397452,0.004919336205946749,True
España,Sandiás,San Cibrao das Viñas,22.61530790469956,0.0036083106734572934,True
España,Sandiás,Celanova,17.15370035502265,0.00464446769073416,True
España,Sandiás,Monterrei,31.39058883146661,0.002405867883683918,True
España,Sandiás,Trasmiras,15.199337662996754,0.0050837630381194284,True
España,Sandiás,Entrimo,35.8060728698651,0.00196213366315669,True
España,Sandiás,Padrenda,32.49132821829681,0.0022866384405553684,True
España,Sandiás,Riós,42.10150560720499,0.0014672322533747044,True
España,Bolo (O),Arnoia (A),23.594490133004836,0.0034487009612768947,True
España,Bolo (O),Leiro,12.494683900897666,0.005761329389077247,True
España,Bolo (O),Baños de Molgas,35.25079679912688,0.0020130883417203297,True
España,Bolo (O),San Cibrao das Viñas,19.312565709436466,0.004203315419266206,True
España,Bolo (O),Cerdedo,33.23070930639591,0.0022098890029507126,True
España,Bolo (O),Celanova,32.30659579721515,0.0023062270505834165,True
España,Bolo (O),Padrenda,36.157938620811194,0.0019305148208806433,True
España,Bolo (O),Dozón,14.88315356640076,0.005158652765640679,True
España,Bolo (O),Vila de Cruces,41.5250478578001,0.0015068063370484211,True
España,Bolo (O),Arbo,44.48387144932851,0.001314403901481527,True
España,Bolo (O),Covelo,37.42211512155683,0.0018210623456651413,True
España,Arnoia (A),Leiro,13.254509743103801,0.005562308002241322,True
España,Arnoia (A),Blancos (Os),42.1501211186556,0.0014639426734624889,True
España,Arnoia (A),Muíños,35.0918856906551,0.0020279129213355983,True
España,Arnoia (A),Baños de Molgas,37.94445558320647,0.0017776708822755448,True
España,Arnoia (A),San Cibrao das Viñas,21.998061567581356,0.0037127066234740195,True
España,Arnoia (A),Cerdedo,37.86244725346929,0.0017844143421202943,True
España,Arnoia (A),Celanova,18.064961179473745,0.004452858369345029,True
España,Arnoia (A),Entrimo,35.26916766025293,0.0020113815586103,True
España,Arnoia (A),Padrenda,13.077847907958214,0.005607956445527484,True
España,Arnoia (A),Dozón,36.27127376601142,0.0019204393965641924,True
España,Arnoia (A),Arbo,21.52857642196117,0.0037941338187349348,True
España,Arnoia (A),Covelo,19.065759308081674,0.004251542755042042,True
España,Arnoia (A),Soutomaior,36.859736154142624,0.0018689649535164627,True
España,Arnoia (A),Mos,43.3592191610069,0.0013844589619063361,True
España,Arnoia (A),Salceda de Caselas,38.73490984824927,0.001713965368060016,True
España,Leiro,Baños de Molgas,39.74908159144354,0.0016355622486293104,True
España,Leiro,San Cibrao das Viñas,22.082673355010233,0.003698218982204276,True
España,Leiro,Cerdedo,28.492739300123137,0.0027503693122475762,True
España,Leiro,Celanova,27.71323875355275,0.002851191111167402,True
España,Leiro,Padrenda,26.32443475944027,0.0030400811169045117,True
España,Leiro,Dozón,23.19759467655085,0.003512525346405724,True
España,Leiro,Arbo,32.58648375233347,0.0022766134304101557,True
España,Leiro,Moraña,41.72805637806149,0.0014927494372121875,True
España,Leiro,Covelo,24.93130438251279,0.0032421545984444218,True
España,Leiro,Soutomaior,36.65087388648819,0.001887074773913235,True
España,Blancos (Os),Muíños,19.864448082776224,0.004097449745524638,True
España,Blancos (Os),Baños de Molgas,27.954780113176138,0.0028195602481614593,True
España,Blancos (Os),San Cibrao das Viñas,34.80934287535707,0.0020545411881847894,True
España,Blancos (Os),Celanova,24.18966472487356,0.0033551626145300007,True
España,Blancos (Os),Monterrei,25.655897394662443,0.003135427583409659,True
España,Blancos (Os),Trasmiras,11.62517929563283,0.005997866440917121,True
España,Blancos (Os),Entrimo,30.947043369851244,0.0024556527602472783,True
España,Blancos (Os),Padrenda,36.13797708249819,0.001932294858601117,True
España,Blancos (Os),Riós,38.91170019133609,0.0017000325953919894,True
España,Muíños,Baños de Molgas,41.102547480986864,0.0015364872627644612,True
España,Muíños,San Cibrao das Viñas,39.24855208839607,0.0016737981875604097,True
España,Muíños,Celanova,22.129317615059982,0.003690256566279455,True
España,Muíños,Monterrei,44.34281838668482,0.0013229920451875326,True
España,Muíños,Trasmiras,31.487738988385676,0.0023950990551402035,True
España,Muíños,Entrimo,11.086752297014806,0.006149202114951941,True
España,Muíños,Padrenda,24.099916504011798,0.003369103079726773,True
España,Muíños,Arbo,32.8186877790289,0.0022523340730108443,True
España,Muíños,Covelo,43.872997085885075,0.001352004107033315,True
España,Baños de Molgas,San Cibrao das Viñas,17.667634367377044,0.004535409095403802,True
España,Baños de Molgas,Celanova,25.56745345629354,0.003148263764424332,True
España,Baños de Molgas,Monterrei,37.54796058012925,0.0018105123016300922,True
España,Baños de Molgas,Trasmiras,24.559803203006656,0.0032982775456374064,True
España,Baños de Molgas,Padrenda,41.16322914266717,0.0015321886550526296,True
España,Baños de Molgas,Pobra de Trives (A),36.08424498859651,0.0019370944934597994,True
España,Baños de Molgas,Riós,43.779860024305464,0.0013578305244618459,True
España,San Cibrao das Viñas,Celanova,17.57595740419605,0.00455467329363643,True
España,San Cibrao das Viñas,Trasmiras,36.973059161997895,0.0018592119163556315,True
España,San Cibrao das Viñas,Padrenda,29.178142373146272,0.0026646719010040795,True
España,San Cibrao das Viñas,Dozón,33.65190828381707,0.002167325795842261,True
España,San Cibrao das Viñas,Arbo,41.979978231550895,0.001475487793411721,True
España,San Cibrao das Viñas,Covelo,40.96998147952032,0.0015459200519633552,True
España,Cerdedo,Dozón,28.380272443452213,0.002764692531646181,True
España,Cerdedo,Vila de Cruces,34.32108288203313,0.0021013845937948765,True
España,Cerdedo,Portas,23.213947125252073,0.0035098724949698193,True
España,Cerdedo,Moaña,40.16044300839963,0.001604792748641753,True
España,Cerdedo,Cambados,34.55797523384561,0.0020785252866585956,True
España,Cerdedo,Moraña,14.187972537667514,0.005327225730909211,True
España,Cerdedo,Covelo,33.451051601815514,0.0021875195545664763,True
España,Cerdedo,Soutomaior,26.38696024115142,0.003031313656913065,True
España,Cerdedo,Poio,28.230332525683437,0.002783904371304434,True
España,Cerdedo,Mos,43.19450144276718,0.0013950279861374717,True
España,Celanova,Trasmiras,31.559603712781104,0.002387164105614975,True
España,Celanova,Entrimo,27.635555945684345,0.002861439335015246,True
España,Celanova,Padrenda,15.95319789973027,0.0049095786418874325,True
España,Celanova,Arbo,30.072371402564293,0.002556871010363812,True
España,Celanova,Covelo,34.5343420487359,0.002080794590616084,True
España,Monterrei,Trasmiras,16.27667983236278,0.004836683856237066,True
España,Monterrei,Gudiña (A),28.67147094937693,0.0027277596528107323,True
España,Monterrei,Riós,14.121724023036355,0.005343575904418177,True
España,Monterrei,Viana do Bolo,37.92685917790388,0.0017791156652782526,True
España,Trasmiras,Entrimo,42.56706516851451,0.0014360311297833244,True
España,Trasmiras,Gudiña (A),39.70594422531025,0.0016388228709585842,True
España,Trasmiras,Riós,28.157173192058828,0.002793326765795486,True
España,Entrimo,Padrenda,22.409838771280523,0.003642731226093653,True
España,Entrimo,Arbo,26.19210561618012,0.0030587204517332762,True
España,Entrimo,Covelo,38.948176637264766,0.0016971720286939613,True
España,Entrimo,Salceda de Caselas,41.02577910638399,0.001541942712474884,True
España,Padrenda,Arbo,14.119988597794046,0.005344004884639776,True
España,Padrenda,Covelo,20.717462555994164,0.003939053334150098,True
España,Padrenda,Soutomaior,40.88469657898324,0.0015520191196245273,True
España,Padrenda,Mos,42.141418264258384,0.0014645310118380171,True
España,Padrenda,Salceda de Caselas,33.86355005002893,0.0021462495308654838,True
España,Gudiña (A),Pobra de Trives (A),32.361381380871904,0.002300400256653192,True
España,Gudiña (A),Rúa (A),36.87001579042115,0.0018680781397023166,True
España,Gudiña (A),Riós,15.350444117991472,0.005048358953366071,True
España,Gudiña (A),Viana do Bolo,13.29080617324289,0.0055529754907158975,True
España,Dozón,Vila de Cruces,26.72985762334777,0.00298368017486221,True
España,Dozón,Moraña,41.85014988681812,0.0014843585422543541,True
España,Pobra de Trives (A),Rúa (A),12.450881751005973,0.005773018023633163,True
España,Pobra de Trives (A),Riós,40.66075125558671,0.0015681491326072165,True
España,Pobra de Trives (A),Viana do Bolo,21.25860049553685,0.003841766407359082,True
España,Rúa (A),Viana do Bolo,23.72650876166831,0.0034277297667599845,True
España,Riós,Viana do Bolo,26.75519864558309,0.002980189829125828,True
España,Vila de Cruces,Moraña,41.04329925886518,0.0015406959613328821,True
España,Arbo,Nigrán,40.36681453323281,0.001589575048353161,True
España,Arbo,Moaña,40.20933214205113,0.0016011745802846811,True
España,Arbo,Covelo,13.554327265745894,0.005485688746466101,True
España,Arbo,Soutomaior,31.72165379515233,0.0023693677638372667,True
España,Arbo,Mos,29.050680640686487,0.002680403808121707,True
España,Arbo,Salceda de Caselas,19.7703909319022,0.004115301541242906,True
España,Nigrán,Moaña,16.308116448149374,0.004829657940819052,True
España,Nigrán,Cambados,40.98925274004746,0.001544545209018984,True
España,Nigrán,Covelo,37.80927714650062,0.0017888001308694892,True
España,Nigrán,Soutomaior,28.751210924090024,0.002717732627844284,True
España,Nigrán,Rosal (O),23.447628091677654,0.0034721811281985373,True
España,Nigrán,Poio,34.12532684556705,0.002120464094736317,True
España,Nigrán,Mos,13.767100708134503,0.005431957329631148,True
España,Nigrán,Salceda de Caselas,21.065888197797037,0.00387613336777125,True
España,Portas,Moaña,33.80515098229881,0.0021520446059133213,True
España,Portas,Cambados,14.256890492268324,0.005310270016404561,True
España,Portas,Moraña,9.02903805347344,0.006763756027040076,True
España,Portas,Soutomaior,29.011423300367074,0.002685267834374961,True
España,Portas,Poio,15.94339604109387,0.004911804555271003,True
España,Portas,Mos,43.14207543117732,0.001398408763643012,True
España,Moaña,Cambados,25.914336025766705,0.003098219094464492,True
España,Moaña,Moraña,34.42578242534926,0.0020912505853644524,True
España,Moaña,Covelo,32.326498167891614,0.002304108600930259,True
España,Moaña,Soutomaior,15.902388158576402,0.004921128058055766,True
España,Moaña,Rosal (O),39.57377706710486,0.0016488535083688438,True
España,Moaña,Poio,17.89806616564423,0.004487348219975122,True
España,Moaña,Mos,12.707347212927033,0.005704916828321838,True
España,Moaña,Salceda de Caselas,25.77289115345113,0.0031185283718881867,True
España,Cambados,Moraña,21.37203033530162,0.003821681089687727,True
España,Cambados,Soutomaior,28.487521167993958,0.0027510322208332307,True
España,Cambados,Poio,11.126052779588019,0.0061380273609641465,True
España,Cambados,Mos,37.718991766567804,0.0017962721218601455,True
España,Moraña,Covelo,40.092575163893265,0.0016098290423193736,True
España,Moraña,Soutomaior,25.453958484271,0.0031648128387957537,True
España,Moraña,Poio,18.203268626029423,0.00442447783775656,True
España,Moraña,Mos,41.46901158684129,0.0015107097053811392,True
España,Covelo,Soutomaior,20.173659061874424,0.004039307656180118,True
España,Covelo,Poio,37.33957400882138,0.0018280154129142485,True
España,Covelo,Mos,24.31116244362479,0.0033363825746895643,True
España,Covelo,Salceda de Caselas,21.617676060027954,0.0037785440029485494,True
España,Soutomaior,Poio,17.364083810401528,0.0045995091504919,True
España,Soutomaior,Mos,16.901047246436832,0.004699042093405748,True
España,Soutomaior,Salceda de Caselas,25.70028805631469,0.003129004783074375,True
España,Rosal (O),Mos,32.55315147863241,0.0022801201011964896,True
España,Rosal (O),Salceda de Caselas,29.446674451425913,0.0026318303418486058,True
España,Poio,Mos,28.13472814874312,0.002796223922216419,True
España,Poio,Salceda de Caselas,40.207602819903464,0.0016013024240259907,True
España,Mos,Salceda de Caselas,13.06595243923986,0.005611043647358255,True
España,Agoncillo,Albelda de Iregua,17.94221729079369,0.00447819814851718,True
España,Agoncillo,Lardero,14.196869855607762,0.005325033694999259,True
España,Agoncillo,Rincón de Soto,43.16430889268587,0.0013969740033552105,True
España,Agoncillo,Quel,31.271475188236703,0.0024191374675090523,True
España,Agoncillo,Nájera,36.574395043039964,0.001893749842463199,True
España,Agoncillo,San Adrián,31.955992134297073,0.002343867328262284,True
España,Agoncillo,Elciego,27.925773686611922,0.002823340118917615,True
España,Agoncillo,Sartaguda,20.379236489223373,0.004001110633784827,True
España,Agoncillo,Arróniz,22.74411281736552,0.0035868994487066675,True
España,Agoncillo,Mendigorría,42.41497531984529,0.0014461503254808565,True
España,Agoncillo,Estella/Lizarra,32.76124341750212,0.002258316249187893,True
España,Agoncillo,Lerín,26.399426797244843,0.0030295685996253644,True
España,Agoncillo,Campezo/Kanpezu,28.036788343821872,0.00280890102776175,True
España,Albelda de Iregua,Lardero,7.645984568483151,0.007211134254518,True
España,Albelda de Iregua,Quel,37.69283672877407,0.0017984425310100304,True
España,Albelda de Iregua,Nájera,22.370639465158348,0.003649335244906261,True
España,Albelda de Iregua,San Adrián,44.47058945794738,0.001315210205620492,True
España,Albelda de Iregua,Haro,39.09197675161192,0.001685941710992967,True
España,Albelda de Iregua,Elciego,21.103402111480914,0.003869419329739285,True
España,Albelda de Iregua,Santo Domingo de la Calzada,40.432566368649894,0.0015847569273462038,True
España,Albelda de Iregua,Sartaguda,34.171634259041504,0.002115935115450303,True
España,Albelda de Iregua,Arróniz,40.50164304317116,0.0015797108992583475,True
España,Albelda de Iregua,Lerín,43.38804819228373,0.001382617409964505,True
España,Albelda de Iregua,Campezo/Kanpezu,38.05907049589119,0.0017682889013883147,True
España,Lardero,Quel,40.34040339869849,0.0015915145075188796,True
España,Lardero,Nájera,22.430130884100816,0.0036393172621919014,True
España,Lardero,San Adrián,44.60624852179275,0.0013069980164304579,True
España,Lardero,Haro,35.727903499698265,0.001969228041984854,True
España,Lardero,Elciego,16.204807658553243,0.0048527854447786515,True
España,Lardero,Santo Domingo de la Calzada,40.345167712716126,0.0015911644729497186,True
España,Lardero,Sartaguda,33.448871863481976,0.002187739731023158,True
España,Lardero,Arróniz,35.3150417271608,0.0020071258519075465,True
España,Lardero,Estella/Lizarra,44.50998875079911,0.0013128198502669658,True
España,Lardero,Lerín,40.596263941060165,0.0015728249394416,True
España,Lardero,Campezo/Kanpezu,30.456149182528343,0.0025119553859124207,True
España,Rincón de Soto,Castejón,15.134389591483018,0.005099056753371173,True
España,Rincón de Soto,Quel,16.39673908079615,0.004809906322385177,True
España,Rincón de Soto,San Adrián,12.8594388840878,0.005664912318891126,True
España,Rincón de Soto,Fitero,19.796034058545416,0.004110426826999371,True
España,Rincón de Soto,Sartaguda,23.640943517063615,0.003441307209503533,True
España,Rincón de Soto,Arróniz,44.084464999275646,0.001338867824066896,True
España,Rincón de Soto,Mendigorría,43.817717324915066,0.0013554592469087602,True
España,Rincón de Soto,Fustiñana,38.38532083349125,0.0017418534151359241,True
España,Rincón de Soto,Marcilla,13.735116481359398,0.005440000407329443,True
España,Rincón de Soto,Carcastillo,37.11686945990976,0.001846908283892516,True
España,Rincón de Soto,Lerín,29.38122634228486,0.002639797124604458,True
España,Rincón de Soto,Tafalla,35.94555664811738,0.0019495380633237358,True
España,Castejón,Quel,30.357325515388336,0.0025234451900404855,True
España,Castejón,San Adrián,27.117799204744486,0.0029306926101385724,True
España,Castejón,Fitero,18.537673849854514,0.004356605493212631,True
España,Castejón,Sartaguda,38.48089619823059,0.0017341842362379378,True
España,Castejón,Fustiñana,23.558921965591598,0.0034543729257425883,True
España,Castejón,Marcilla,18.08395733035104,0.00444894959142596,True
España,Castejón,Carcastillo,31.078136030090505,0.0024408321198942477,True
España,Castejón,Lerín,42.01256511564516,0.00147326957087717,True
España,Castejón,Tafalla,40.32948384449989,0.0015923170586229145,True
España,Quel,San Adrián,14.99482801019948,0.005132076525773079,True
España,Quel,Fitero,24.847907617610044,0.003254669543797774,True
España,Quel,Sartaguda,16.970548490307625,0.004683965642613943,True
España,Quel,Arróniz,40.181580451941706,0.0016032274146287875,True
España,Quel,Marcilla,27.754847785592812,0.0028457170078219625,True
España,Quel,Lerín,28.951173096783556,0.002692750094807855,True
España,Nájera,Haro,20.135790399422845,0.00404638355880982,True
España,Nájera,Elciego,14.555628408055982,0.005237396208389655,True
España,Nájera,Santo Domingo de la Calzada,18.144972363779402,0.004436417981683579,True
España,Nájera,Campezo/Kanpezu,42.798603039300424,0.001420761652988296,True
España,San Adrián,Fitero,31.326411216011337,0.002413008366523945,True
España,San Adrián,Sartaguda,11.628631929165358,0.005996908175752355,True
España,San Adrián,Arróniz,31.303892828405758,0.002415518815122992,True
España,San Adrián,Mendigorría,33.848957712510526,0.002147696097264913,True
España,San Adrián,Estella/Lizarra,38.45325256728047,0.0017363989444853678,True
España,San Adrián,Marcilla,15.975237520792724,0.004904577338661782,True
España,San Adrián,Carcastillo,40.51911936907375,0.001578436807950658,True
España,San Adrián,Lerín,17.01464681147043,0.004674424850699473,True
España,San Adrián,Tafalla,30.58095703224625,0.002497519320932221,True
España,Haro,Elciego,19.916683457686958,0.0040875691636812666,True
España,Haro,Santo Domingo de la Calzada,17.37770333122981,0.004596613774011575,True
España,Haro,Campezo/Kanpezu,40.99875309970283,0.0015438678879318001,True
España,Haro,Urkabustaiz,44.327272483980536,0.0013239419961226326,True
España,Haro,Valdegovía/Gaubea,36.73847939110802,0.0018794574880721293,True
España,Elciego,Santo Domingo de la Calzada,28.59577655021833,0.0027373122305784556,True
España,Elciego,Arróniz,43.94098978567779,0.0013477664431242166,True
España,Elciego,Salvatierra/Agurain,41.91803161709435,0.0014797137736412133,True
España,Elciego,Campezo/Kanpezu,28.279138790083213,0.00277763618172775,True
España,Fitero,Sartaguda,39.720184650964974,0.0016377457623836648,True
España,Fitero,Fustiñana,30.970658489054394,0.0024529763238916404,True
España,Fitero,Marcilla,31.561336055378547,0.0023869731540116287,True
España,Sartaguda,Arróniz,23.23680693334494,0.0035061673218942375,True
España,Sartaguda,Mendigorría,33.000626380924714,0.002233491696893277,True
España,Sartaguda,Estella/Lizarra,32.27050959910079,0.0023100731134342504,True
España,Sartaguda,Marcilla,26.94720379255096,0.0029538765348999228,True
España,Sartaguda,Lerín,13.31948565590482,0.0055456125597981056,True
España,Sartaguda,Tafalla,35.61655971944576,0.0019793775471671294,True
España,Sartaguda,Campezo/Kanpezu,42.93000305035388,0.0014121683777325947,True
España,Ajalvir,Anchuelo,19.52546675072812,0.00416215426215538,True
España,Ajalvir,Alcobendas,13.690830366189711,0.0054511567792468445,True
España,Ajalvir,Móstoles,40.17607203314531,0.0016036351935927176,True
España,Ajalvir,Campo Real,23.403229102961845,0.0034793110813987746,True
España,Ajalvir,Chinchón,44.17906580172006,0.0013330326422943228,True
España,Ajalvir,Pozuelo de Alarcón,30.170512798590643,0.0025453090349567492,True
España,Ajalvir,Manzanares el Real,38.84118501395339,0.0017055762356557695,True
España,Ajalvir,Navalafuente,36.11844519336471,0.0019340381723797649,True
España,Ajalvir,Tielmes,35.17578507969821,0.002020072512973703,True
España,Ajalvir,Ciempozuelos,43.29652562551681,0.0013884721914426495,True
España,Ajalvir,Galapagar,44.40600311862509,0.001319138072816793,True
España,Ajalvir,Mejorada del Campo,15.28476253857192,0.005063717581910521,True
España,Ajalvir,Getafe,33.23440091675194,0.002209512346635863,True
España,Ajalvir,Molar (El),23.672461379383677,0.0034362997158932976,True
España,Anchuelo,Alcobendas,32.869635323376656,0.0022470417378878693,True
España,Anchuelo,Campo Real,17.060906895954727,0.004664437304157479,True
España,Anchuelo,Chinchón,38.26220708003796,0.0017517823463311173,True
España,Anchuelo,Tielmes,24.87092369183884,0.003251210806607627,True
España,Anchuelo,Mejorada del Campo,20.061069027604468,0.004060382001247498,True
España,Anchuelo,Fuentidueña de Tajo,39.70985464568963,0.001638527026448061,True
España,Anchuelo,Getafe,43.16971852334275,0.001396625133993718,True
España,Anchuelo,Molar (El),39.818963043262414,0.0016302938836101253,True
España,Alcobendas,Móstoles,31.352110331464996,0.002410146507358619,True
España,Alcobendas,Collado Mediano,36.04234216025936,0.0019408457515106706,True
España,Alcobendas,Campo Real,32.09910931264599,0.0023284287793361434,True
España,Alcobendas,Pozuelo de Alarcón,19.10693761298778,0.0042434578947450246,True
España,Alcobendas,Manzanares el Real,27.421384408282012,0.0028898851494439637,True
España,Alcobendas,Villanueva de la Cañada,32.694855684651394,0.002265249586131798,True
España,Alcobendas,Lozoyuela-Navas-Sieteiglesias,42.1806409951497,0.0014618813072854817,True
España,Alcobendas,Navalafuente,30.9118452132599,0.0024596473950419927,True
España,Alcobendas,Tielmes,43.64274516167808,0.0013664537822197435,True
España,Alcobendas,Torrejón de la Calzada,40.70282936209112,0.0015651056549392302,True
España,Alcobendas,Ciempozuelos,43.21252679776988,0.0013938674799424755,True
España,Alcobendas,Galapagar,30.715246988378176,0.0024820792383821325,True
España,Alcobendas,Mejorada del Campo,21.221654665477253,0.003848331319491336,True
España,Alcobendas,San Lorenzo de El Escorial,43.10685018421593,0.0014006849204373387,True
España,Alcobendas,Getafe,28.040200811150637,0.0028084583595390745,True
España,Alcobendas,Molar (El),21.22145333468757,0.0038483671247884527,True
España,Alcobendas,Villanueva de Perales,44.779184745689655,0.0012966034991587442,True
España,Alcobendas,Rascafría,44.376503883865155,0.0013209359893768353,True
España,Móstoles,Navas del Rey,33.34240531547081,0.00219852100947939,True
España,Móstoles,Collado Mediano,43.35864355661293,0.0013844957555392127,True
España,Móstoles,Campo Real,41.12689424777755,0.0015347611238669475,True
España,Móstoles,Chinchón,43.26474632977147,0.001390510932923142,True
España,Móstoles,Pozuelo de Alarcón,13.27412588864283,0.005557262359945652,True
España,Móstoles,Manzanares el Real,44.95393928717223,0.0012861836140247627,True
España,Móstoles,Villanueva de la Cañada,18.167786157535026,0.004431741454525371,True
España,Móstoles,Torrejón de la Calzada,14.62374813256582,0.005220920160579108,True
España,Móstoles,Ciempozuelos,27.766706061581907,0.0028441588556768656,True
España,Móstoles,Galapagar,30.61732766791872,0.0024933281123103272,True
España,Móstoles,Mejorada del Campo,33.06444142922772,0.0022269201625929056,True
España,Móstoles,San Lorenzo de El Escorial,38.32598224433067,0.0017466319330646514,True
España,Móstoles,Fresnedillas de la Oliva,31.687651279944397,0.0023730908783228884,True
España,Móstoles,Getafe,11.454260920343536,0.006045496876390045,True
España,Móstoles,Villanueva de Perales,20.125324520542055,0.004048341338663509,True
España,Navas del Rey,Collado Mediano,39.36133642908492,0.0016651051986831054,True
España,Navas del Rey,Pozuelo de Alarcón,37.467143027527314,0.0018172804600497493,True
España,Navas del Rey,Villanueva de la Cañada,21.87407899281311,0.0037340383273743926,True
España,Navas del Rey,Cadalso de los Vidrios,18.84601660605491,0.0042949484220760285,True
España,Navas del Rey,Torrejón de la Calzada,43.40517244403986,0.0013815246997902243,True
España,Navas del Rey,Galapagar,29.90256213116519,0.0025770004650253753,True
España,Navas del Rey,San Lorenzo de El Escorial,24.53121101130982,0.0033026371132736385,True
España,Navas del Rey,Fresnedillas de la Oliva,13.10167900447111,0.005601776747883078,True
España,Navas del Rey,Getafe,44.790367344451866,0.0012959342080756764,True
España,Navas del Rey,Villanueva de Perales,13.360460320809215,0.005535110064334687,True
España,Collado Mediano,Pozuelo de Alarcón,33.7976712415745,0.0021527879682255663,True
España,Collado Mediano,Manzanares el Real,13.835411955099211,0.005414819034921957,True
España,Collado Mediano,Villanueva de la Cañada,27.515001324457636,0.0028774164722807608,True
España,Collado Mediano,Lozoyuela-Navas-Sieteiglesias,42.80994937121872,0.0014200175700871335,True
España,Collado Mediano,Navalafuente,32.82881247377701,0.0022512813464803214,True
España,Collado Mediano,Galapagar,13.062167176218766,0.005612026385137135,True
España,Collado Mediano,San Lorenzo de El Escorial,15.563161057597945,0.004998938428620999,True
España,Collado Mediano,Fresnedillas de la Oliva,26.264944760519732,0.0030484465134651747,True
España,Collado Mediano,Molar (El),37.41016600512122,0.001822067270858558,True
España,Collado Mediano,Villanueva de Perales,39.12503576970122,0.0016833704344540639,True
España,Collado Mediano,Rascafría,26.2909624956444,0.003044785104554286,True
España,Campo Real,Chinchón,22.20835110687889,0.003676804341024101,True
España,Campo Real,Pozuelo de Alarcón,38.15334116087978,0.0017606093606807826,True
España,Campo Real,Tielmes,11.83657836490269,0.005939475978183738,True
España,Campo Real,Torrejón de la Calzada,38.57636409505719,0.0017265573951812342,True
España,Campo Real,Ciempozuelos,28.3076663001664,0.0027739789395169463,True
España,Campo Real,Mejorada del Campo,11.172727929532192,0.0061247821716508746,True
España,Campo Real,Fuentidueña de Tajo,30.84799422998328,0.002466910446224334,True
España,Campo Real,Getafe,30.04316242093202,0.002560322244265842,True
España,Chinchón,Tielmes,14.44393575410469,0.0052645241857860545,True
España,Chinchón,Torrejón de la Calzada,33.26993970774827,0.0022058895958902893,True
España,Chinchón,Ciempozuelos,17.360551033752103,0.004600260482873376,True
España,Chinchón,Mejorada del Campo,29.206348029291075,0.0026612031421725346,True
España,Chinchón,Fuentidueña de Tajo,21.913276331024004,0.003727281021107115,True
España,Chinchón,Getafe,32.5589721790914,0.002279507353979894,True
España,Pozuelo de Alarcón,Manzanares el Real,32.74634200108298,0.002259870657822011,True
España,Pozuelo de Alarcón,Villanueva de la Cañada,16.32441799749477,0.004826018663805861,True
España,Pozuelo de Alarcón,Navalafuente,44.86119903843108,0.0012917028642197377,True
España,Pozuelo de Alarcón,Torrejón de la Calzada,26.009421357182884,0.0030846408436706945,True
España,Pozuelo de Alarcón,Ciempozuelos,34.83464005689284,0.0020521428617596934,True
España,Pozuelo de Alarcón,Galapagar,22.567613557684076,0.003616271352900228,True
España,Pozuelo de Alarcón,Mejorada del Campo,27.85647997897907,0.002832390438989603,True
España,Pozuelo de Alarcón,San Lorenzo de El Escorial,33.313712875383466,0.002201435618709507,True
España,Pozuelo de Alarcón,Fresnedillas de la Oliva,30.90113185130465,0.0024608645440489765,True
España,Pozuelo de Alarcón,Getafe,16.001256198032326,0.0048986796731523286,True
España,Pozuelo de Alarcón,Molar (El),38.41550781085254,0.0017394274873965923,True
España,Pozuelo de Alarcón,Villanueva de Perales,26.284200964168054,0.0030457362136493004,True
España,Manzanares el Real,Villanueva de la Cañada,33.34168099083787,0.002198594539628289,True
España,Manzanares el Real,Lozoyuela-Navas-Sieteiglesias,30.398914182438165,0.0025186034561346642,True
España,Manzanares el Real,Navalafuente,19.417313863095544,0.004183013212997807,True
España,Manzanares el Real,Galapagar,20.343845508471905,0.004007660505915018,True
España,Manzanares el Real,San Lorenzo de El Escorial,28.308008727837272,0.0027739350694046113,True
España,Manzanares el Real,Fresnedillas de la Oliva,37.250161270328505,0.0018355772959471142,True
España,Manzanares el Real,Molar (El),23.826270277575254,0.003411967424595857,True
España,Manzanares el Real,Rascafría,19.692573675567118,0.004130129978813103,True
España,Villanueva de la Cañada,Cadalso de los Vidrios,40.523862631767386,0.0015780911831925197,True
España,Villanueva de la Cañada,Torrejón de la Calzada,32.404336096063545,0.0022958420575005948,True
España,Villanueva de la Cañada,Galapagar,14.51728196355187,0.005246693965745895,True
España,Villanueva de la Cañada,Mejorada del Campo,44.154997698041704,0.0013345147997027925,True
España,Villanueva de la Cañada,San Lorenzo de El Escorial,20.177774196911862,0.004038539475290867,True
España,Villanueva de la Cañada,Fresnedillas de la Oliva,14.775049801341643,0.005184510794677429,True
España,Villanueva de la Cañada,Getafe,27.968787600669195,0.0028177367264530873,True
España,Villanueva de la Cañada,Villanueva de Perales,13.736626029100696,0.005439620532547715,True
España,Lozoyuela-Navas-Sieteiglesias,Navalafuente,12.267307052803027,0.005822264589479821,True
España,Lozoyuela-Navas-Sieteiglesias,Molar (El),21.72434039599873,0.0037599652954312234,True
España,Lozoyuela-Navas-Sieteiglesias,Rascafría,22.13137282344142,0.0036899061270701076,True
España,Navalafuente,Galapagar,39.10395967124241,0.001685009245523869,True
España,Navalafuente,Molar (El),12.761713104959883,0.005690584562265401,True
España,Navalafuente,Rascafría,19.4250309917158,0.004181521379481875,True
España,Cadalso de los Vidrios,San Lorenzo de El Escorial,40.82408272390392,0.0015563684817659221,True
España,Cadalso de los Vidrios,Fresnedillas de la Oliva,30.90679832942547,0.002460220698282849,True
España,Cadalso de los Vidrios,Villanueva de Perales,29.50173714317723,0.002625146390574888,True
España,Tielmes,Torrejón de la Calzada,41.40887328006576,0.0015149100603273767,True
España,Tielmes,Ciempozuelos,27.497226995062135,0.0028797796542587325,True
España,Tielmes,Mejorada del Campo,22.437123396080064,0.003638141578485115,True
España,Tielmes,Fuentidueña de Tajo,19.253225996689082,0.004214860403994182,True
España,Tielmes,Getafe,36.10980951573773,0.0019348094491295294,True
España,Torrejón de la Calzada,Ciempozuelos,16.038578681756356,0.004890232188987447,True
España,Torrejón de la Calzada,Mejorada del Campo,34.18082902739488,0.0021150369968568525,True
España,Torrejón de la Calzada,Fresnedillas de la Oliva,44.76518216260472,0.0012974420565998717,True
España,Torrejón de la Calzada,Getafe,12.802623205584815,0.005679823431030185,True
España,Torrejón de la Calzada,Villanueva de Perales,30.309387909531175,0.0025290376259833407,True
España,Ciempozuelos,Mejorada del Campo,28.65394607326156,0.0027299683055902434,True
España,Ciempozuelos,Fuentidueña de Tajo,39.27292108913108,0.0016719160818445217,True
España,Ciempozuelos,Getafe,18.877715598711085,0.004288659615254964,True
España,Galapagar,San Lorenzo de El Escorial,12.394031775559633,0.005788223987020962,True
España,Galapagar,Fresnedillas de la Oliva,17.45716474297017,0.004579757466623702,True
España,Galapagar,Getafe,37.98512278306822,0.0017743363206324662,True
España,Galapagar,Molar (El),39.52604532588863,0.0016524911109639059,True
España,Galapagar,Villanueva de Perales,26.90392008380294,0.0029597879503953503,True
España,Galapagar,Rascafría,37.77697459175897,0.0017914699022292353,True
España,Mejorada del Campo,Fuentidueña de Tajo,41.68203777568761,0.0014959243635398309,True
España,Mejorada del Campo,Getafe,23.13225557367633,0.0035231453523090006,True
España,Mejorada del Campo,Molar (El),38.19199016417483,0.0017574705590713117,True
España,San Lorenzo de El Escorial,Fresnedillas de la Oliva,11.852440029152268,0.005935117920857849,True
España,San Lorenzo de El Escorial,Villanueva de Perales,27.503044869235172,0.002879005926197782,True
España,San Lorenzo de El Escorial,Rascafría,41.484251057467176,0.0015096471562997945,True
España,Fresnedillas de la Oliva,Getafe,42.32933085284788,0.0014518799629615487,True
España,Fresnedillas de la Oliva,Villanueva de Perales,16.631458521717022,0.004757984247456957,True
España,Getafe,Villanueva de Perales,31.574606520663206,0.0023855108923216723,True
España,Molar (El),Rascafría,31.40616682760424,0.002404137848516258,True
España,Fortuna,Blanca,21.677210938399302,0.003768162949359653,True
España,Fortuna,Campos del Río,25.03839789768265,0.0032261542754226883,True
España,Fortuna,Alguazas,17.69658621626135,0.004529342400728513,True
España,Fortuna,Librilla,38.09479994053421,0.001765374350382759,True
España,Fortuna,Beniel,18.658305062215703,0.004332378743475862,True
España,Fortuna,Jumilla,36.8873626181766,0.0018665826008081657,True
España,Fortuna,Pliego,39.317340875555054,0.0016684908250017847,True
España,Fortuna,Cox,21.537367679365715,0.0037925927448669286,True
España,Fortuna,Benejúzar,27.799812670797216,0.002839813238787821,True
España,Fortuna,Fondó de les Neus (el)/Hondón de las Nieves,21.842490017434933,0.0037394929466008967,True
España,Fortuna,Novelda,38.96669013531302,0.0016957219997774304,True
España,Fortuna,Rojales,36.80598865627336,0.0018736085575881394,True
España,Fortuna,Elche/Elx,38.696030343941736,0.0017170447318312963,True
España,Fortuna,Elda,44.24914293661208,0.001328726527947246,True
España,Fortuna,Montesinos (Los),37.760890714982075,0.0017928007032068736,True
España,Blanca,Campos del Río,15.57907937636981,0.004995259705959435,True
España,Blanca,Alguazas,18.592153397727028,0.004345647415274866,True
España,Blanca,Librilla,32.44763252687892,0.002291256744509402,True
España,Blanca,Beniel,35.945210581083145,0.0019495692133955805,True
España,Blanca,Bullas,29.623477215042154,0.0026104288687053886,True
España,Blanca,Calasparra,28.99187334779258,0.0026876933897840454,True
España,Blanca,Caravaca de la Cruz,43.54153819131702,0.0013728538593081765,True
España,Blanca,Jumilla,33.33369528108812,0.0021994053757914923,True
España,Blanca,Pliego,23.91602742604897,0.003397847850010109,True
España,Blanca,Cox,42.97068524476277,0.0014095183983861446,True
España,Blanca,Fondó de les Neus (el)/Hondón de las Nieves,41.06243814386965,0.0015393351714808284,True
España,Águilas,Totana,41.46343536464892,0.00151109868587783,True
España,Águilas,Lorca,31.50212626846786,0.0023935083715424044,True
España,Águilas,Mazarrón,32.06657762211863,0.0023319291236080335,True
España,Águilas,Puerto Lumbreras,26.809536712401567,0.002972719355094501,True
España,Campos del Río,Alguazas,9.65514169522153,0.006570503189874137,True
España,Campos del Río,Totana,32.6744250218023,0.002267387587534379,True
España,Campos del Río,Librilla,16.955597188704296,0.0046872048293575995,True
España,Campos del Río,Beniel,30.63625625108312,0.0024911496435192793,True
España,Campos del Río,Bullas,27.972852000357797,0.0028172078361603276,True
España,Campos del Río,Calasparra,37.13045535889101,0.0018457501667633108,True
España,Campos del Río,Fuente Álamo de Murcia,38.80553910316012,0.0017083854600096723,True
España,Campos del Río,Pliego,14.651415587058327,0.005214243123420936,True
España,Campos del Río,Cox,42.18809683240302,0.0014613781681019737,True
España,Alguazas,Torre-Pacheco,42.33837272095342,0.0014512739896853533,True
España,Alguazas,Totana,38.39074881757883,0.0017414169545608075,True
España,Alguazas,Librilla,20.44470826080506,0.003989021931918808,True
España,Alguazas,Beniel,21.030679938878365,0.003882445374900465,True
España,Alguazas,Bullas,37.559861059292025,0.0018095178143292979,True
España,Alguazas,Calasparra,44.903628744058466,0.0012891748140067202,True
España,Alguazas,Fuente Álamo de Murcia,36.864508693868906,0.0018685531789863568,True
España,Alguazas,Pliego,24.068762447987705,0.0033739557522682343,True
España,Alguazas,Cox,32.70609656751737,0.0022640741254199566,True
España,Alguazas,Benejúzar,35.47679579888241,0.0019921917920569486,True
España,Alguazas,Fondó de les Neus (el)/Hondón de las Nieves,39.13194619912019,0.0016828334482909529,True
España,Alguazas,Montesinos (Los),43.7340417086664,0.0013607060048762372,True
España,Torre-Pacheco,Librilla,38.57156852843475,0.0017269397070381635,True
España,Torre-Pacheco,Beniel,33.806163644271706,0.0021519439838337453,True
España,Torre-Pacheco,Unión (La),15.587564531749488,0.004993299896878141,True
España,Torre-Pacheco,Fuente Álamo de Murcia,18.908129332617136,0.004282634472256477,True
España,Torre-Pacheco,Mazarrón,35.5657178356997,0.0019840294108015937,True
España,Torre-Pacheco,San Pedro del Pinatar,17.45231179597267,0.004580785152053521,True
España,Torre-Pacheco,Cox,44.56395399476487,0.0013095528235338274,True
España,Torre-Pacheco,Benejúzar,38.500824890191105,0.0017325893738512046,True
España,Torre-Pacheco,Rojales,43.2249907211174,0.001393065593545414,True
España,Torre-Pacheco,Montesinos (Los),36.479494875076675,0.0019020655715438104,True
España,Totana,Librilla,18.34996707028321,0.0043945736938691676,True
España,Totana,Bullas,34.20398098590216,0.002112777269075877,True
España,Totana,Fuente Álamo de Murcia,29.84644330129481,0.002583687697873387,True
España,Totana,Lorca,20.642299667411237,0.003952760211559964,True
España,Totana,Mazarrón,25.263909895296468,0.0031927198161298357,True
España,Totana,Pliego,24.330363526568455,0.003333424294041423,True
España,Totana,Puerto Lumbreras,35.79079627306097,0.0019635181005289116,True
España,Librilla,Beniel,35.45977590478281,0.0019937579180976496,True
España,Librilla,Bullas,33.05290564332478,0.002228106658164021,True
España,Librilla,Fuente Álamo de Murcia,24.554011768623756,0.003299160123284701,True
España,Librilla,Lorca,38.759553689563916,0.0017120163685706092,True
España,Librilla,Mazarrón,32.31034691080067,0.002305827625234529,True
España,Librilla,Pliego,17.56622958287703,0.004556722223167563,True
España,Beniel,Fuente Álamo de Murcia,38.68414941339461,0.0017179868375383311,True
España,Beniel,Pliego,44.61165507330816,0.0013066717921819831,True
España,Beniel,San Pedro del Pinatar,29.831636726697404,0.002585454973935771,True
España,Beniel,Cox,14.636205021483308,0.005217912855694401,True
España,Beniel,Benejúzar,14.758422920855795,0.005188499408413651,True
España,Beniel,Fondó de les Neus (el)/Hondón de las Nieves,29.415998023529482,0.0026355614806250626,True
España,Beniel,Novelda,43.024680911262,0.0014060088743406618,True
España,Beniel,Rojales,24.758718054932483,0.003268107347329305,True
España,Beniel,Elche/Elx,36.05705305519148,0.0019395279640477153,True
España,Beniel,Montesinos (Los),22.72950961654283,0.003589320523582136,True
España,Beniel,Santa Pola,42.33111393579593,0.001451760443232627,True
España,Bullas,Calasparra,20.323165373200624,0.004011492790013895,True
España,Bullas,Caravaca de la Cruz,18.369077003136198,0.004390693128169372,True
España,Bullas,Lorca,41.966122491513396,0.001476431979200581,True
España,Bullas,Pliego,15.812422012214403,0.0049416449050684345,True
España,Calasparra,Caravaca de la Cruz,19.61652815962916,0.004144672555713462,True
España,Calasparra,Jumilla,43.00534651995379,0.0014072645351845645,True
España,Calasparra,Pliego,31.631827477898586,0.002379216023455428,True
España,Caravaca de la Cruz,Pliego,34.17432417914782,0.0021156723322882163,True
España,Unión (La),Fuente Álamo de Murcia,27.895843582644368,0.0028272456749116504,True
España,Unión (La),Mazarrón,38.244833081530594,0.0017531880824949936,True
España,Unión (La),San Pedro del Pinatar,25.4900766873797,0.0031595368935194287,True
España,Fuente Álamo de Murcia,Mazarrón,18.911363329731465,0.00428199429750373,True
España,Fuente Álamo de Murcia,Pliego,42.024178282039955,0.001472479856802312,True
España,Fuente Álamo de Murcia,San Pedro del Pinatar,35.253604831771916,0.0020128273618120066,True
España,Jumilla,Yecla,23.55178582749654,0.003455512032706188,True
España,Jumilla,Fondó de les Neus (el)/Hondón de las Nieves,38.780493100439905,0.0017103620820439088,True
España,Lorca,Mazarrón,34.851060514315606,0.002050587602150914,True
España,Lorca,Pliego,39.26801140834949,0.001672295103853384,True
España,Lorca,Puerto Lumbreras,15.603990031187466,0.004989508305109438,True
España,Mazarrón,Puerto Lumbreras,43.94786975644997,0.0013473383873654752,True
España,San Pedro del Pinatar,Cox,35.099550247802746,0.0020271954056241626,True
España,San Pedro del Pinatar,Benejúzar,27.36939019179334,0.0028968335271398206,True
España,San Pedro del Pinatar,Rojales,28.776482440589255,0.00271456253062201,True
España,San Pedro del Pinatar,Montesinos (Los),21.793587171340032,0.003747952990146175,True
España,San Pedro del Pinatar,Santa Pola,44.79896290110944,0.0012954199890729606,True
España,Yecla,Fondó de les Neus (el)/Hondón de las Nieves,38.02654430943489,0.0017709463382673983,True
España,Yecla,Novelda,39.942366223738496,0.0016210319222697547,True
España,Yecla,Cañada,27.58151714416868,0.0028685900962196306,True
España,Yecla,Onil,38.66620564800901,0.001719410679564101,True
España,Yecla,Elda,32.31441083447214,0.002305394969441955,True
España,Yecla,Font de la Figuera (la),29.61669470822685,0.002611246648929273,True
España,Yecla,Mogente/Moixent,42.8368837561989,0.0014182527953594628,True
España,Arróniz,Olazti/Olazagutía,33.096593411397876,0.0022236165558518687,True
España,Arróniz,Arbizu,36.54781827119903,0.0018960749873481075,True
España,Arróniz,Mendigorría,21.390962614132018,0.003818338966514867,True
España,Arróniz,Estella/Lizarra,10.353003094166834,0.006361629835124684,True
España,Arróniz,Barañain,40.941416745508846,0.0015479601576914854,True
España,Arróniz,Marcilla,41.067053448948286,0.001539007199517062,True
España,Arróniz,Lerín,15.28614377188543,0.005063394119631718,True
España,Arróniz,Tafalla,34.77471203803339,0.0020578289500309045,True
España,Arróniz,Salvatierra/Agurain,38.09568566215483,0.0017653021606493335,True
España,Arróniz,Campezo/Kanpezu,25.508100858545962,0.003156907319700007,True
España,Olazti/Olazagutía,Arbizu,13.529879438771474,0.005491896595478748,True
España,Olazti/Olazagutía,Mendigorría,40.39125505010222,0.001587782403761697,True
España,Olazti/Olazagutía,Estella/Lizarra,26.550575843651345,0.003008490777024669,True
España,Olazti/Olazagutía,Barañain,42.457323533898744,0.0014433255761316644,True
España,Olazti/Olazagutía,Ultzama,44.43138842237468,0.0013175928498046607,True
España,Olazti/Olazagutía,Lekunberri,28.463054093747218,0.002754142638722008,True
España,Olazti/Olazagutía,Salvatierra/Agurain,15.903450486329355,0.004920886304623954,True
España,Olazti/Olazagutía,Aretxabaleta,30.697460081137837,0.0024841187977395,True
España,Olazti/Olazagutía,Campezo/Kanpezu,24.890769396802913,0.003248231452739215,True
España,Olazti/Olazagutía,Legutiano,37.99943621720786,0.0017731641604862678,True
España,Olazti/Olazagutía,Zarautz,44.9737200192804,0.0012850094563871318,True
España,Olazti/Olazagutía,Irura,33.80243382563729,0.0021523146165595367,True
España,Olazti/Olazagutía,Urretxu,25.839290183046447,0.0031089779529097873,True
España,Olazti/Olazagutía,Ordizia,19.838262497407257,0.004102411886586113,True
España,Olazti/Olazagutía,Azpeitia,34.64917000959297,0.0020697917788705797,True
España,Olazti/Olazagutía,Eibar,40.93748038759661,0.0015482415050426274,True
España,Olazti/Olazagutía,Segura,15.450703269647486,0.005025004965836006,True
España,Villava/Atarrabia,Aoiz/Agoitz,20.275532133034982,0.004020333798838963,True
España,Villava/Atarrabia,Arbizu,36.35903447755393,0.0019126736762547537,True
España,Villava/Atarrabia,Mendigorría,29.153943690697577,0.002667651486154578,True
España,Villava/Atarrabia,Estella/Lizarra,38.80848721400128,0.0017081529464362602,True
España,Villava/Atarrabia,Barañain,6.894098629752478,0.007466705126855367,True
España,Villava/Atarrabia,Baztan,42.62430328619402,0.0014322411892897968,True
España,Villava/Atarrabia,Cáseda,39.49621338083773,0.0016547686567320696,True
España,Villava/Atarrabia,Ultzama,19.624011808000294,0.0041432391443505644,True
España,Villava/Atarrabia,Lekunberri,29.83719431737253,0.0025847914918466965,True
España,Villava/Atarrabia,Lumbier,31.599614530962096,0.0023827577166864716,True
España,Villava/Atarrabia,Tafalla,33.85406407303186,0.0021471897830184355,True
España,Aoiz/Agoitz,Mendigorría,42.01396341419577,0.0014731744618993112,True
España,Aoiz/Agoitz,Barañain,25.99373057128992,0.003086877385126849,True
España,Aoiz/Agoitz,Cáseda,29.190931077357416,0.0026630985731988903,True
España,Aoiz/Agoitz,Ultzama,34.71738878096996,0.00206328264398172,True
España,Aoiz/Agoitz,Lumbier,15.589230677410518,0.004992915159260881,True
España,Aoiz/Agoitz,Tafalla,37.869389142814995,0.001783842527871603,True
España,Arbizu,Mendigorría,36.01530504081688,0.0019432700464240343,True
España,Arbizu,Estella/Lizarra,27.20403729406929,0.0029190422861965363,True
España,Arbizu,Barañain,31.38671017757422,0.0024062988265003476,True
España,Arbizu,Ultzama,30.902672889153422,0.0024606894290512427,True
España,Arbizu,Lekunberri,15.358501508907189,0.005046478077642896,True
España,Arbizu,Salvatierra/Agurain,29.33744601552538,0.002645139833280357,True
España,Arbizu,Aretxabaleta,40.12089817252619,0.001607725347862843,True
España,Arbizu,Campezo/Kanpezu,36.65455496224481,0.0018867540842162941,True
España,Arbizu,Zarautz,41.95756124626256,0.001477015678739505,True
España,Arbizu,Irura,27.925073107693816,0.0028234314751351694,True
España,Arbizu,Lasarte-Oria,39.168673069564036,0.0016799824003341929,True
España,Arbizu,Urretxu,29.74718949483118,0.0025955575463193162,True
España,Arbizu,Ordizia,19.089654035455027,0.0042468494363855445,True
España,Arbizu,Azpeitia,35.02709881726133,0.0020339880896652774,True
España,Arbizu,Segura,20.20326146026217,0.00403378497590063,True
España,Mendigorría,Estella/Lizarra,16.689432019124695,0.004745246800158003,True
España,Mendigorría,Barañain,23.135152948113173,0.0035226737414203553,True
España,Mendigorría,Marcilla,34.49457230021355,0.0020846189558823116,True
España,Mendigorría,Carcastillo,42.33181712183283,0.0014517133115035923,True
España,Mendigorría,Cáseda,40.0695136591344,0.0016115439708921779,True
España,Mendigorría,Ultzama,43.26617838507549,0.0013904189977349353,True
España,Mendigorría,Lekunberri,41.715979037004566,0.0014935820273890453,True
España,Mendigorría,Lerín,19.689720093572625,0.004130674759080572,True
España,Mendigorría,Lumbier,43.293558413002856,0.0013886624208965892,True
España,Mendigorría,Tafalla,17.12382277437295,0.004650888116471024,True
España,Mendigorría,Campezo/Kanpezu,44.274746041269495,0.0013271567330666151,True
España,Estella/Lizarra,Barañain,31.921376907385756,0.002347616755098726,True
España,Estella/Lizarra,Lekunberri,38.45090673969781,0.0017365870139102067,True
España,Estella/Lizarra,Lerín,21.44445184622358,0.003808912311957835,True
España,Estella/Lizarra,Tafalla,33.134542567634426,0.002219723601459811,True
España,Estella/Lizarra,Salvatierra/Agurain,35.535250262254515,0.001986822332316097,True
España,Estella/Lizarra,Campezo/Kanpezu,27.793184614245927,0.002840682713504135,True
España,Estella/Lizarra,Ordizia,44.26798735621038,0.0013275709459759882,True
España,Estella/Lizarra,Segura,41.72053319418108,0.0014932680174688433,True
España,Barañain,Cáseda,40.70981141523281,0.001564601219928618,True
España,Barañain,Ultzama,21.70042186208195,0.003764123426641639,True
España,Barañain,Lekunberri,27.558071696322266,0.002871698112321572,True
España,Barañain,Lerín,42.81134999199413,0.001419925745570884,True
España,Barañain,Lumbier,35.21976149755085,0.0020159750334963556,True
España,Barañain,Tafalla,30.54686651673439,0.0025014541807926614,True
España,Baztan,Lesaka,19.884109709853384,0.004093727843534218,True
España,Baztan,Ultzama,28.074966430292246,0.002803952512621888,True
España,Baztan,Lekunberri,40.96727893817624,0.0015461129534452343,True
España,Baztan,Errenteria,37.21133875491422,0.0018388703584315794,True
España,Baztan,Hondarribia,31.884471825404365,0.0023516208251953058,True
España,Lesaka,Ultzama,27.521547569198948,0.0028765466072159327,True
España,Lesaka,Lekunberri,31.274497874143762,0.002418799827818419,True
España,Lesaka,Zarautz,38.0574095567057,0.001768424505857547,True
España,Lesaka,Irura,30.986162820906316,0.002451220717515915,True
España,Lesaka,Lasarte-Oria,25.718692028839648,0.0031263458135557236,True
España,Lesaka,Errenteria,17.463522955258387,0.0045784113682915285,True
España,Lesaka,Ordizia,44.03212578379966,0.0013421071824190473,True
España,Lesaka,Hondarribia,14.694453430005643,0.00520387375001647,True
España,Fustiñana,Marcilla,39.957133695959214,0.0016199270883211323,True
España,Fustiñana,Carcastillo,40.16703370861967,0.0016043045102423737,True
España,Marcilla,Carcastillo,24.943341386053387,0.0032403522498192696,True
España,Marcilla,Cáseda,37.556379240166095,0.0018098087229375722,True
España,Marcilla,Lerín,25.88242009956706,0.0031027901182199263,True
España,Marcilla,Tafalla,23.29057091737554,0.003497468566581196,True
España,Carcastillo,Cáseda,17.15849324797618,0.004643438568526285,True
España,Carcastillo,Lerín,44.837450701555866,0.0012931200015539976,True
España,Carcastillo,Lumbier,32.38085589133771,0.0022983325706923663,True
España,Carcastillo,Tafalla,25.21355708696622,0.0032001549071098588,True
España,Cáseda,Lumbier,15.231851677874594,0.005076124062742427,True
España,Cáseda,Tafalla,25.15682058294641,0.003208553399413094,True
España,Ultzama,Lekunberri,17.39211058997929,0.004593552921870543,True
España,Ultzama,Irura,36.75142730939284,0.0018783342804111532,True
España,Ultzama,Lasarte-Oria,40.6834634027697,0.00156650564585954,True
España,Ultzama,Errenteria,39.146172639248974,0.001681728498901481,True
España,Ultzama,Ordizia,41.09263730084076,0.0015371904311866627,True
España,Ultzama,Hondarribia,41.34757419202529,0.0015192035066992366,True
España,Lekunberri,Salvatierra/Agurain,43.76057457140441,0.0013590401060871934,True
España,Lekunberri,Zarautz,38.44171123202482,0.001737324431590204,True
España,Lekunberri,Irura,23.289513871345733,0.003497639382983601,True
España,Lekunberri,Lasarte-Oria,31.372090951703388,0.0024079238089186007,True
España,Lekunberri,Urretxu,35.789547193506046,0.0019636313412293594,True
España,Lekunberri,Errenteria,34.6373164750861,0.002070924884382888,True
España,Lekunberri,Ordizia,23.996187681338352,0.0033852874464942472,True
España,Lekunberri,Azpeitia,36.500758802533255,0.0019001991272728958,True
España,Lekunberri,Hondarribia,40.98384560464078,0.0015449308393855948,True
España,Lekunberri,Segura,29.335941795067303,0.002645323592271545,True
España,Lerín,Tafalla,25.01295284533204,0.003229948717968707,True
España,Lerín,Campezo/Kanpezu,39.98188399154423,0.0016180770740301643,True
España,Lumbier,Tafalla,32.991159795159476,0.0022344681968655437,True
España,Salvatierra/Agurain,Aretxabaleta,22.483217731586578,0.0036304010412246757,True
España,Salvatierra/Agurain,Campezo/Kanpezu,17.917295112624444,0.004483360826747724,True
España,Salvatierra/Agurain,Legutiano,24.894929394047907,0.003247607276350661,True
España,Salvatierra/Agurain,Irura,43.46924543140762,0.0013774438107255248,True
España,Salvatierra/Agurain,Urretxu,27.35946393541021,0.002898161948108823,True
España,Salvatierra/Agurain,Ordizia,28.26915076050162,0.002778917793377278,True
España,Salvatierra/Agurain,Azpeitia,38.21024199163819,0.0017559902195940194,True
España,Salvatierra/Agurain,Eibar,37.512156515880164,0.0018135076376413184,True
España,Salvatierra/Agurain,Segura,20.693096917625716,0.003943491480717555,True
España,Salvatierra/Agurain,Abadiño,37.64615053920429,0.0018023231873720502,True
España,Salvatierra/Agurain,Areatza,42.88625315315991,0.0014150237408000334,True
España,Laudio/Llodio,Aretxabaleta,39.085053505106586,0.001686480687032002,True
España,Laudio/Llodio,Legutiano,31.86973244330746,0.002353221905244644,True
España,Laudio/Llodio,Urkabustaiz,19.343324378950296,0.00419734357289001,True
España,Laudio/Llodio,Valdegovía/Gaubea,34.46770568968169,0.0020872065006653463,True
España,Laudio/Llodio,Eibar,39.97600187979363,0.0016185165536972417,True
España,Laudio/Llodio,Abadiño,28.624155619305174,0.002733726894010608,True
España,Laudio/Llodio,Santurtzi,21.35323182593089,0.0038250024996045453,True
España,Laudio/Llodio,Sondika,17.751521062929264,0.004517853480575776,True
España,Laudio/Llodio,Galdakao,13.57551631899523,0.005480314070449776,True
España,Laudio/Llodio,Areatza,16.03318683258273,0.004891451663876608,True
España,Laudio/Llodio,Mungia,25.28972842853003,0.0031889141678762417,True
España,Laudio/Llodio,Zalla,16.025579076591796,0.0048931728294876135,True
España,Laudio/Llodio,Plentzia,29.05172388496832,0.0026802746694473837,True
España,Laudio/Llodio,Mundaka,36.34325653594404,0.0019140675059283443,True
España,Laudio/Llodio,Berriatua,44.59134242773892,0.0013078978522930336,True
España,Laudio/Llodio,Gernika-Lumo,30.04449626966871,0.002560164539660494,True
España,Aretxabaleta,Campezo/Kanpezu,39.8248970900384,0.00162984729808326,True
España,Aretxabaleta,Legutiano,12.979276331530976,0.005633590046834416,True
España,Aretxabaleta,Urkabustaiz,34.70923219790816,0.0020640598299053545,True
España,Aretxabaleta,Zarautz,38.29037468652917,0.001749505690664884,True
España,Aretxabaleta,Irura,38.13178548370513,0.0017623623968901574,True
España,Aretxabaleta,Urretxu,16.657103595856874,0.004752345503660856,True
España,Aretxabaleta,Ordizia,26.60130426312392,0.003001449640274599,True
España,Aretxabaleta,Azpeitia,25.420409955273104,0.003169721326026035,True
España,Aretxabaleta,Deba,31.315736087529597,0.0024141981509120795,True
España,Aretxabaleta,Eibar,16.64356346443696,0.004755321821749264,True
España,Aretxabaleta,Segura,20.706919440861626,0.0039409731241359085,True
España,Aretxabaleta,Abadiño,15.287146490068466,0.005063159312401328,True
España,Aretxabaleta,Galdakao,35.1256062329973,0.0020247580796868316,True
España,Aretxabaleta,Areatza,23.367505745008,0.0034850584801783295,True
España,Aretxabaleta,Mungia,44.95511854747601,0.0012861135846744336,True
España,Aretxabaleta,Mundaka,44.14874214699908,0.001334900297474606,True
España,Aretxabaleta,Berriatua,31.33216813129158,0.0024123669796625143,True
España,Aretxabaleta,Gernika-Lumo,34.2799394256113,0.0021053803597883888,True
España,Campezo/Kanpezu,Legutiano,38.794793334482904,0.0017092332324524962,True
España,Campezo/Kanpezu,Urretxu,44.745757751493414,0.0012986062026564282,True
España,Campezo/Kanpezu,Ordizia,43.209975369434915,0.0013940316870397454,True
España,Campezo/Kanpezu,Segura,36.55670877945001,0.0018952968581032294,True
España,Legutiano,Urkabustaiz,22.74824394948357,0.0035862148424392905,True
España,Legutiano,Valdegovía/Gaubea,39.85910108719576,0.0016272755513890224,True
España,Legutiano,Urretxu,29.565978092275024,0.0026173697867142636,True
España,Legutiano,Ordizia,38.71636024011931,0.0017154338585282378,True
España,Legutiano,Azpeitia,38.260419461557575,0.0017519269311100302,True
España,Legutiano,Deba,42.39731540273903,0.0014473299257131175,True
España,Legutiano,Eibar,26.75602623834886,0.002980075909618927,True
España,Legutiano,Segura,31.9273754296376,0.0023469665817975834,True
España,Legutiano,Abadiño,19.326135256371344,0.004200679819940889,True
España,Legutiano,Sondika,42.53559963768043,0.0014381188439401209,True
España,Legutiano,Galdakao,32.58371815549791,0.002276904175335132,True
España,Legutiano,Areatza,18.894536050964316,0.004285326333094369,True
España,Legutiano,Berriatua,40.29474417903263,0.0015948730017270258,True
España,Legutiano,Gernika-Lumo,37.83734505489215,0.0017864835798849287,True
España,Urkabustaiz,Valdegovía/Gaubea,19.836113788801566,0.004102819331992725,True
España,Urkabustaiz,Eibar,43.433112258752,0.0013797436940650957,True
España,Urkabustaiz,Abadiño,32.16020756631446,0.0023218689374506045,True
España,Urkabustaiz,Santurtzi,40.65425857703306,0.0015686192698484071,True
España,Urkabustaiz,Sondika,36.53127388230169,0.0018975238625560703,True
España,Urkabustaiz,Galdakao,29.418395421147746,0.002635269697222412,True
España,Urkabustaiz,Areatza,20.79760478443191,0.003924490894277221,True
España,Urkabustaiz,Mungia,42.96740086219299,0.0014097321537375747,True
España,Urkabustaiz,Zalla,31.99466816768388,0.002339685135182584,True
España,Urkabustaiz,Gernika-Lumo,43.15362105026487,0.0013976635229066001,True
España,Valdegovía/Gaubea,Areatza,40.483117695767135,0.0015810625910577395,True
España,Valdegovía/Gaubea,Zalla,40.577188056384934,0.0015742107519603572,True
España,Zarautz,Irura,15.193688785906446,0.005085091383937699,True
España,Zarautz,Lasarte-Oria,12.342418804657951,0.00580206400187796,True
España,Zarautz,Urretxu,23.90413575284741,0.0033997151432209245,True
España,Zarautz,Errenteria,22.301835434733224,0.0036609558829961437,True
España,Zarautz,Ordizia,25.15341688462329,0.0032090579376051944,True
España,Zarautz,Azpeitia,13.148687398438433,0.005589606923357819,True
España,Zarautz,Deba,14.852446219316853,0.005165984664669372,True
España,Zarautz,Eibar,26.67955022841435,0.002990621400574241,True
España,Zarautz,Hondarribia,32.076585929607745,0.002330851689364724,True
España,Zarautz,Segura,30.856085474529486,0.0024659888803170923,True
España,Zarautz,Abadiño,38.39187227130626,0.0017413266320603182,True
España,Zarautz,Mundaka,44.87377513939817,0.001290953037755175,True
España,Zarautz,Berriatua,24.218646673311778,0.003350673245366999,True
España,Zarautz,Gernika-Lumo,41.26331186907136,0.0015251251825672755,True
España,Irura,Lasarte-Oria,12.004800543011765,0.005893419430223042,True
España,Irura,Urretxu,21.475074955973838,0.0038035259636012898,True
España,Irura,Errenteria,21.377582306908195,0.0038207006940608537,True
España,Irura,Ordizia,15.20733581893031,0.0050818828496810116,True
España,Irura,Azpeitia,16.010166670947232,0.0048966615680728085,True
España,Irura,Deba,27.18411493855779,0.002921729567661193,True
España,Irura,Eibar,32.79859923896247,0.002254424260282224,True
España,Irura,Hondarribia,31.404040714998565,0.002404373893391387,True
España,Irura,Segura,22.876239013553334,0.0035650684074738826,True
España,Irura,Abadiño,43.88956987215299,0.0013509699776847492,True
España,Irura,Berriatua,36.28011382107623,0.0019196557362902804,True
España,Lasarte-Oria,Urretxu,30.798541371177244,0.0024725504603944183,True
España,Lasarte-Oria,Errenteria,10.979044169602103,0.006179932825558326,True
España,Lasarte-Oria,Ordizia,26.952705583510326,0.002953125982588074,True
España,Lasarte-Oria,Azpeitia,21.939436807316145,0.003722777985856366,True
España,Lasarte-Oria,Deba,27.194864368751013,0.0029202792937186705,True
España,Lasarte-Oria,Eibar,37.863096693409155,0.0017843608389672622,True
España,Lasarte-Oria,Hondarribia,21.30780134698779,0.0038330413228912378,True
España,Lasarte-Oria,Segura,34.35075034169171,0.0020985080618914262,True
España,Lasarte-Oria,Berriatua,36.54928610518663,0.0018959464952177944,True
España,Urretxu,Errenteria,41.60655090368317,0.0015011469985040644,True
España,Urretxu,Ordizia,11.850684353276474,0.005935600141948688,True
España,Urretxu,Azpeitia,10.933557446698646,0.006192957129535567,True
España,Urretxu,Deba,22.82951047635772,0.0035727740431833075,True
España,Urretxu,Eibar,16.451997428097,0.004797631747537121,True
España,Urretxu,Segura,10.51520865757626,0.006314043922940941,True
España,Urretxu,Abadiño,24.858345185502497,0.003253100583252312,True
España,Urretxu,Areatza,36.94571616299435,0.0018615604954318543,True
España,Urretxu,Berriatua,27.83701885682725,0.002834937440787034,True
España,Urretxu,Gernika-Lumo,38.704177745699916,0.0017163989772572318,True
España,Errenteria,Ordizia,36.556135497917495,0.0018953470241271995,True
España,Errenteria,Azpeitia,32.912209816850925,0.00224262872618826,True
España,Errenteria,Deba,36.80801319247876,0.0018734334354319243,True
España,Errenteria,Hondarribia,10.349916436591874,0.006362538845199042,True
España,Errenteria,Segura,44.25338683223926,0.0013284661950930077,True
España,Ordizia,Azpeitia,16.07041726056835,0.0048830374708833234,True
España,Ordizia,Deba,30.388390453708165,0.0025198277442800834,True
España,Ordizia,Eibar,27.979666024764196,0.002816321367027663,True
España,Ordizia,Segura,7.847814332228824,0.007144040242994287,True
España,Ordizia,Abadiño,36.6675772928671,0.0018856200361721646,True
España,Ordizia,Berriatua,37.40451899499954,0.0018225423795335764,True
España,Azpeitia,Deba,14.334138751791277,0.005291329182144687,True
España,Azpeitia,Eibar,16.850066585900667,0.004710131933866166,True
España,Azpeitia,Hondarribia,43.208512599372014,0.001394125838019102,True
España,Azpeitia,Segura,19.45195598400983,0.004176320562005363,True
España,Azpeitia,Abadiño,28.21766327455742,0.002785533797880351,True
España,Azpeitia,Areatza,41.34166942624741,0.0015196177239502834,True
España,Azpeitia,Mundaka,42.94668565208664,0.001411081095305421,True
España,Azpeitia,Berriatua,21.98856164616794,0.003714336793835305,True
España,Azpeitia,Gernika-Lumo,36.61786737656948,0.0018899526881346047,True
España,Deba,Eibar,15.713822787460508,0.004964229110045894,True
España,Deba,Segura,32.88441522259474,0.0022455087599366048,True
España,Deba,Abadiño,26.335036304537873,0.003038592758854449,True
España,Deba,Galdakao,40.48449900793708,0.001580961764485374,True
España,Deba,Areatza,38.74994250055584,0.0017127762217664876,True
España,Deba,Mungia,40.39833869921566,0.0015872632155652816,True
España,Deba,Mundaka,30.496439936926464,0.0025072859951810337,True
España,Deba,Berriatua,9.422267580999423,0.006641725532447464,True
España,Deba,Gernika-Lumo,26.41282998207294,0.0030276935563225285,True
España,Eibar,Segura,26.45375812557758,0.0030219750900372455,True
España,Eibar,Abadiño,11.742090780005082,0.005965503487699546,True
España,Eibar,Sondika,38.7565320109912,0.001712255223807893,True
España,Eibar,Galdakao,30.631121405367587,0.0024917404185817804,True
España,Eibar,Areatza,24.897611026183974,0.0032472049812553613,True
España,Eibar,Mungia,35.67099056156388,0.0019744093998777827,True
España,Eibar,Mundaka,30.77932729535359,0.0024747452732442874,True
España,Eibar,Berriatua,14.741974821691267,0.00519244816406247,True
España,Eibar,Gernika-Lumo,22.267874668948263,0.003666705339828151,True
España,Segura,Abadiño,33.00471227368549,0.002233070359668065,True
España,Segura,Areatza,43.666182936200826,0.0013649758936780218,True
España,Segura,Berriatua,38.34602224478028,0.0017450166536532785,True
España,Abadiño,Santurtzi,39.50491165042344,0.0016541042557691055,True
España,Abadiño,Sondika,30.454454331817384,0.0025121519968540583,True
España,Abadiño,Galdakao,21.093168239257682,0.00387124977586933,True
España,Abadiño,Areatza,13.17787111573707,0.005582065017127271,True
España,Abadiño,Mungia,29.72016456897322,0.002598798926584893,True
España,Abadiño,Zalla,43.154269988279964,0.0013976216473722538,True
España,Abadiño,Plentzia,39.461597447259976,0.001657415375121748,True
España,Abadiño,Mundaka,29.488114980979276,0.0026267983740329622,True
España,Abadiño,Berriatua,21.8820883707994,0.0037326565775629562,True
España,Abadiño,Gernika-Lumo,19.393052963765754,0.004187706675489745,True
España,Santurtzi,Sondika,9.241570997549818,0.006697523814599813,True
España,Santurtzi,Galdakao,18.592353683334697,0.004345607180635907,True
España,Santurtzi,Areatza,31.473511119601234,0.0023966731545748484,True
España,Santurtzi,Mungia,15.235909053090833,0.005075171615074057,True
España,Santurtzi,Zalla,15.25837053868857,0.005069902141554903,True
España,Santurtzi,Plentzia,10.699333117217535,0.006260460751567324,True
España,Santurtzi,Mundaka,28.33633607788385,0.002770308316594257,True
España,Santurtzi,Gernika-Lumo,28.56853227103945,0.002740758630545597,True
España,Sondika,Galdakao,10.041850013393253,0.006453922728286634,True
España,Sondika,Areatza,23.641108206555216,0.003441281024979745,True
España,Sondika,Mungia,8.68339528264787,0.006872877843944542,True
España,Sondika,Zalla,19.597693092436145,0.004148282408579393,True
España,Sondika,Plentzia,11.745978618253002,0.0059644302898325344,True
España,Sondika,Mundaka,21.797653060096053,0.003747248873206233,True
España,Sondika,Berriatua,37.07562159180944,0.0018504288748943478,True
España,Sondika,Gernika-Lumo,19.938905695910194,0.004083372962435366,True
España,Galdakao,Areatza,13.72101400320569,0.005443550555291769,True
España,Galdakao,Mungia,13.771676254086092,0.005430807692717859,True
España,Galdakao,Zalla,23.520783728612372,0.003460465117814485,True
España,Galdakao,Plentzia,21.093606766211966,0.0038711713224671733,True
España,Galdakao,Mundaka,22.994885003537792,0.0035455781724614862,True
España,Galdakao,Berriatua,32.155798142859744,0.0023223417372892794,True
España,Galdakao,Gernika-Lumo,16.58372864584174,0.004768496790983805,True
España,Areatza,Mungia,26.721607283671272,0.002984817418655992,True
España,Areatza,Zalla,31.54128827789863,0.0023891839038471985,True
España,Areatza,Plentzia,34.79473166241078,0.0020559276973961664,True
España,Areatza,Mundaka,32.32248407859851,0.0023045357120748205,True
España,Areatza,Berriatua,32.68518716860724,0.0022662611128088485,True
España,Areatza,Gernika-Lumo,22.950199949172752,0.0035529061176068737,True
España,Mungia,Zalla,28.091172978348975,0.00280185451480251,True
España,Mungia,Plentzia,10.03758961014352,0.006455195719812912,True
España,Mungia,Mundaka,13.358465165115055,0.00553562099359396,True
España,Mungia,Berriatua,31.02230214888237,0.0024471334240349007,True
España,Mungia,Gernika-Lumo,14.187386417439033,0.0053273701653809655,True
España,Zalla,Plentzia,25.93615487463475,0.003095098064485417,True
España,Zalla,Mundaka,41.37259314658319,0.0015174496878956286,True
España,Zalla,Gernika-Lumo,38.679174900973024,0.0017183814480915354,True
España,Plentzia,Mundaka,20.34223709431798,0.004007958433221913,True
España,Plentzia,Berriatua,40.28261593939557,0.0015957662930515602,True
España,Plentzia,Gernika-Lumo,23.97498382369489,0.003388605371214648,True
España,Mundaka,Berriatua,21.268352585015386,0.003840035429935753,True
España,Mundaka,Gernika-Lumo,10.15759074193361,0.006419436161030098,True
España,Berriatua,Gernika-Lumo,17.17623326339234,0.004639631450759525,True
España,Tibi,Campello (el),19.613669278418385,0.004145220274522278,True
España,Tibi,Cocentaina,26.801303654995024,0.0029738500406779685,True
España,Tibi,Nucia (la),40.87068612533841,0.0015530233620618915,True
España,Tibi,Fondó de les Neus (el)/Hondón de las Nieves,39.46815114246757,0.0016569139579257208,True
España,Tibi,Alicante/Alacant,22.326840081171177,0.003656728446502014,True
España,Tibi,Novelda,22.55247398966267,0.0036188019816570634,True
España,Tibi,Bocairent,26.604664433506635,0.003000983829777505,True
España,Tibi,Cañada,25.521606785069057,0.003154938356424715,True
España,Tibi,Pobla del Duc (la),44.01316597937791,0.0013432825670931857,True
España,Tibi,Finestrat,32.681127962030885,0.0022666859244664553,True
España,Tibi,Onil,13.299042099180133,0.005550860064125867,True
España,Tibi,Elche/Elx,31.016637712985474,0.0024477736104724906,True
España,Tibi,Elda,18.926583443524766,0.0042789827405468,True
España,Tibi,Santa Pola,37.56037490593747,0.0018094748860162137,True
España,Tibi,Albaida,34.70467159886809,0.0020644945063736948,True
España,Tibi,Font de la Figuera (la),40.35261639838841,0.00159061737161204,True
España,Tibi,Mogente/Moixent,41.0148865419233,0.0015427183464625032,True
España,Campello (el),Cocentaina,35.02180289448067,0.0020344855011464116,True
España,Campello (el),Nucia (la),31.39963775787441,0.002404862791438763,True
España,Campello (el),Alicante/Alacant,11.79596348339372,0.005950649735450286,True
España,Campello (el),Novelda,32.386916378332174,0.0022976894843519547,True
España,Campello (el),Bocairent,41.8969192206071,0.0014811568183405992,True
España,Campello (el),Finestrat,22.542982412051643,0.003620389435201589,True
España,Campello (el),Onil,32.46410437690708,0.0022895146993377725,True
España,Campello (el),Elche/Elx,31.894455474860283,0.0023505369607715646,True
España,Campello (el),Elda,34.618278908150046,0.0020727460264857826,True
España,Campello (el),Santa Pola,29.676137796856363,0.002604088196409138,True
España,Cox,Benejúzar,8.214951147442271,0.007023597630352735,True
España,Cox,Fondó de les Neus (el)/Hondón de las Nieves,18.633778266027612,0.004337293571893115,True
España,Cox,Alicante/Alacant,42.07095612502907,0.0014693031710386543,True
España,Cox,Novelda,29.105713098521445,0.002673600075735181,True
España,Cox,Rojales,15.424865299447847,0.005031013176804909,True
España,Cox,Elche/Elx,21.479340236831472,0.003802776342441008,True
España,Cox,Elda,38.34677035797537,0.0017449563825991878,True
España,Cox,Montesinos (Los),17.873477623674933,0.0044924521828679405,True
España,Cox,Santa Pola,29.55341250819317,0.002618889080351919,True
España,Alcalalí,Cocentaina,34.00798969651782,0.002131983434798895,True
España,Alcalalí,Nucia (la),17.144955717877494,0.004646345914553941,True
España,Alcalalí,Ondara,9.52136231456961,0.00661132404227377,True
España,Alcalalí,Pobla del Duc (la),36.072669978669715,0.0019381299949426862,True
España,Alcalalí,Finestrat,25.168131992556727,0.0032068772534088407,True
España,Alcalalí,Teulada,13.367179715595078,0.005533389676867225,True
España,Alcalalí,Ador,23.83643478089688,0.003410365513202953,True
España,Alcalalí,Albaida,41.636035687511175,0.0014991048980828685,True
España,Alcalalí,Bellreguard,23.447312849425312,0.003472231700738751,True
España,Alcalalí,Benifairó de la Valldigna,39.848409192084276,0.0016280790224941612,True
España,Cocentaina,Nucia (la),30.64602935094581,0.0024900256147065408,True
España,Cocentaina,Alicante/Alacant,44.308253776752046,0.0013251050841478604,True
España,Cocentaina,Bocairent,15.027503285615865,0.005124326487345327,True
España,Cocentaina,Cañada,33.07921107716404,0.0022254019761012832,True
España,Cocentaina,Ondara,40.46785288705282,0.0015821772484745306,True
España,Cocentaina,Pobla del Duc (la),18.01736032479343,0.004462668181273147,True
España,Cocentaina,Finestrat,27.600587255193652,0.0028660645756272934,True
España,Cocentaina,Onil,24.126918721859056,0.0033649027705613954,True
España,Cocentaina,Elda,42.41428706972633,0.0014461962793807476,True
España,Cocentaina,Ador,27.055558318334036,0.0029391299582817434,True
España,Cocentaina,Albaida,12.478357122679622,0.0057656834213916704,True
España,Cocentaina,Gavarda,40.22240687265135,0.0016002083338248734,True
España,Cocentaina,Alcúdia de Crespins (l'),28.659582782106998,0.00272925771825684,True
España,Cocentaina,Bellreguard,32.7956512671538,0.002254731156332862,True
España,Cocentaina,Chella,38.76217898158936,0.0017118088736340262,True
España,Cocentaina,Benifairó de la Valldigna,36.588845140333675,0.001892486831636305,True
España,Cocentaina,Ènova (l'),33.73457086698462,0.002159069336146161,True
España,Cocentaina,Font de la Figuera (la),39.106779523671534,0.0016847898902536585,True
España,Cocentaina,Mogente/Moixent,30.857800196347668,0.002465793623452099,True
España,Nucia (la),Alicante/Alacant,43.03932674378213,0.0014050584547917757,True
España,Nucia (la),Ondara,26.55211828720336,0.0030082764412059527,True
España,Nucia (la),Pobla del Duc (la),40.900975205227866,0.0015508531143714126,True
España,Nucia (la),Finestrat,8.942406497754785,0.00679094165834193,True
España,Nucia (la),Teulada,23.624506188123636,0.003443921639040151,True
España,Nucia (la),Ador,34.97804064162391,0.002038600465047642,True
España,Nucia (la),Albaida,41.915359140280536,0.0014798963612734767,True
España,Nucia (la),Bellreguard,36.986108152838064,0.0018580921411090134,True
España,Benejúzar,Fondó de les Neus (el)/Hondón de las Nieves,26.55418743750192,0.003007988938967462,True
España,Benejúzar,Alicante/Alacant,43.07481082304029,0.0014027584301697996,True
España,Benejúzar,Novelda,34.71833350215803,0.0020631926467785545,True
España,Benejúzar,Rojales,10.055246100622004,0.006449921673391935,True
España,Benejúzar,Elche/Elx,24.137625136588643,0.003363238795424276,True
España,Benejúzar,Elda,44.63487251168582,0.00130527180714543,True
España,Benejúzar,Montesinos (Los),10.072249894089598,0.006444846680502738,True
España,Benejúzar,Santa Pola,27.822618046082578,0.002836823643660275,True
España,Fondó de les Neus (el)/Hondón de las Nieves,Alicante/Alacant,39.781185368640514,0.0016331398330250437,True
España,Fondó de les Neus (el)/Hondón de las Nieves,Novelda,17.21276489387642,0.004631801394471445,True
España,Fondó de les Neus (el)/Hondón de las Nieves,Cañada,42.56218710553732,0.0014363545870193482,True
España,Fondó de les Neus (el)/Hondón de las Nieves,Rojales,30.28413425615431,0.0025319887236915444,True
España,Fondó de les Neus (el)/Hondón de las Nieves,Onil,42.31482825525664,0.0014528524349067407,True
España,Fondó de les Neus (el)/Hondón de las Nieves,Elche/Elx,21.03662839767835,0.003881378234234705,True
España,Fondó de les Neus (el)/Hondón de las Nieves,Elda,22.953069392646974,0.003552435099135244,True
España,Fondó de les Neus (el)/Hondón de las Nieves,Montesinos (Los),35.09477833430202,0.002027642097334397,True
España,Fondó de les Neus (el)/Hondón de las Nieves,Santa Pola,35.386792974994364,0.0020004875939898907,True
España,Alicante/Alacant,Novelda,25.19128178096033,0.003203449608259819,True
España,Alicante/Alacant,Finestrat,34.25803613015169,0.0021075106619288632,True
España,Alicante/Alacant,Rojales,35.60092352379998,0.0019808070440497237,True
España,Alicante/Alacant,Onil,35.426630785740784,0.0019968113811387866,True
España,Alicante/Alacant,Elche/Elx,20.941811566370962,0.0038984232317937524,True
España,Alicante/Alacant,Elda,30.743092929095653,0.0024788896124820063,True
España,Alicante/Alacant,Montesinos (Los),42.136255910659735,0.0014648801137064744,True
España,Alicante/Alacant,Santa Pola,18.193936640444907,0.0044263870308246835,True
España,Novelda,Bocairent,44.66312211750384,0.0013035704096870135,True
España,Novelda,Cañada,32.47111355677124,0.002288773818112266,True
España,Novelda,Rojales,33.21638404769756,0.0022113512227537333,True
España,Novelda,Onil,27.948241370075824,0.002820411878873631,True
España,Novelda,Elche/Elx,14.54433981157654,0.005240131604878072,True
España,Novelda,Elda,10.539952978624392,0.00630681622512341,True
España,Novelda,Montesinos (Los),39.85172667253341,0.0016278296790972683,True
España,Novelda,Santa Pola,28.23206176972651,0.002783682042602588,True
España,Bocairent,Cañada,20.267195827450767,0.004021883073286046,True
España,Bocairent,Pobla del Duc (la),22.405391533060634,0.0036434798622585014,True
España,Bocairent,Finestrat,41.00598112661784,0.0015433527700511838,True
España,Bocairent,Onil,16.72763139242095,0.004736872656175752,True
España,Bocairent,Elda,35.88642151599577,0.0019548681490239262,True
España,Bocairent,Ador,37.309753364711824,0.00183053395779764,True
España,Bocairent,Albaida,11.14210059134571,0.006133470169421627,True
España,Bocairent,Gavarda,36.24116003704341,0.0019231113453250174,True
España,Bocairent,Alcúdia de Crespins (l'),22.639992875300607,0.0036041973960720675,True
España,Bocairent,Bellreguard,43.26732473198994,0.0013903454088527913,True
España,Bocairent,Chella,31.113403223332664,0.002436860304881766,True
España,Bocairent,Benifairó de la Valldigna,41.39994335084177,0.0015155347653250549,True
España,Bocairent,Ènova (l'),32.64789828141921,0.0022701665369569187,True
España,Bocairent,Font de la Figuera (la),24.07933259062078,0.0033723085227951553,True
España,Bocairent,Mogente/Moixent,17.127744608267104,0.004650044842012911,True
España,Cañada,Pobla del Duc (la),42.44237752491604,0.0014443218881276445,True
España,Cañada,Onil,13.069950540132782,0.005610005839754046,True
España,Cañada,Elda,21.993464486518995,0.003713495385208412,True
España,Cañada,Albaida,31.217414840245983,0.0024251840833956033,True
España,Cañada,Alcúdia de Crespins (l'),37.95202950753249,0.0017770493735604776,True
España,Cañada,Chella,43.03159995849186,0.0014055597929877755,True
España,Cañada,Font de la Figuera (la),15.969159831570487,0.004905955997251745,True
España,Cañada,Mogente/Moixent,22.651894222993338,0.0036022159437257466,True
España,Ondara,Pobla del Duc (la),38.4864346509996,0.0017337408551624635,True
España,Ondara,Finestrat,34.68946617184288,0.0020659444167512647,True
España,Ondara,Teulada,13.218119361154015,0.005571680475038957,True
España,Ondara,Ador,23.239867962655975,0.003505671480488023,True
España,Ondara,Bellreguard,20.48728187966314,0.003981180795137743,True
España,Ondara,Benifairó de la Valldigna,37.39280187945896,0.0018235285891696773,True
España,Pobla del Duc (la),Finestrat,41.27616346969091,0.0015242205255587289,True
España,Pobla del Duc (la),Onil,37.992819329492725,0.0017737059363947712,True
España,Pobla del Duc (la),Ador,16.798412129523044,0.004721395121246611,True
España,Pobla del Duc (la),Albaida,11.269200748890945,0.0060974965981413255,True
España,Pobla del Duc (la),Riola,33.49015634739629,0.0021835733299391405,True
España,Pobla del Duc (la),Gavarda,24.25435160738895,0.0033451507442937515,True
España,Pobla del Duc (la),Guadassuar,32.110360610438846,0.0023272193867256825,True
España,Pobla del Duc (la),Alcúdia de Crespins (l'),16.79749345541421,0.004721595681270893,True
España,Pobla del Duc (la),Catadau,43.37862825604158,0.0013832188707957346,True
España,Pobla del Duc (la),Benifaió,42.458062828800024,0.0014432763120242754,True
España,Pobla del Duc (la),Bellreguard,22.398695942368793,0.003644607270889783,True
España,Pobla del Duc (la),Chella,26.29602891032254,0.0030440726336038977,True
España,Pobla del Duc (la),Benifairó de la Valldigna,19.452146157320694,0.004176283851303263,True
España,Pobla del Duc (la),Ènova (l'),16.53498884877151,0.004779255815119617,True
España,Pobla del Duc (la),Font de la Figuera (la),41.60404861554723,0.0015013204336243838,True
España,Pobla del Duc (la),Mogente/Moixent,29.146454086857446,0.0026685743573447913,True
España,Finestrat,Teulada,32.564419392067514,0.002278934073205997,True
España,Finestrat,Onil,40.68283330348593,0.0015665512176006417,True
España,Finestrat,Ador,38.9715445147956,0.001695341996277253,True
España,Finestrat,Albaida,39.843263035725364,0.0016284658856120819,True
España,Finestrat,Bellreguard,42.06576606661566,0.0014696552899904078,True
España,Rojales,Elche/Elx,19.829026179891763,0.004104163596059047,True
España,Rojales,Elda,43.71631062632303,0.0013618204105359847,True
España,Rojales,Montesinos (Los),6.988824470120486,0.007434012517116103,True
España,Rojales,Santa Pola,18.767627462662034,0.004310539889041388,True
España,Teulada,Ador,35.438427698238854,0.001995724065721774,True
España,Teulada,Bellreguard,33.453739764474165,0.0021872480524513984,True
España,Onil,Elche/Elx,40.15293712601071,0.0016053489646029582,True
España,Onil,Elda,19.36471785709592,0.004193195010639129,True
España,Onil,Albaida,27.14679226491372,0.002926770609171783,True
España,Onil,Alcúdia de Crespins (l'),39.00462668010434,0.0016927545730004215,True
España,Onil,Font de la Figuera (la),27.098303602498113,0.002933332813281624,True
España,Onil,Mogente/Moixent,28.392112107154148,0.0027631811800576233,True
España,Elche/Elx,Elda,24.956267059306,0.0032384179547683646,True
España,Elche/Elx,Montesinos (Los),26.77489262428293,0.0029774801032168285,True
España,Elche/Elx,Santa Pola,14.927250142791351,0.005148142220853919,True
España,Elda,Santa Pola,37.82172818368065,0.0017877721289656927,True
España,Elda,Font de la Figuera (la),37.47877409840151,0.0018163048459145608,True
España,Elda,Mogente/Moixent,44.14433287774206,0.0013351720851687403,True
España,Montesinos (Los),Santa Pola,24.65262864385982,0.0032841637768449366,True
España,Albocàsser,Alcalà de Xivert,17.976191195610287,0.0044711699893668164,True
España,Albocàsser,Alcora (l'),37.46110425388208,0.0018177871990430886,True
España,Albocàsser,Useras/Useres (les),16.904618790780304,0.004698266156551868,True
España,Albocàsser,Villafranca del Cid/Vilafranca,25.237258809324846,0.0031966529547407807,True
España,Albocàsser,Càlig,30.38427190003351,0.0025203070423903805,True
España,Albocàsser,Pobla Tornesa (la),28.46276099079088,0.00275417992126487,True
España,Albocàsser,Morella,31.014591984879836,0.002448004856939337,True
España,Albocàsser,Sant Mateu,17.631602501937575,0.00454297075122245,True
España,Alcalà de Xivert,Useras/Useres (les),27.395073058190892,0.002893399244183403,True
España,Alcalà de Xivert,Villafranca del Cid/Vilafranca,43.213310075339116,0.0013938170729460696,True
España,Alcalà de Xivert,Càlig,20.62777123157231,0.003955415159571124,True
España,Alcalà de Xivert,Pobla Tornesa (la),29.74389590228382,0.0025959523644199264,True
España,Alcalà de Xivert,Morella,44.42730273118061,0.0013178414267716574,True
España,Alcalà de Xivert,Sant Mateu,18.176887550236405,0.00442987716874144,True
España,Alcora (l'),Almazora/Almassora,19.093102865952684,0.004246172458331178,True
España,Alcora (l'),Faura,38.80604780709627,0.0017083453369485747,True
España,Alcora (l'),Nules,24.9342997598485,0.0032417059947867357,True
España,Alcora (l'),Segorbe,33.65978850421609,0.002166537347369149,True
España,Alcora (l'),Betxí,16.34466724249945,0.004821501905044294,True
España,Alcora (l'),Useras/Useres (les),20.559042226678724,0.003967999051647267,True
España,Alcora (l'),Villafranca del Cid/Vilafranca,39.581001192604084,0.0016483036609305655,True
España,Alcora (l'),Pobla Tornesa (la),18.31063857034712,0.004402570776628313,True
España,Alcora (l'),Jérica,35.38681911713031,0.0020004851793879947,True
España,Alcora (l'),Estivella,41.701839588645605,0.0014945573655028878,True
España,Almazora/Almassora,Faura,29.761775501386463,0.002593809777101258,True
España,Almazora/Almassora,Nules,13.112895162066238,0.005598870625763192,True
España,Almazora/Almassora,Segorbe,37.38840985610122,0.0018238983958155128,True
España,Almazora/Almassora,Betxí,11.684808088178286,0.005981338279001456,True
España,Almazora/Almassora,Useras/Useres (les),31.432408002923125,0.002401226414849916,True
España,Almazora/Almassora,Pobla Tornesa (la),18.151897261088173,0.004434997946101213,True
España,Almazora/Almassora,Jérica,43.56471369299092,0.001371385658271144,True
España,Almazora/Almassora,Estivella,35.49171838614204,0.0019908196673840734,True
España,Faura,Nules,16.685338904861275,0.0047461449813560735,True
España,Faura,Segorbe,23.621487882753463,0.003444401930032264,True
España,Faura,Betxí,22.961134910907905,0.0035511114813219385,True
España,Faura,Jérica,33.61996925965404,0.00217052436803094,True
España,Faura,Quart de Poblet,31.20583883244891,0.002426480817878925,True
España,Faura,Catarroja,37.886514349256004,0.0017824326815485969,True
España,Faura,Bonrepòs i Mirambell,24.645482883255866,0.0032852481106562933,True
España,Faura,Estivella,7.355173476974425,0.007308923376061866,True
España,Faura,Pobla de Farnals (la),17.319247378490278,0.004609053865487867,True
España,Faura,Benaguasil,31.61374711210015,0.0023812032428878398,True
España,Faura,Eliana (l'),28.91335109100516,0.0026974577381490383,True
España,Faura,Casinos,38.22949108283349,0.0017544303468521767,True
España,Faura,Olocau,23.06577012423592,0.003533984709925291,True
España,Nules,Segorbe,27.859657808150338,0.0028319747538187298,True
España,Nules,Betxí,8.870424118762125,0.0068136137515092,True
España,Nules,Useras/Useres (les),42.217062292012,0.0014594251460980107,True
España,Nules,Pobla Tornesa (la),30.736897362124207,0.002479598931414909,True
España,Nules,Jérica,35.964071554427946,0.0019478722314190799,True
España,Nules,Bonrepòs i Mirambell,41.11662979600502,0.0015354886172114957,True
España,Nules,Estivella,22.455903761120478,0.003634985831598524,True
España,Nules,Pobla de Farnals (la),33.731412702110674,0.0021593841992202482,True
España,Nules,Eliana (l'),44.97535434519551,0.0012849124929236622,True
España,Nules,Olocau,36.07865162096064,0.0019375948075323482,True
España,Segorbe,Betxí,25.780593431474895,0.003117419019600564,True
España,Segorbe,Jérica,10.026282514900396,0.0064585754578377775,True
España,Segorbe,Quart de Poblet,41.36023016111841,0.00151831607513339,True
España,Segorbe,Bonrepòs i Mirambell,38.62234670825844,0.001722895866594131,True
España,Segorbe,Estivella,19.574511770278214,0.004152729574680519,True
España,Segorbe,Pobla de Farnals (la),33.51432514046998,0.002181137918187882,True
España,Segorbe,Benaguasil,30.44199558370679,0.002513597745279038,True
España,Segorbe,Eliana (l'),32.14244077628744,0.0023237745672910017,True
España,Segorbe,Casinos,25.54267845397862,0.003151868876971581,True
España,Segorbe,Olocau,17.511651387044846,0.0045682349507812385,True
España,Betxí,Useras/Useres (les),34.952883475468404,0.0020409697614283103,True
España,Betxí,Pobla Tornesa (la),25.69041608735917,0.0031304319989524146,True
España,Betxí,Jérica,31.960731082874144,0.002343354484960549,True
España,Betxí,Estivella,27.00531191039947,0.002945959084060086,True
España,Betxí,Pobla de Farnals (la),40.25760090532286,0.0015976103265915947,True
España,Betxí,Olocau,37.98384426013216,0.0017744410595232974,True
España,Useras/Useres (les),Villafranca del Cid/Vilafranca,26.82597289126394,0.002970463382804729,True
España,Useras/Useres (les),Pobla Tornesa (la),15.573982054229518,0.004996437401133383,True
España,Useras/Useres (les),Morella,43.57451511096764,0.0013707651968211988,True
España,Useras/Useres (les),Sant Mateu,34.2350851086216,0.0021097451794634113,True
España,Villafranca del Cid/Vilafranca,Pobla Tornesa (la),42.294436283016374,0.0014542209205846872,True
España,Villafranca del Cid/Vilafranca,Morella,25.26364564354923,0.0031927587903131105,True
España,Villafranca del Cid/Vilafranca,Sant Mateu,37.1224361545086,0.0018464336683951875,True
España,Càlig,Morella,42.21219498790528,0.001459753145940122,True
España,Càlig,Sant Mateu,15.094988513632613,0.0051083572525937185,True
España,Pobla Tornesa (la),Sant Mateu,43.11504102149003,0.0014001553212459176,True
España,Jérica,Estivella,29.47134607019179,0.0026288333985388028,True
España,Jérica,Pobla de Farnals (la),42.85856803612948,0.001416833607294273,True
España,Jérica,Benaguasil,35.82472104323936,0.0019604450011818783,True
España,Jérica,Eliana (l'),38.76281612698287,0.0017117585194317414,True
España,Jérica,Casinos,26.29202906560237,0.0030446351029308994,True
España,Jérica,Chelva,40.71852138798709,0.001563972175141177,True
España,Jérica,Olocau,24.007171835425467,0.00338356995456124,True
España,Morella,Sant Mateu,29.00537667262066,0.002686017803043643,True
España,Ademuz,Chelva,42.75398720695566,0.0014236913031899247,True
España,Ador,Albaida,26.8313353876903,0.002969727716391841,True
España,Ador,Riola,32.36787436419264,0.0022997106640743883,True
España,Ador,Gavarda,34.72478791846284,0.0020625778832347825,True
España,Ador,Guadassuar,37.12254380712716,0.001846424491152625,True
España,Ador,Alcúdia de Crespins (l'),32.237265254749545,0.002313621972775221,True
España,Ador,Benifaió,44.282393126908,0.0013266882293723444,True
España,Ador,Bellreguard,5.962765930710956,0.0077959320864860815,True
España,Ador,Chella,40.26999591761708,0.0015966963371612836,True
España,Ador,Benifairó de la Valldigna,16.39065201737585,0.004811260370794822,True
España,Ador,Ènova (l'),26.0998546929446,0.003071782208854457,True
España,Albaida,Riola,43.05474732738923,0.0014040584529773125,True
España,Albaida,Gavarda,28.552743485031893,0.0027427578994778418,True
España,Albaida,Guadassuar,39.18026659435485,0.0016790834171139112,True
España,Albaida,Alcúdia de Crespins (l'),16.264196399228428,0.00483947668012235,True
España,Albaida,Bellreguard,32.7279741678226,0.002261788131598994,True
España,Albaida,Chella,26.302752468299214,0.003043127382630332,True
España,Albaida,Benifairó de la Valldigna,30.357905997647965,0.0025233775464776126,True
España,Albaida,Ènova (l'),23.208526666424948,0.003510751631383007,True
España,Albaida,Font de la Figuera (la),31.886686984777832,0.002351380295568129,True
España,Albaida,Mogente/Moixent,20.87192869140778,0.003911033922752123,True
España,Quart de Poblet,Catarroja,9.569141153741798,0.006596715854379359,True
España,Quart de Poblet,Riola,33.081272535850935,0.002225190159147392,True
España,Quart de Poblet,Bonrepòs i Mirambell,7.955005828208266,0.007108662133195132,True
España,Quart de Poblet,Estivella,26.8661579967836,0.002964954934526535,True
España,Quart de Poblet,Gavarda,44.590917963596794,0.0013079234849754618,True
España,Quart de Poblet,Alborache,29.79600303520466,0.002589713085749979,True
España,Quart de Poblet,Pobla de Farnals (la),14.705665998674567,0.0052011756359858045,True
España,Quart de Poblet,Guadassuar,32.86285859885391,0.0022477449730441417,True
España,Quart de Poblet,Catadau,25.418443606868347,0.0031700092590521557,True
España,Quart de Poblet,Benifaió,21.998750413035456,0.0037125884466515007,True
España,Quart de Poblet,Benaguasil,17.292549925088906,0.004614746614556697,True
España,Quart de Poblet,Eliana (l'),11.834315324294117,0.0059400980197207125,True
España,Quart de Poblet,Casinos,33.266872200169956,0.0022062020567207028,True
España,Quart de Poblet,Chiva,23.434321965411126,0.00347431639718453,True
España,Quart de Poblet,Olocau,25.260333508512986,0.00319324733368928,True
España,Quart de Poblet,Montroy,21.495659667242613,0.003799909576936331,True
España,Quart de Poblet,Siete Aguas,40.525633796200665,0.0015779621441163326,True
España,Catarroja,Riola,23.566212870806964,0.0034532095026455108,True
España,Catarroja,Bonrepòs i Mirambell,13.289629432941066,0.00555327780666862,True
España,Catarroja,Estivella,34.74993535329225,0.002060184414156822,True
España,Catarroja,Gavarda,37.12768515436016,0.0018459862512589472,True
España,Catarroja,Alborache,31.669503141606256,0.0023750804097752865,True
España,Catarroja,Pobla de Farnals (la),20.56854737996174,0.003966256323339001,True
España,Catarroja,Guadassuar,24.726101518280952,0.003273035407217771,True
España,Catarroja,Catadau,20.124742871752478,0.004048450171545744,True
España,Catarroja,Benifaió,13.221547806354042,0.005570796790784166,True
España,Catarroja,Benifairó de la Valldigna,39.77023074891266,0.0016339660189017497,True
España,Catarroja,Ènova (l'),40.444071851466504,0.0015839153383740002,True
España,Catarroja,Benaguasil,26.341017624021013,0.0030377533594594954,True
España,Catarroja,Eliana (l'),21.19273923483416,0.0038534771515418885,True
España,Catarroja,Casinos,42.34242471258234,0.0014510025129564864,True
España,Catarroja,Chiva,28.089968845716378,0.0028020103401691114,True
España,Catarroja,Olocau,34.80360027935273,0.0020550860116181503,True
España,Catarroja,Montroy,19.420311613872215,0.0041824336406756915,True
España,Catarroja,Siete Aguas,44.76712772100159,0.0012973255126492562,True
España,Riola,Bonrepòs i Mirambell,35.76672653781292,0.0019657013968460606,True
España,Riola,Gavarda,22.736473358717507,0.0035881657956976787,True
España,Riola,Alborache,43.43860260371664,0.0013793939854115944,True
España,Riola,Pobla de Farnals (la),42.27227937244255,0.0014557093103758829,True
España,Riola,Guadassuar,12.531702692018193,0.005751469424441987,True
España,Riola,Alcúdia de Crespins (l'),33.56783825286135,0.0021757552414251,True
España,Riola,Catadau,22.02547326305619,0.0037080068416376474,True
España,Riola,Benifaió,12.593800461708872,0.005734967693771666,True
España,Riola,Bellreguard,31.640560080520963,0.002378256814580618,True
España,Riola,Chella,32.95888795485614,0.002237800323155417,True
España,Riola,Benifairó de la Valldigna,16.23755987246626,0.004845441278297099,True
España,Riola,Ènova (l'),21.233688891809802,0.003846191721443801,True
España,Riola,Eliana (l'),44.31482028977912,0.0013247033940114942,True
España,Riola,Montroy,28.873346439774952,0.00270244601999523,True
España,Bonrepòs i Mirambell,Estivella,21.60113784435205,0.0037814328436659266,True
España,Bonrepòs i Mirambell,Alborache,37.64392699964349,0.0018025082215671689,True
España,Bonrepòs i Mirambell,Pobla de Farnals (la),7.387931517230717,0.007297841771566341,True
España,Bonrepòs i Mirambell,Guadassuar,38.01477572802157,0.0017719088323157647,True
España,Bonrepòs i Mirambell,Catadau,32.263815207903974,0.0023107873064770303,True
España,Bonrepòs i Mirambell,Benifaió,26.47922195953484,0.003018422752074263,True
España,Bonrepòs i Mirambell,Benaguasil,20.864605162227825,0.003912357852701467,True
España,Bonrepòs i Mirambell,Eliana (l'),15.146792256168927,0.0050961326610604344,True
España,Bonrepòs i Mirambell,Casinos,35.867877402077326,0.0019565426049603205,True
España,Bonrepòs i Mirambell,Chiva,30.709529228596995,0.0024827346900164727,True
España,Bonrepòs i Mirambell,Olocau,24.694537845735123,0.0032778114771346498,True
España,Bonrepòs i Mirambell,Montroy,29.190300575451566,0.0026631761187689007,True
España,Estivella,Pobla de Farnals (la),15.071490158590356,0.00511391206536202,True
España,Estivella,Benaguasil,24.637518265220326,0.0032864571247241472,True
España,Estivella,Eliana (l'),22.52650795318834,0.003623146423242171,True
España,Estivella,Casinos,30.962515033288728,0.0024538989382303115,True
España,Estivella,Chiva,41.40874578012482,0.001514918977942269,True
España,Estivella,Olocau,15.747708844003817,0.004956455835958596,True
España,Gavarda,Alborache,38.13582429278207,0.0017620338039952277,True
España,Gavarda,Guadassuar,12.797757263814091,0.005681102313697084,True
España,Gavarda,Alcúdia de Crespins (l'),13.6764374342233,0.005454787528098257,True
España,Gavarda,Catadau,20.451322550819874,0.003987802708203249,True
España,Gavarda,Benifaió,24.384701508819226,0.0033250667606840997,True
España,Gavarda,Bellreguard,37.81883414540298,0.001788011018332735,True
España,Gavarda,Chella,10.22294136386207,0.0064000458484486725,True
España,Gavarda,Ayora,43.170786420931485,0.001396556275121619,True
España,Gavarda,Benifairó de la Valldigna,22.613052657254165,0.0036086867016826433,True
España,Gavarda,Ènova (l'),8.657660067838782,0.0068810730317363684,True
España,Gavarda,Chiva,44.522205816199794,0.0013120795231303059,True
España,Gavarda,Font de la Figuera (la),42.11135306537302,0.0014665653265251587,True
España,Gavarda,Mogente/Moixent,29.357309508040302,0.0026427144622414613,True
España,Gavarda,Montroy,28.074493519008488,0.0028040137563598824,True
España,Alborache,Pobla de Farnals (la),43.45156962707352,0.0013785683998753786,True
España,Alborache,Guadassuar,33.914196921987795,0.0021412363696207653,True
España,Alborache,Catadau,21.7365255958183,0.003757848722854951,True
España,Alborache,Benifaió,31.9593606137216,0.002343502783935381,True
España,Alborache,Chella,39.84045507542306,0.0016286770132335439,True
España,Alborache,Ayora,44.602029224646785,0.0013072526598510035,True
España,Alborache,Benaguasil,27.118548925140303,0.002930591126358505,True
España,Alborache,Eliana (l'),28.344963226914395,0.0027692047255656626,True
España,Alborache,Casinos,34.78565135666833,0.00205678983109919,True
España,Alborache,Chelva,43.96389320430087,0.0013463419724578387,True
España,Alborache,Chiva,10.052999303860618,0.006450592557890289,True
España,Alborache,Jalance,34.49284140943106,0.0020847855625837123,True
España,Alborache,Olocau,39.919619702210426,0.001622735186141042,True
España,Alborache,Montroy,14.713100510669948,0.005199387421065839,True
España,Alborache,Utiel,41.84295327703287,0.001484851819941135,True
España,Alborache,Siete Aguas,15.28242622464573,0.005064264755661271,True
España,Pobla de Farnals (la),Catadau,39.61477976059775,0.0016457351162411753,True
España,Pobla de Farnals (la),Benifaió,33.66735883298936,0.002165780175150476,True
España,Pobla de Farnals (la),Benaguasil,22.589830327462877,0.003612560956968038,True
España,Pobla de Farnals (la),Eliana (l'),17.548370679434104,0.004560486174574472,True
España,Pobla de Farnals (la),Casinos,35.60569424396656,0.0019803707844077744,True
España,Pobla de Farnals (la),Chiva,35.574263645875924,0.001983246733492483,True
España,Pobla de Farnals (la),Olocau,22.199160806111195,0.0036783660859060147,True
España,Pobla de Farnals (la),Montroy,36.19930571566655,0.0019268311980542678,True
España,Guadassuar,Alcúdia de Crespins (l'),26.018252628281232,0.0030833827612708918,True
España,Guadassuar,Catadau,12.420967884884284,0.005781014237711647,True
España,Guadassuar,Benifaió,11.684614612565452,0.005981391833375047,True
España,Guadassuar,Bellreguard,38.30652940509908,0.001748201315991721,True
España,Guadassuar,Chella,22.41299401939745,0.0036422001735688025,True
España,Guadassuar,Benifairó de la Valldigna,21.36846219708963,0.0038223113029364816,True
España,Guadassuar,Ènova (l'),16.04790316781089,0.004888123989122068,True
España,Guadassuar,Eliana (l'),42.26979178069809,0.0014558765093343135,True
España,Guadassuar,Chiva,37.706707862123366,0.0017972911438862995,True
España,Guadassuar,Mogente/Moixent,42.15084594840009,0.0014638936835151793,True
España,Guadassuar,Montroy,20.54050664895988,0.003971399677083061,True
España,Alcúdia de Crespins (l'),Catadau,33.88734025372297,0.002143893252561158,True
España,Alcúdia de Crespins (l'),Benifaió,37.702152606508776,0.0017976691760473512,True
España,Alcúdia de Crespins (l'),Bellreguard,37.0230349550394,0.0018549269897071702,True
España,Alcúdia de Crespins (l'),Chella,10.19646308837827,0.006407895171288642,True
España,Alcúdia de Crespins (l'),Ayora,41.47801851684815,0.001510081620452317,True
España,Alcúdia de Crespins (l'),Benifairó de la Valldigna,26.60465851182003,0.0030009846506197555,True
España,Alcúdia de Crespins (l'),Ènova (l'),12.551318219704948,0.005746251691553253,True
España,Alcúdia de Crespins (l'),Font de la Figuera (la),31.03545918875423,0.002445647080921065,True
España,Alcúdia de Crespins (l'),Mogente/Moixent,17.61038383335894,0.004547429620115912,True
España,Alcúdia de Crespins (l'),Montroy,41.126175177005635,0.0015348120768033453,True
España,Catadau,Benifaió,12.319616429733536,0.005808189033477355,True
España,Catadau,Chella,26.844853397348135,0.0029678740268218144,True
España,Catadau,Benifairó de la Valldigna,33.73298622879756,0.0021592273158378304,True
España,Catadau,Ènova (l'),26.853984149684422,0.002966622606236643,True
España,Catadau,Benaguasil,35.20051341078483,0.002017767439498741,True
España,Catadau,Eliana (l'),32.54070926121124,0.002281430450730884,True
España,Catadau,Chiva,25.383554969092344,0.0031751223722910824,True
España,Catadau,Jalance,44.70742829419919,0.0013009064314076452,True
España,Catadau,Montroy,8.206783064792797,0.007026254924513879,True
España,Catadau,Siete Aguas,37.01614273724121,0.001855517341005448,True
España,Benifaió,Bellreguard,44.04923557261841,0.001341047369110429,True
España,Benifaió,Chella,33.532816824974645,0.0021792764061070243,True
España,Benifaió,Benifairó de la Valldigna,27.89595076901363,0.0028272316785971884,True
España,Benifaió,Ènova (l'),27.22363922292846,0.002916400642339879,True
España,Benifaió,Benaguasil,36.78284290395373,0.001875611826736397,True
España,Benifaió,Eliana (l'),32.486583246839,0.0022871394968783944,True
España,Benifaió,Chiva,32.542461298152624,0.002281245889744178,True
España,Benifaió,Montroy,17.25387608064942,0.004623005622142655,True
España,Bellreguard,Chella,44.36233466612968,0.0013218004440208467,True
España,Bellreguard,Benifairó de la Valldigna,16.93883954163376,0.004690838029865922,True
España,Bellreguard,Ènova (l'),29.42128242305678,0.002634918367794856,True
España,Chella,Ayora,34.26559813222054,0.0021067749422085586,True
España,Chella,Benifairó de la Valldigna,31.038900268710734,0.00244525849323334,True
España,Chella,Ènova (l'),15.648987634518441,0.004979136040701471,True
España,Chella,Font de la Figuera (la),32.5306989314215,0.002282485233608316,True
España,Chella,Jalance,39.436729995550024,0.0016593193416459383,True
España,Chella,Mogente/Moixent,20.52940058731175,0.003973438647626857,True
España,Chella,Montroy,33.13799860769082,0.0022193694080849965,True
España,Ayora,Font de la Figuera (la),31.770214701714394,0.0023640607095240704,True
España,Ayora,Jalance,14.948254810947336,0.005143143256410392,True
España,Ayora,Mogente/Moixent,33.45862180840706,0.0021867550564468752,True
España,Benifairó de la Valldigna,Ènova (l'),15.41357457281333,0.0050336409190348454,True
España,Benifairó de la Valldigna,Mogente/Moixent,43.727200164417056,0.0013611358906434469,True
España,Benifairó de la Valldigna,Montroy,41.71074155376719,0.00149394323437644,True
España,Ènova (l'),Font de la Figuera (la),43.5588640740164,0.0013717560918209536,True
España,Ènova (l'),Mogente/Moixent,30.1544644586725,0.002547196093661448,True
España,Ènova (l'),Montroy,34.937032171026516,0.0020424640485123165,True
España,Benaguasil,Eliana (l'),5.76404700131652,0.007868047301151721,True
España,Benaguasil,Casinos,16.013390705779695,0.0048959315720398106,True
España,Benaguasil,Chelva,39.0417846973533,0.0016898530778246693,True
España,Benaguasil,Chiva,17.212918354650107,0.004631768530220911,True
España,Benaguasil,Olocau,13.029685451773487,0.005620466462763681,True
España,Benaguasil,Montroy,28.006654184089786,0.002812813091114362,True
España,Benaguasil,Siete Aguas,31.109124947847558,0.002437341782120858,True
España,Eliana (l'),Casinos,21.49566335415951,0.003799908929515999,True
España,Eliana (l'),Chelva,44.80109451428957,0.0012952924993959397,True
España,Eliana (l'),Chiva,19.161606066606595,0.004232748220804397,True
España,Eliana (l'),Olocau,14.848083265149416,0.0051670272418823295,True
España,Eliana (l'),Montroy,26.146245331430784,0.0030652068154232155,True
España,Eliana (l'),Siete Aguas,34.797321369993824,0.002055681882721409,True
España,Camporrobles,Chelva,35.905878342682,0.0019531128201730648,True
España,Camporrobles,Utiel,18.766788651044244,0.0043107070337829075,True
España,Camporrobles,Venta del Moro,18.442409558394075,0.004375833692617041,True
España,Casinos,Chelva,25.167463443397516,0.0032069762958890787,True
España,Casinos,Chiva,25.464684891449348,0.0031632450645463113,True
España,Casinos,Olocau,15.255914020256634,0.00507047817430411,True
España,Casinos,Montroy,40.98885177142775,0.0015445738023125307,True
España,Casinos,Utiel,44.841451963959514,0.0012928811249486548,True
España,Casinos,Siete Aguas,31.1203507193966,0.002436078636316741,True
España,Chelva,Chiva,38.838260276919826,0.0017058065576476445,True
España,Chelva,Olocau,40.2454834108499,0.0015985043579948095,True
España,Chelva,Utiel,26.6498226677425,0.002994730697914067,True
España,Chelva,Siete Aguas,31.40771152857295,0.0024039663675633808,True
España,Chelva,Venta del Moro,42.62059290226563,0.0014324865637196018,True
España,Chiva,Jalance,43.960309066641344,0.0013465647873756041,True
España,Chiva,Olocau,29.892721874396226,0.002578171795734226,True
España,Chiva,Montroy,17.18410427149151,0.004637943286283867,True
España,Chiva,Utiel,42.96641853352012,0.0014097960922957126,True
España,Chiva,Siete Aguas,17.10114062545608,0.004655768251988318,True
España,Font de la Figuera (la),Mogente/Moixent,13.449418015673878,0.0055123773803367445,True
España,Jalance,Montroy,43.13634607072792,0.0013987787269288648,True
España,Jalance,Utiel,43.17505211787478,0.0013962812534954701,True
España,Jalance,Siete Aguas,34.0745232108341,0.0021254439750102677,True
España,Jalance,Venta del Moro,40.51286463422191,0.0015788926840471615,True
España,Olocau,Montroy,40.606619080167434,0.0015720731768840254,True
España,Olocau,Siete Aguas,41.65722934876364,0.0014976387522995245,True
España,Montroy,Siete Aguas,29.825751482563067,0.0025861577581743128,True
España,Utiel,Siete Aguas,26.76536784093737,0.0029787903250671644,True
España,Utiel,Venta del Moro,16.26487629955823,0.00483932452952709,True
España,Siete Aguas,Venta del Moro,37.945119662290956,0.0017776163799103034,True
