red,nodo,nombre,cb_unweighted,cb_weighted,rank_unweighted,rank_weighted
cyl,Adrada (La),Adrada (La),0.015684926029814972,0.0,70,87
cyl,Alberca (La),Alberca (La),0.017624381457650457,0.018965161822304677,66,73
cyl,Aldeadávila de la Ribera,Aldeadávila de la Ribera,0.00041056826771112485,0.013399299113584827,92,81
cyl,Almazán,Almazán,0.02061430632859204,0.027210884353741496,59,66
cyl,Aranda de Duero,Aranda de Duero,0.014611622111462696,0.10760667903525045,73,21
cyl,Arcos de Jalón,Arcos de Jalón,0.0,0.0,93,87
cyl,Arévalo,Arévalo,0.10822786570944716,0.03071531642960214,15,63
cyl,Barco de Ávila (El),Barco de Ávila (El),0.016879030978465215,0.02514945372088229,67,68
cyl,Barruelo de Santullán,Barruelo de Santullán,0.0,0.0,93,87
cyl,Bañeza (La),Bañeza (La),0.016617353323925936,0.12306740878169449,69,16
cyl,Belorado,Belorado,0.044987738957216326,0.013605442176870748,40,80
cyl,Benavente,Benavente,0.06883939469120805,0.13378684807256236,32,11
cyl,Berlanga de Duero,Berlanga de Duero,0.03174995112339221,0.045351473922902494,46,51
cyl,Bermillo de Sayago,Bermillo de Sayago,0.009028056752328094,0.050505050505050504,83,50
cyl,Briviesca,Briviesca,0.013569201301740467,0.03195217480931766,76,61
cyl,Burgo de Osma-Ciudad de Osma,Burgo de Osma-Ciudad de Osma,0.06951349696101868,0.06885178313749742,31,41
cyl,Burgos,Burgos,0.11983971753493619,0.06823335394763966,12,42
cyl,Béjar,Béjar,0.006886323081892218,0.013811585240156668,87,79
cyl,Campaspero,Campaspero,0.14870316102586972,0.16841888270459698,6,2
cyl,Candeleda,Candeleda,0.0,0.013193156050298907,93,82
cyl,Cantalejo,Cantalejo,0.0931762660254255,0.05483405483405483,19,48
cyl,Carbonero el Mayor,Carbonero el Mayor,0.1587264195829838,0.10513296227581942,5,23
cyl,Carpio,Carpio,0.05784303077578505,0.12595341166769738,36,14
cyl,Carrión de los Condes,Carrión de los Condes,0.04320726621937857,0.05689548546691404,42,47
cyl,Cebreros,Cebreros,0.028157188873135335,0.052360338074623786,49,49
cyl,Cervera de Pisuerga,Cervera de Pisuerga,0.006886476542066051,0.016491445062873634,86,75
cyl,Ciudad Rodrigo,Ciudad Rodrigo,0.010425500800290212,0.01566687280972995,81,77
cyl,Cubillos del Sil,Cubillos del Sil,0.019377447948876518,0.07668521954236239,62,36
cyl,Duruelo de la Sierra,Duruelo de la Sierra,0.046473387930188036,0.032158317872603585,39,60
cyl,Espinar (El),Espinar (El),0.08787488167754105,0.08018965161822304,21,33
cyl,Fermoselle,Fermoselle,0.010709667335253005,0.03504432075860647,80,58
cyl,Folgoso de la Ribera,Folgoso de la Ribera,0.13275613275613274,0.13275613275613274,10,12
cyl,Fuente de San Esteban (La),Fuente de San Esteban (La),0.046767120406235534,0.02865388579674294,38,65
cyl,Fuentes de Oñoro,Fuentes de Oñoro,0.0,0.0,93,87
cyl,Fuentesaúco,Fuentesaúco,0.17908969362366303,0.07606679035250463,2,37
cyl,Gradefes,Gradefes,0.11133634562390206,0.08637394351680065,14,31
cyl,Guijuelo,Guijuelo,0.083243185377652,0.09255823541537826,22,27
cyl,Herrera de Pisuerga,Herrera de Pisuerga,0.08027669692917148,0.08864151721294578,26,30
cyl,Huerta de Rey,Huerta de Rey,0.02770231571483964,0.11131725417439703,51,20
cyl,Ledesma,Ledesma,0.11458680634775965,0.0645227788084931,13,43
cyl,Lerma,Lerma,0.12906950447017393,0.07194392908678622,11,39
cyl,Lumbrales,Lumbrales,0.013438994492776503,0.0070088641517212944,77,83
cyl,Melgar de Fernamental,Melgar de Fernamental,0.07416517834248748,0.09317666460523603,28,26
cyl,Merindad de Río Ubierna,Merindad de Río Ubierna,0.07347247402721331,0.0857555143269429,29,32
cyl,Miranda de Ebro,Miranda de Ebro,0.001250378152047911,0.0,91,87
cyl,Mombeltrán,Mombeltrán,0.02991234120199539,0.02989074417645846,47,64
cyl,Mozoncillo,Mozoncillo,0.08220557317929283,0.043496186353329205,24,54
cyl,Nava de la Asunción,Nava de la Asunción,0.021719270828757298,0.10039167182024324,56,24
cyl,Navaluenga,Navaluenga,0.015684926029814972,0.030921459492888062,70,62
cyl,Palacios del Sil,Palacios del Sil,0.0,0.0,93,87
cyl,Palencia,Palencia,0.060279066741543874,0.0,35,87
cyl,Paredes de Nava,Paredes de Nava,0.020243775672497515,0.043908472479901046,60,53
cyl,Pedraja de Portillo (La),Pedraja de Portillo (La),0.02866209538924156,0.1482168625025768,48,8
cyl,Pedrajas de San Esteban,Pedrajas de San Esteban,0.10695876513558276,0.08925994640280355,16,29
cyl,Peñaranda de Bracamonte,Peñaranda de Bracamonte,0.07777119347078218,0.025974025974025972,27,67
cyl,Piedrahíta,Piedrahíta,0.016879030978465215,0.016079158936301793,67,76
cyl,Pola de Gordón (La),Pola de Gordón (La),0.007981849726264735,0.0,85,87
cyl,Puebla de Sanabria,Puebla de Sanabria,0.0202020202020202,0.0202020202020202,61,72
cyl,Puente de Domingo Flórez,Puente de Domingo Flórez,0.03999175427746856,0.03999175427746856,44,56
cyl,Roa,Roa,0.10470977601445666,0.14100185528756956,18,9
cyl,Sabero,Sabero,0.002099475800774502,0.0006184291898577612,90,86
cyl,Salamanca,Salamanca,0.015646061933699065,0.06204906204906205,72,46
cyl,Salas de los Infantes,Salas de los Infantes,0.054085987274268686,0.03380746237889095,37,59
cyl,Saldaña,Saldaña,0.1418173331982371,0.07730364873222016,7,35
cyl,San Cristóbal de Segovia,San Cristóbal de Segovia,0.011802835612359425,0.09461966604823747,79,25
cyl,San Justo de la Vega,San Justo de la Vega,0.07197131853774684,0.15007215007215005,30,6
cyl,San Leonardo de Yagüe,San Leonardo de Yagüe,0.013987584521528687,0.04019789734075448,74,55
cyl,Santa Marina del Rey,Santa Marina del Rey,0.08136614477193532,0.045351473922902494,25,51
cyl,Santibáñez de Vidriales,Santibáñez de Vidriales,0.006344298181032873,0.0,88,87
cyl,Santovenia de Pisuerga,Santovenia de Pisuerga,0.06781542334012844,0.12079983508554937,33,17
cyl,Santovenia de la Valdoncina,Santovenia de la Valdoncina,0.020988578972544525,0.0626674912389198,58,45
cyl,Seca (La),Seca (La),0.08242396394964238,0.15831787260358687,23,4
cyl,Soria,Soria,0.027619251102952876,0.02061430632859204,52,71
cyl,Terradillos,Terradillos,0.09032534531186184,0.10678210678210677,20,22
cyl,Toro,Toro,0.18818201602880844,0.15481344052772622,1,5
cyl,Torquemada,Torquemada,0.01915462167945981,0.07153164296021439,65,40
cyl,Trabazos,Trabazos,0.0,0.0,93,87
cyl,Traspinedo,Traspinedo,0.04330825777186045,0.14904143475572046,41,7
cyl,Trespaderne,Trespaderne,0.013844210089175558,0.022675736961451247,75,70
cyl,Valderas,Valderas,0.16344090460596905,0.12059369202226344,4,18
cyl,Valle de Mena,Valle de Mena,0.0,0.0,93,87
cyl,Vega de Espinareda,Vega de Espinareda,0.019377447948876518,0.0008245722531436817,62,85
cyl,Velilla del Río Carrión,Velilla del Río Carrión,0.00926981781746884,0.02329416615130901,82,69
cyl,Venta de Baños,Venta de Baños,0.0343767884592348,0.13234384662956092,45,13
cyl,Viana de Cega,Viana de Cega,0.026064752898343545,0.07524221809936095,53,38
cyl,Villabrágima,Villabrágima,0.13746456638596072,0.12389198103483817,8,15
cyl,Villada,Villada,0.041142307363576214,0.035456606885178314,43,57
cyl,Villadecanes,Villadecanes,0.019377447948876518,0.0012368583797155224,62,84
cyl,Villadiego,Villadiego,0.13711558609309193,0.1362605648319934,9,10
cyl,Villalpando,Villalpando,0.10580950855095454,0.2079983508554937,17,1
cyl,Villamañán,Villamañán,0.16402981313611384,0.09111523397237682,3,28
cyl,Villaquilambre,Villaquilambre,0.021653880181720125,0.018965161822304677,57,73
cyl,Villaralbo,Villaralbo,0.023040382133746578,0.06431663574520717,54,44
cyl,Villarcayo de Merindad de Castilla la Vieja,Villarcayo de Merindad de Castilla la Vieja,0.008057898019829106,0.0,84,87
cyl,Villasabariego,Villasabariego,0.011843267098409535,0.07854050711193568,78,34
cyl,Villoria,Villoria,0.003848415802978825,0.16512059369202226,89,3
cyl,Vitigudino,Vitigudino,0.02245798493071885,0.01484230055658627,55,78
cyl,Zaratán,Zaratán,0.06781542334012844,0.11894454751597608,33,19
cyl,Ávila,Ávila,0.028157188873135335,0.0,49,87
cyl,Ólvega,Ólvega,0.0,0.0,93,87
espana,Abadiño,Abadiño,0.007406474929564605,0.004706264199935086,404,639
espana,Abadín,Abadín,0.0025920454337773086,0.004114924437449147,662,664
espana,Abenójar,Abenójar,0.0030506817831985463,0.0034346614024089316,625,690
espana,Abrucena,Abrucena,0.006722470791869011,0.0055621506982699975,430,596
espana,Aceuchal,Aceuchal,0.007242124778397545,0.01035066892531779,413,472
espana,Ademuz,Ademuz,0.04155945463228685,0.022868842619146068,70,280
espana,Ador,Ador,0.001552174614292575,0.0030456220849839717,755,705
espana,Adrada (La),Adrada (La),0.017655504336435833,0.019305242471533438,212,332
espana,Agoncillo,Agoncillo,0.00787690493411073,0.04739388118961554,386,96
espana,Agudo,Agudo,0.0016540594820056394,0.03202349352860884,743,170
espana,Aguilar de Campoo,Aguilar de Campoo,0.0022654073285502127,0.04760952012555966,684,95
espana,Aiguafreda,Aiguafreda,0.005693893310940126,0.008874542600916798,482,504
espana,Ainzón,Ainzón,0.02322725340454022,0.0572199028068631,166,58
espana,Ajalvir,Ajalvir,0.0019098499399591144,0.01410990027254983,716,412
espana,Ajofrín,Ajofrín,0.02834072161279769,0.0,126,905
espana,Alaejos,Alaejos,0.002908518772534288,0.003970424119548448,637,669
espana,Alar del Rey,Alar del Rey,0.034141028206198444,0.0211748542769871,90,302
espana,Alba de Tormes,Alba de Tormes,0.05053664222280902,0.09675296670268059,44,13
espana,Albacete,Albacete,0.021589129891203075,0.05811135861421972,179,56
espana,Albaida,Albaida,0.002705231460741884,0.00032234686300925243,653,855
espana,Albalate de Cinca,Albalate de Cinca,0.029218636447227626,0.03999991107672744,119,122
espana,Albalate de Zorita,Albalate de Zorita,0.0012202116770714643,0.055161329047231596,788,63
espana,Albanchez de Mágina,Albanchez de Mágina,0.030003441516406895,0.02706602108370792,110,241
espana,Albelda de Iregua,Albelda de Iregua,0.029325350792949324,0.012409242684949291,117,435
espana,Alberca (La),Alberca (La),0.006430727319255,0.007271700613125964,449,544
espana,Alberca de Záncara (La),Alberca de Záncara (La),0.007271301767259388,0.0017651269602023893,410,780
espana,Albocàsser,Albocàsser,0.07461017527908925,0.029082356288876142,15,222
espana,Alborache,Alborache,0.019469651366802315,0.017938047156011435,197,353
espana,Alburquerque,Alburquerque,0.0004415063099229691,0.002703267485650007,869,719
espana,Alcalalí,Alcalalí,9.992152499576474e-06,0.0007047169349926416,932,837
espana,Alcalà de Xivert,Alcalà de Xivert,0.0013502956776757003,0.06845980445772365,776,31
espana,Alcalá de los Gazules,Alcalá de los Gazules,0.0018001719266237416,0.0029144602579664136,722,710
espana,Alcanar,Alcanar,0.06621743820645187,0.06793960331328114,21,35
espana,Alcaraz,Alcaraz,0.013417909947965833,0.03208351673758297,266,168
espana,Alcaucín,Alcaucín,0.00505546491888012,0.005586604598222424,516,594
espana,Alcaudete de la Jara,Alcaudete de la Jara,0.004913347285155759,0.005986759324716668,526,582
espana,Alcañiz,Alcañiz,0.0010165317802676814,0.009545913308701586,814,487
espana,Alcobendas,Alcobendas,0.06295764605071305,0.05098415831899446,25,78
espana,Alconchel,Alconchel,0.00061496097275619,0.0028611062944338475,848,712
espana,Alcora (l'),Alcora (l'),0.07716576920699784,0.029289102897564836,13,220
espana,Alcántara,Alcántara,0.0005660418787508053,0.0,854,905
espana,Alcúdia de Crespins (l'),Alcúdia de Crespins (l'),0.003692188232984318,0.0191162805173556,591,336
espana,Aldeadávila de la Ribera,Aldeadávila de la Ribera,0.0001124655519039448,1.5561572696998395e-05,904,896
espana,Aldeanueva de la Vera,Aldeanueva de la Vera,0.001969737276485917,0.08363456091911094,712,22
espana,Alfarràs,Alfarràs,0.011989411859672986,0.0007469554894559229,289,834
espana,Alforja,Alforja,0.030402483153471757,0.01990769764308866,107,322
espana,Algar,Algar,0.001770132899002926,0.008303210574755571,726,515
espana,Alguazas,Alguazas,0.014493223984835641,0.015448195524491693,250,391
espana,Algámitas,Algámitas,0.01280050965942388,0.008465495547167128,275,513
espana,Alhama de Aragón,Alhama de Aragón,0.08548403559949955,0.10935117134180772,8,9
espana,Alhaurín de la Torre,Alhaurín de la Torre,0.0006501951152735716,0.0025098593678444556,845,737
espana,Alicante/Alacant,Alicante/Alacant,0.0021271354533469915,0.0016784267694619696,695,781
espana,Aliseda,Aliseda,0.006537872733171901,0.01685318323084926,442,373
espana,Allande,Allande,0.028824075705929323,0.02235086455651741,122,288
espana,Aller,Aller,0.006940962140903446,0.009359174436337606,424,491
espana,Almansa,Almansa,0.008707276385921387,0.009216897200250764,366,493
espana,Almazora/Almassora,Almazora/Almassora,0.001238396925426132,0.0,785,905
espana,Almazán,Almazán,0.00591786161861982,0.01372086095512487,477,417
espana,Almodóvar del Campo,Almodóvar del Campo,0.012275637081644237,0.048043021079261755,283,93
espana,Almogía,Almogía,0.0037044511591042477,0.005946743852067244,590,584
espana,Almudévar,Almudévar,0.001718636631303255,0.05931182279370245,730,52
espana,Almáchar,Almáchar,0.0028760516593315526,0.005215349935308319,642,607
espana,Altorricón,Altorricón,0.002645456811897471,0.023960375789749813,657,270
espana,Ames,Ames,0.0031903810879141668,0.004953026281273204,620,624
espana,Amposta,Amposta,0.007640267370982858,0.06465166531058676,394,43
espana,Anchuelo,Anchuelo,0.020092543012029878,0.017851346965271016,190,356
espana,Andorra,Andorra,0.0019670639493430944,0.0015272572061196996,713,795
espana,Antequera,Antequera,0.0029847699636646736,0.012255850039793164,631,441
espana,Aoiz/Agoitz,Aoiz/Agoitz,0.00022650551154660727,0.0,891,905
espana,Aranda de Duero,Aranda de Duero,0.05393255207049573,0.03257037165481764,34,165
espana,Aranga,Aranga,0.0007887686699532228,0.011626717886471658,838,453
espana,Aranjuez,Aranjuez,0.00931059569024787,0.0015005802243534165,353,797
espana,Arbizu,Arbizu,0.0028928822179096598,0.0039370778923405935,639,672
espana,Arbo,Arbo,0.0016549588527708786,0.0036925388928163334,742,681
espana,Arboleas,Arboleas,0.006113899022460162,0.01317398282891607,461,424
espana,Arcos de Jalón,Arcos de Jalón,0.08830864701688831,0.11362615766985457,5,6
espana,Areatza,Areatza,0.0061896178724996755,0.025300894123505533,456,261
espana,Arenas de San Juan,Arenas de San Juan,0.04764963173422744,0.03066296745852841,50,193
espana,Arenas del Rey,Arenas del Rey,0.009226386339253883,0.008180941074993443,355,519
espana,Aretxabaleta,Aretxabaleta,0.0058392979844484015,0.026696989502607675,478,247
espana,Argamasilla de Alba,Argamasilla de Alba,0.03307163415209718,0.07455994095494703,93,26
espana,Argoños,Argoños,0.0008869687113171954,0.0032034608937678124,829,700
espana,Arjonilla,Arjonilla,0.005003064780361008,0.00855664190153526,521,510
espana,Arnoia (A),Arnoia (A),0.0032978451529673877,0.00549545824385429,612,598
espana,Aroche,Aroche,0.002767613358976108,0.005928959197556388,648,585
espana,Arquillos,Arquillos,0.01901948159060439,0.052351353634516457,204,75
espana,Arroyo del Ojanco,Arroyo del Ojanco,0.023361899677205995,0.03690093502821091,164,140
espana,Arroyomolinos de León,Arroyomolinos de León,0.007483464381954575,0.009103520027744061,401,497
espana,Arróniz,Arróniz,0.010645236431400066,0.006422483360232623,315,568
espana,Artziniega,Artziniega,0.008108439740498581,0.005666635543521273,381,591
espana,Arévalo,Arévalo,0.021378907817915002,0.01458563978071521,184,406
espana,Astillero (El),Astillero (El),0.005023739590322723,0.0043150018006962694,518,651
espana,Astudillo,Astudillo,0.009381483032464399,0.04177837652781297,349,115
espana,Ayamonte,Ayamonte,0.0,0.0,943,905
espana,Ayora,Ayora,0.01718729581429976,0.02240866468367769,219,287
espana,Azpeitia,Azpeitia,0.002025954631101805,0.001645080542254116,702,782
espana,Aínsa-Sobrarbe,Aínsa-Sobrarbe,0.005152029513204071,0.005097526599173903,510,615
espana,Añora,Añora,0.012132902346387819,0.020970330750112266,287,304
espana,Badajoz,Badajoz,0.0021623896711903197,0.0003712546629141046,693,850
espana,Badalona,Badalona,0.0011041210396056597,5.557704534642284e-05,805,881
espana,Badia del Vallès,Badia del Vallès,0.0052197453032167005,0.00984602935357227,504,477
espana,Balenyà,Balenyà,0.0026180311683118586,0.006733714814172591,659,558
espana,Balsareny,Balsareny,0.008113896462791122,0.002592113394957161,380,732
espana,Banyoles,Banyoles,0.001659387141706844,0.0072805929403813915,741,543
espana,Barajas de Melo,Barajas de Melo,0.0023586873616778118,0.027784076509583706,676,238
espana,Barañain,Barañain,0.00193416181148632,0.007765224775802199,715,533
espana,Barco de Ávila (El),Barco de Ávila (El),0.0060614430446131315,0.007251692876801252,466,545
espana,Barrax,Barrax,0.007109492071142584,0.011693410340887365,416,451
espana,Baztan,Baztan,9.782609708508724e-05,0.0,907,905
espana,Bañeza (La),Bañeza (La),0.007012683124755509,0.1196507093854068,421,4
espana,Baños de Molgas,Baños de Molgas,0.007079814442550372,0.02404040673504866,417,269
espana,Baños de la Encina,Baños de la Encina,0.021018308234361238,0.009728206017437853,187,481
espana,Belalcázar,Belalcázar,0.01629383178742117,0.025938918604082466,228,256
espana,Belchite,Belchite,0.021430179901844967,0.029409149315513108,182,216
espana,Bellreguard,Bellreguard,0.001552174614292575,0.0022764357773894794,755,750
espana,Bellvei,Bellvei,0.003489587873974824,0.004079355128427436,597,666
espana,Belmonte de Miranda,Belmonte de Miranda,0.00040336740148064936,0.029380249251932968,871,217
espana,Belorado,Belorado,0.041025943373877716,0.015783880878384084,73,385
espana,Benabarre,Benabarre,0.01164296460241198,0.00419940154637571,298,659
espana,Benaguasil,Benaguasil,0.0011408732192471802,0.00015339264515612703,801,871
espana,Benahadux,Benahadux,0.0005605479556718203,0.0014850186516564183,856,798
espana,Benahavís,Benahavís,0.0020006419519525594,0.0037703467563013253,705,679
espana,Benalup-Casas Viejas,Benalup-Casas Viejas,0.0006898178864615112,0.0012427027339460147,843,811
espana,Benamejí,Benamejí,0.01769549085471985,0.007540693512602651,209,536
espana,Benaoján,Benaoján,0.0016145704958632102,0.0049841494266672,750,621
espana,Benasque,Benasque,0.002210748394256656,0.002954475730615838,688,708
espana,Benavente,Benavente,0.019891937034239797,0.11933280868602526,192,5
espana,Benejúzar,Benejúzar,0.0012481228670814283,1.7784654510855308e-05,784,894
espana,Beniel,Beniel,0.0028804964623207843,0.00486854917234664,641,629
espana,Benifairó de la Valldigna,Benifairó de la Valldigna,0.002298887718458327,0.006306883105912064,680,575
espana,Benifaió,Benifaió,0.0031736590589006367,0.0067514994686834464,621,557
espana,Benissanet,Benissanet,0.009318343781156983,0.0026343519494204425,352,729
espana,Berga,Berga,0.0019799944964516963,0.002647690440303584,711,726
espana,Berja,Berja,0.0006733598482811696,0.0013160644338032928,844,806
espana,Berlanga,Berlanga,0.005271015284128943,0.03193457025605456,501,172
espana,Berlanga de Duero,Berlanga de Duero,0.0030270089063658945,0.010041660553191679,628,475
espana,Bermillo de Sayago,Bermillo de Sayago,0.0004675888803757921,0.00252097477691374,868,736
espana,Berriatua,Berriatua,0.0004924010684800343,0.00072027850768964,866,836
espana,Betxí,Betxí,0.00755051409583935,0.07936402075469182,397,23
espana,Bienvenida,Bienvenida,0.002856194416216976,0.01086864698794645,645,467
espana,Bigues i Riells,Bigues i Riells,0.0037458990472984213,0.00015339264515612703,588,871
espana,Binaced,Binaced,0.03790785112582915,0.028677755398754185,81,229
espana,Biota,Biota,0.014460807538013576,0.05582603050957481,251,61
espana,Bisbal d'Empordà (La),Bisbal d'Empordà (La),0.00025344950393829414,6.6692454415707406e-06,884,901
espana,Bisbal del Penedès (La),Bisbal del Penedès (La),0.029894496298563694,0.04628456336450094,111,102
espana,Blanca,Blanca,0.006686050373234432,0.007362846967494098,434,541
espana,Blancos (Os),Blancos (Os),3.784040431723571e-05,6.446937260185049e-05,924,878
espana,Bocairent,Bocairent,0.005934770847639594,0.023000004446163628,476,278
espana,Boimorto,Boimorto,0.005453134136424436,0.004259424755349846,492,656
espana,Bolaños de Calatrava,Bolaños de Calatrava,0.045479037352061595,0.028657747662429473,55,230
espana,Bollullos Par del Condado,Bollullos Par del Condado,0.0037554913634521795,0.0018940657054060902,587,775
espana,Bolo (O),Bolo (O),0.0060227156941609974,0.007367293131121812,468,540
espana,Bonares,Bonares,0.0006494159804870785,0.004094916701124435,846,665
espana,Bonete,Bonete,0.047437941121308565,0.022851057964635213,52,281
espana,Bonillo (El),Bonillo (El),0.026015164600353295,0.014901317398282892,145,400
espana,Bonrepòs i Mirambell,Bonrepòs i Mirambell,0.0069720533807578694,0.002703267485650007,422,719
espana,Boquiñeni,Boquiñeni,0.07413246108793689,0.019916589970344088,16,321
espana,Bornos,Bornos,0.0017436715940573378,0.005179780626286609,727,610
espana,Bosque (El),Bosque (El),0.006465487991407758,0.007516239612650225,447,537
espana,Brea de Aragón,Brea de Aragón,0.05198083468202444,0.05047062641999351,40,81
espana,Briviesca,Briviesca,0.023479157349690426,0.04708709589930329,163,98
espana,Bujaraloz,Bujaraloz,0.027320071019912465,0.03692316584634948,133,139
espana,Bullas,Bullas,0.001092215323680689,0.011806787513394068,807,449
espana,Burgo de Osma-Ciudad de Osma,Burgo de Osma-Ciudad de Osma,0.006307059555300213,0.01225807312160702,451,440
espana,Burgos,Burgos,0.04736132189997056,0.017549007838586476,53,361
espana,Burguillos del Cerro,Burguillos del Cerro,0.007178018127497057,0.0027143828947192913,414,718
espana,Béjar,Béjar,0.0030054369393440264,0.09248464962007531,629,16
espana,Bélmez de la Moraleda,Bélmez de la Moraleda,0.00887020844389506,0.003754785183604327,363,680
espana,Cabana de Bergantiños,Cabana de Bergantiños,9.79877144733765e-06,2.2230818138569135e-06,933,904
espana,Cabezuela del Valle,Cabezuela del Valle,0.06207144802776028,0.00863667284683411,26,509
espana,Cabezón de la Sal,Cabezón de la Sal,0.013056985089076463,0.0002978929630568264,272,856
espana,Cabra del Camp,Cabra del Camp,0.02708744698107384,0.007887494275564328,135,529
espana,Cabranes,Cabranes,0.001879898852326355,0.029633680578712657,717,213
espana,Cadalso de los Vidrios,Cadalso de los Vidrios,0.0014935837520157385,0.03098531432153766,760,187
espana,Calaceite,Calaceite,0.007877037602067427,0.013651945418895306,385,418
espana,Calamocha,Calamocha,0.0006046404847420066,0.03835927669810104,850,132
espana,Calamonte,Calamonte,0.0060642545106925514,0.007187223504199401,465,546
espana,Calanda,Calanda,0.017587691325583656,0.013096174965431077,213,426
espana,Calasparra,Calasparra,0.01488884500733122,0.005144211317264898,242,613
espana,Calatayud,Calatayud,0.032955047107708385,0.1109051055296937,97,8
espana,Calldetenes,Calldetenes,0.004130449547467961,0.0034591153023613573,566,688
espana,Calzada de Calatrava,Calzada de Calatrava,0.005596476314071584,0.017880247028851156,486,355
espana,Cambados,Cambados,0.0001771805295892891,0.0001489464815284132,894,873
espana,Cambre,Cambre,0.003052883894099106,0.0052020114444251775,624,608
espana,Caminomorisco,Caminomorisco,0.005535311108509927,0.004666248727285662,488,641
espana,Campdevànol,Campdevànol,0.0001479049839893353,0.002389812949896182,901,743
espana,Campello (el),Campello (el),0.00010412966467372888,0.0010915331706037445,906,823
espana,Campezo/Kanpezu,Campezo/Kanpezu,0.02389982335325521,0.008543303410652119,159,511
espana,Campillo de Llerena,Campillo de Llerena,0.00421231576085839,0.029526972651647526,560,215
espana,Campo Lugar,Campo Lugar,0.02577186134845896,0.06505848928252257,148,42
espana,Campo Real,Campo Real,0.005941368483108288,0.030320612859194445,474,201
espana,Campo de Criptana,Campo de Criptana,0.01854750558633914,0.05501460564751704,206,66
espana,Campoo de Enmedio,Campoo de Enmedio,0.008432907383026217,0.015943942768981784,373,383
espana,Camporrobles,Camporrobles,0.03007022113512427,0.02055461445092102,108,311
espana,Campos del Río,Campos del Río,0.002100358504448988,0.0013093951883617221,698,807
espana,Camprodon,Camprodon,0.001541902115463598,4.223855446328136e-05,757,883
espana,Cangas de Onís,Cangas de Onís,0.05426435289801959,0.030954191176143665,33,188
espana,Caniles,Caniles,0.010198482498307649,0.0061090288244787985,327,577
espana,Canjáyar,Canjáyar,0.0009500135212657501,0.007956409811793894,821,528
espana,Cantalejo,Cantalejo,0.019275023941035183,0.010319545779923793,199,473
espana,Cantalpino,Cantalpino,0.0015997177219729567,0.03385531294322693,751,153
espana,Capellades,Capellades,0.004154957820991703,0.0012627104702707269,563,810
espana,Caravaca de la Cruz,Caravaca de la Cruz,0.007971246377040166,0.011319932596159404,384,458
espana,Carbajosa de la Sagrada,Carbajosa de la Sagrada,0.030040746876206538,0.0014227723608684247,109,801
espana,Carballeda de Valdeorras,Carballeda de Valdeorras,0.023921307175920493,0.015388172315517555,158,393
espana,Carboneras,Carboneras,3.304415868443821e-06,0.0,939,905
espana,Carbonero el Mayor,Carbonero el Mayor,0.08656263934181363,0.1075460289089559,7,10
espana,Carcastillo,Carcastillo,0.005787974799192032,0.055047951874724894,481,65
espana,Cardeña,Cardeña,0.022978657858879134,0.029678142214989794,169,212
espana,Cariñena,Cariñena,0.02876113762165795,0.02635463490327371,123,252
espana,Cariño,Cariño,0.00024319516842764835,0.0006958246077372139,888,838
espana,Carpio (El),Carpio (El),0.03953358257318426,0.029184618052313562,75,221
espana,Carpio de Tajo (El),Carpio de Tajo (El),0.01439938558473891,0.019207426871723735,253,334
espana,Carranque,Carranque,0.017400337463805104,0.008996812100678929,217,499
espana,Carreño,Carreño,3.7030822410406843e-06,0.006444714178371193,938,567
espana,Carrizosa,Carrizosa,0.015875522424817066,0.05262701577943471,231,74
espana,Carrión de los Condes,Carrión de los Condes,0.022198610376145053,0.011017593469474863,173,464
espana,Casar de Escalona (El),Casar de Escalona (El),0.0060534799136944895,0.0218817942937936,467,293
espana,Casares,Casares,0.0032100157935006455,0.004132709091960002,618,663
espana,Casariche,Casariche,0.001868692400442056,0.01228030393974559,718,439
espana,Casas de Benítez,Casas de Benítez,0.014149809195059839,0.044321582122865286,258,108
espana,Casas de Fernando Alonso,Casas de Fernando Alonso,0.06400453694044167,0.05839369000457955,23,55
espana,Casas-Ibáñez,Casas-Ibáñez,0.026371426173058377,0.049003392422847944,141,84
espana,Casatejada,Casatejada,0.02978339960335764,0.04495071427618679,114,106
espana,Cascante,Cascante,0.06374479477211839,0.05027054905674638,24,82
espana,Casinos,Casinos,0.009652566281615099,0.0673838328598169,341,39
espana,Caso,Caso,0.004954113924408974,0.002641021194862013,525,728
espana,Caspe,Caspe,0.02610899551588979,0.020343421678604614,143,315
espana,Casserres,Casserres,0.004412547672411945,0.01027730722546051,546,474
espana,Castañar de Ibor,Castañar de Ibor,0.04758215423151803,0.06445158794733964,51,45
espana,Castejón,Castejón,0.02196274408153785,0.0271393827835652,177,240
espana,Castellar,Castellar,0.02578131524553761,0.04663136412746262,147,100
espana,Castellar del Vallès,Castellar del Vallès,0.005154353082415145,0.01792693174694215,509,354
espana,Castellgalí,Castellgalí,0.0032623687936720667,0.014841294189308754,614,402
espana,Castellserà,Castellserà,0.02111157524078859,0.03165001578388088,185,178
espana,Castellví de Rosanes,Castellví de Rosanes,0.003945079956119693,0.022635419028691095,574,283
espana,Castelló d'Empúries,Castelló d'Empúries,2.154216898086109e-06,2.000773632471222e-05,940,892
espana,Castilleja de la Cuesta,Castilleja de la Cuesta,0.0033441861140993084,0.0006735937895986448,609,841
espana,Castillo de Bayuela,Castillo de Bayuela,0.007792062465344149,0.03606950242982842,391,145
espana,Castillo de Locubín,Castillo de Locubín,0.004703623070024038,0.01928301165339487,535,333
espana,Castril,Castril,0.0035767348166503505,0.016499713222446012,595,378
espana,Castrillón,Castrillón,0.002524629412210464,0.0,664,905
espana,Castro-Urdiales,Castro-Urdiales,0.004000392510392924,0.004248309346280562,570,657
espana,Castropol,Castropol,0.012075955485515976,0.005157549808148039,288,612
espana,Castroverde,Castroverde,0.013157305358527075,0.017360045884408638,269,367
espana,Catadau,Catadau,0.004316628388366205,0.013147305847149786,555,425
espana,Catarroja,Catarroja,0.005213302671631771,0.02058351451450116,505,309
espana,Caudete,Caudete,0.006717038889425061,0.00878784241017638,431,507
espana,Cazorla,Cazorla,0.013595038270678301,0.025187516950998832,262,264
espana,Cañada,Cañada,0.005330945572696314,0.012069111167429184,498,443
espana,Cañaveral,Cañaveral,0.024736232098072516,0.023166735582202894,155,276
espana,Cañete de las Torres,Cañete de las Torres,0.002717651666482513,0.035460378012831625,652,148
espana,Cañete la Real,Cañete la Real,0.002162696746689368,0.007056061677181843,692,551
espana,Cebolla,Cebolla,0.0005865923743938724,0.011597817822891519,853,454
espana,Cebreros,Cebreros,0.006166954713148699,0.026536927612009976,458,248
espana,Ceclavín,Ceclavín,0.0028307392070802805,0.0022319741411123413,646,752
espana,Cedeira,Cedeira,1.8045792457305418e-05,3.779239083556753e-05,930,885
espana,Cee,Cee,2.0442747646145116e-05,3.33462272078537e-05,928,887
espana,Celanova,Celanova,7.239868619186935e-05,0.009594821108606438,914,484
espana,Cella,Cella,0.041628683367546555,0.0372988666728913,69,135
espana,Cellera de Ter (La),Cellera de Ter (La),0.0013739723163530562,0.006469168078323618,774,566
espana,Celrà,Celrà,0.0011970107991153911,0.00011115409069284568,789,874
espana,Cenizate,Cenizate,0.060688348046664876,0.0460956014103231,27,103
espana,Cerdedo,Cerdedo,0.0032507458931439674,0.006584768332644178,616,563
espana,Cerro de Andévalo (El),Cerro de Andévalo (El),0.003808263731994573,0.005124203580940186,585,614
espana,Cervera de Pisuerga,Cervera de Pisuerga,0.003978351275014953,0.04131152934690303,571,117
espana,Cervo,Cervo,0.001183913834988118,0.002087473823211642,793,764
espana,Cesuras,Cesuras,0.002248251670142849,0.0006958246077372139,687,838
espana,Cheles,Cheles,0.0,0.0,943,905
espana,Chella,Chella,0.01088621181637867,0.014072107881714263,306,413
espana,Chelva,Chelva,0.07642670036682629,0.0683797735124248,14,32
espana,Chillón,Chillón,0.05817843562334887,0.004817418290627932,32,631
espana,Chinchón,Chinchón,0.017060786658107924,0.018289294082600827,221,347
espana,Chiva,Chiva,0.03305747512201874,0.004977480181225629,94,623
espana,Ciempozuelos,Ciempozuelos,0.043345546077629325,0.05905394530329505,62,53
espana,Cifuentes,Cifuentes,0.0020106471982505184,0.026710327993490816,704,246
espana,Cijuela,Cijuela,0.005192845511569031,0.006191282851591504,506,576
espana,Ciudad Rodrigo,Ciudad Rodrigo,0.004212613341704835,0.0033568535389239392,559,693
espana,Coaña,Coaña,0.007066934002165313,0.005757781897889406,418,588
espana,Cobisa,Cobisa,0.025102847170513535,0.022164125684153428,153,289
espana,Cocentaina,Cocentaina,0.004318398864087723,0.00477517973616465,554,635
espana,Codosera (La),Codosera (La),0.00011019038763150387,0.0,905,905
espana,Collado Mediano,Collado Mediano,0.008331896121778733,0.06419593353874609,375,48
espana,Colmenar,Colmenar,0.006663477812534735,0.0022164125684153426,436,753
espana,Colomera,Colomera,0.002424486350031678,0.008807850146501092,670,506
espana,Consuegra,Consuegra,0.05182407223861734,0.02164392453971091,41,296
espana,Coria,Coria,0.004696111665194189,0.004272763246232988,536,654
espana,Coristanco,Coristanco,0.003683223351149413,0.00231200508641119,592,748
espana,Cornellà de Llobregat,Cornellà de Llobregat,0.001128794738164882,1.3338490883141481e-05,803,897
espana,Coronada (La),Coronada (La),0.017502094908039282,0.030849706330892387,215,189
espana,Corral de Calatrava,Corral de Calatrava,0.003913827729910211,0.06457163436528791,576,44
espana,Corrales,Corrales,0.004785192364028361,0.005001934081178055,530,620
espana,Corrales de Buelna (Los),Corrales de Buelna (Los),0.008662310813718703,0.0019496427507525132,369,771
espana,Corte de Peleas,Corte de Peleas,0.020669783784460008,0.011366617314250399,188,456
espana,Cortes de Baza,Cortes de Baza,0.010248145828344919,0.01491020972553832,323,399
espana,Covelo,Covelo,0.0020173500215015685,0.004581771618359098,703,645
espana,Cox,Cox,0.0027793920204220047,0.002696598240208436,647,722
espana,Cubillos del Sil,Cubillos del Sil,0.008507995966521641,0.06835087344884466,371,33
espana,Cuerva,Cuerva,0.0013368359127659637,0.033604104698261104,778,154
espana,Cuevas de San Marcos,Cuevas de San Marcos,0.005066781437207791,0.021639478376083196,515,297
espana,Cuéllar,Cuéllar,0.026563278904367837,0.033426258153152553,137,156
espana,Càlig,Càlig,0.0009395731015622568,0.0676261487775273,823,37
espana,Cáceres,Cáceres,0.00340013202569319,0.004695148790865801,604,640
espana,Cádiar,Cádiar,0.002064936467560893,0.00639580637846634,700,569
espana,Cáseda,Cáseda,0.00387042542490423,0.004163832237353999,579,660
espana,Cózar,Cózar,0.003782352632082596,0.009574813372281726,586,485
espana,Cúllar,Cúllar,0.006248190359188136,0.014565632044390497,454,407
espana,Daroca,Daroca,0.04212227966195463,0.03895728570602855,68,128
espana,Deba,Deba,0.0006250422315893477,0.0015561572696998396,847,791
espana,Deltebre,Deltebre,0.00033847452154378734,0.0,875,905
espana,Dodro,Dodro,0.0010145992475039639,0.005591050761850138,815,593
espana,Dozón,Dozón,0.014312686639373198,0.001542818778816698,255,793
espana,Doña Mencía,Doña Mencía,0.014858563914998518,0.0081831641568073,243,518
espana,Duruelo de la Sierra,Duruelo de la Sierra,0.001672928241367507,0.0005935628442997959,737,843
espana,Dúrcal,Dúrcal,0.0011175205332761122,0.003285714920880518,804,696
espana,Eibar,Eibar,0.001984113887205206,0.004261647837163703,710,655
espana,Ejea de los Caballeros,Ejea de los Caballeros,0.003329972285239434,0.058100243205150434,610,57
espana,Ejido (El),Ejido (El),6.66384503151571e-05,0.0002912237176152557,916,857
espana,Elche/Elx,Elche/Elx,0.00022730486918765027,0.005735551079750837,890,589
espana,Elciego,Elciego,0.0038670829100031653,0.014821286452984042,580,403
espana,Elda,Elda,0.010173676238095742,0.018667217990956504,328,342
espana,Eliana (l'),Eliana (l'),0.01065251547679651,0.015594918924206249,314,388
espana,Eljas,Eljas,0.0016941487472638705,0.0,735,905
espana,Encinasola,Encinasola,0.0049971437290696865,0.007104969477086696,522,549
espana,Entrambasaguas,Entrambasaguas,0.004771671296031674,0.003030060512286973,532,706
espana,Entrimo,Entrimo,0.00020191061891118857,0.0,893,905
espana,Errenteria,Errenteria,0.00031995905043626994,1.3338490883141481e-05,879,897
espana,Escalona,Escalona,0.019951071292959966,0.027161613601703768,191,239
espana,Espejo,Espejo,0.000920049484294117,0.031661131192950165,824,177
espana,Espinar (El),Espinar (El),0.053319232416867056,0.008065340820672883,38,523
espana,Espinosa de los Monteros,Espinosa de los Monteros,0.031328048205606945,0.004639571745519378,100,642
espana,Espluga de Francolí (L'),Espluga de Francolí (L'),0.00766179121757157,0.016862075558104688,393,371
espana,Esquivias,Esquivias,0.02762962452791269,0.022439787829071686,130,286
espana,Estella/Lizarra,Estella/Lizarra,0.005831513579540274,0.03722328189122016,479,136
espana,Estivella,Estivella,0.03082642719130529,0.015970619750748066,105,381
espana,Fabara,Fabara,0.010799741922469984,0.025069693614864413,307,265
espana,Falset,Falset,0.006319746673914705,0.0270104440383615,450,242
espana,Faura,Faura,0.005528520889635761,0.022946650482631063,489,279
espana,Fermoselle,Fermoselle,0.0007141118402562887,0.0011826795249718779,841,815
espana,Ferrol,Ferrol,0.00023188206272831661,0.00024231591771040357,889,860
espana,Finestrat,Finestrat,0.0005001743774727295,0.00040015472649424443,864,848
espana,Fitero,Fitero,0.00950662201419752,0.019803212797837387,345,324
espana,Flix,Flix,0.01048908574472257,0.016873190967173973,319,370
espana,Folgoso de la Ribera,Folgoso de la Ribera,0.1133999567826583,0.14564742811664955,1,2
espana,Fondó de les Neus (el)/Hondón de las Nieves,Fondó de les Neus (el)/Hondón de las Nieves,0.01350900111122767,0.018400448173293674,264,344
espana,Fonsagrada (A),Fonsagrada (A),0.007810381731939968,0.02527421714173925,389,262
espana,Font de la Figuera (la),Font de la Figuera (la),0.006672418408371089,0.005195342198983607,435,609
espana,Fonz,Fonz,2.2018218344506353e-05,0.007858594211984189,927,531
espana,Fortuna,Fortuna,0.006648199147477579,0.020430121869345036,437,313
espana,Foz,Foz,0.0006001370172857313,0.003492461529569211,851,686
espana,Freila,Freila,0.011806540078193727,0.02900454842539115,295,223
espana,Fresnedillas de la Oliva,Fresnedillas de la Oliva,0.025364296289446652,0.005093080435546189,151,616
espana,Fresno el Viejo,Fresno el Viejo,0.005652626558613814,0.033895328415876363,485,152
espana,Frigiliana,Frigiliana,0.0011920276338182648,0.004595110109242241,790,643
espana,Friol,Friol,0.022096878781340378,0.006702591668778594,175,559
espana,Fuencaliente,Fuencaliente,0.010920971706068983,0.046875903126986876,305,99
espana,Fuente de Piedra,Fuente de Piedra,0.004172351755441702,0.010655231133816187,561,470
espana,Fuente de San Esteban (La),Fuente de San Esteban (La),0.007361208570457887,0.004741833508956797,407,638
espana,Fuente Álamo de Murcia,Fuente Álamo de Murcia,0.0012270230498277596,0.0019207426871723733,786,773
espana,Fuentes de Ebro,Fuentes de Ebro,0.01471984987032481,0.04855210681463499,246,89
espana,Fuentes de Oñoro,Fuentes de Oñoro,0.0017078282499615174,1.1115409069284568e-05,732,899
espana,Fuentesaúco,Fuentesaúco,0.0827581440333074,0.06620337641665888,11,40
espana,Fuentidueña de Tajo,Fuentidueña de Tajo,0.004117955694211611,0.008020879184395743,568,524
espana,Fustiñana,Fustiñana,0.011792452613686924,0.020667991623427726,296,307
espana,Galapagar,Galapagar,0.01218496074553873,0.04735386571696611,284,97
espana,Galdakao,Galdakao,0.0005120844930413364,0.004552871554778959,863,646
espana,Galera,Galera,0.007054969207233179,0.02349575169065372,419,274
espana,Galisteo,Galisteo,0.000563864335281177,0.022610965128738666,855,284
espana,Gandesa,Gandesa,0.0013377597367084468,0.007827471066590192,777,532
espana,Gata,Gata,0.0016363832274642013,0.0025632133313770213,749,733
espana,Gavarda,Gavarda,0.009187808993781143,0.0029166833397802705,357,709
espana,Gerena,Gerena,0.006710099736084504,0.004452832873155398,432,647
espana,Gerindote,Gerindote,0.0023705915345202315,0.009723759853810139,674,483
espana,Gernika-Lumo,Gernika-Lumo,0.0022600300356330045,0.003670308074677764,686,682
espana,Getafe,Getafe,0.03239046551139024,0.054478842930377525,99,69
espana,Gilena,Gilena,0.007176053259889325,0.0027655137764380005,415,714
espana,Gimenells i el Pla de la Font,Gimenells i el Pla de la Font,0.001169130864978392,0.0416583301098647,797,116
espana,Gineta (La),Gineta (La),0.03455982211990792,0.023522428672420003,89,273
espana,Golmayo,Golmayo,0.0015848115032589774,0.001902958032661518,753,774
espana,Golmés,Golmés,0.01571728661891933,0.03204794742856126,232,169
espana,Grandas de Salime,Grandas de Salime,0.015265658198044553,0.020223375260656342,239,318
espana,Granja de Torrehermosa,Granja de Torrehermosa,0.017833269928765657,0.02445389995242605,208,267
espana,Granollers,Granollers,0.006575662986893832,0.007409531685585093,441,539
espana,Graus,Graus,0.000844256572486853,0.0015828342514661224,834,788
espana,Guadalajara,Guadalajara,0.0073325868192533955,0.02112594647708225,409,303
espana,Guadalcanal,Guadalcanal,0.004399792332078213,0.031356568984451764,549,184
espana,Guadalcázar,Guadalcázar,0.04375839222438362,0.007024938531787847,60,552
espana,Guadalupe,Guadalupe,0.011566304717139939,0.02897564836181101,299,224
espana,Guadassuar,Guadassuar,0.008668869237069032,0.020587960678128875,368,308
espana,Guardia (La),Guardia (La),0.09688456827355167,0.02253538034706753,3,285
espana,Guardiola de Berguedà,Guardiola de Berguedà,0.0014618063496834848,0.002358689804502185,764,745
espana,Guareña,Guareña,0.008011912651709002,0.011991303303944191,383,445
espana,Guaro,Guaro,0.00013384884980156548,0.0038148083925784635,902,675
espana,Gudiña (A),Gudiña (A),0.007589871817983019,8.892327255427654e-05,396,876
espana,Guijo de Galisteo,Guijo de Galisteo,0.0026024401215589627,0.003461338384175214,661,687
espana,Guijuelo,Guijuelo,0.05901219030340703,0.09265360383792844,31,15
espana,Gurrea de Gállego,Gurrea de Gállego,0.019641701513746602,0.055717099500695824,195,62
espana,Gérgal,Gérgal,0.001136151531441534,0.009728206017437853,802,481
espana,Haro,Haro,0.05288894504078923,0.004283878655302272,39,653
espana,Herrera del Duque,Herrera del Duque,0.02612007847347768,0.004346124946090266,142,649
espana,Higuera de la Sierra,Higuera de la Sierra,0.0038286088022585697,0.00890344266449694,584,503
espana,Higuera la Real,Higuera la Real,0.0023489900906485447,0.0016139573968601193,677,784
espana,Hondarribia,Hondarribia,7.854019811117097e-05,0.0,911,905
espana,Horcajo de Santiago,Horcajo de Santiago,0.005181001533058106,0.03241697900966151,507,166
espana,Hornachos,Hornachos,0.004016797779956715,0.010826408433483169,569,469
espana,Hostalets de Pierola (Els),Hostalets de Pierola (Els),0.013108700547834296,0.00933472053638518,270,492
espana,Huelva,Huelva,0.0013914314351427927,0.0018851733781506627,770,776
espana,Huerta de Rey,Huerta de Rey,0.008932840402788947,0.02314895092769204,362,277
espana,Huesca,Huesca,0.0061105707259180506,0.0003957085628665306,462,849
espana,Huete,Huete,0.009968908193494214,0.03287271078150218,334,162
espana,Huétor Tájar,Huétor Tájar,0.009758511619769882,0.009412528399870172,339,490
espana,Híjar,Híjar,0.010508474849838313,0.019185196053585162,317,335
espana,Ibias,Ibias,0.023226268523778258,0.01737338437529178,167,366
espana,Ibros,Ibros,0.05011563260657298,0.025034124305842703,45,266
espana,Igualada,Igualada,0.011982014938354883,0.025707718095441347,290,257
espana,Incio (O),Incio (O),0.004857315564821746,0.004590663945614527,527,644
espana,Irura,Irura,0.0006047759654416279,0.002027450614237505,849,767
espana,Iruña Oka/Iruña de Oca,Iruña Oka/Iruña de Oca,0.00531334310470957,0.008087571638811452,500,522
espana,Isla Mayor,Isla Mayor,0.003404722876071525,0.0015494880242582687,603,792
espana,Isona i Conca Dellà,Isona i Conca Dellà,0.0013340437515080613,0.0033479612116685117,779,694
espana,Itrabo,Itrabo,0.0015220897246080293,0.004792964390675505,759,633
espana,Iznatoraf,Iznatoraf,0.033285074416167536,0.028573270553502908,92,233
espana,Jabalquinto,Jabalquinto,0.005016320664550937,0.03641185702916239,519,143
espana,Jabugo,Jabugo,0.005037160968343827,0.007967525220863178,517,527
espana,Jaca,Jaca,0.0005243038407857045,0.0,860,905
espana,Jadraque,Jadraque,0.0038814316503285044,0.07654515301472124,578,24
espana,Jalance,Jalance,0.0422519252438972,0.028362077781186504,67,234
espana,Jamilena,Jamilena,0.010126005343452081,0.002674367422069867,330,723
espana,Jerez del Marquesado,Jerez del Marquesado,0.007381834508316253,0.006329113924050633,406,573
espana,Jimena de la Frontera,Jimena de la Frontera,0.0014034413700303057,0.00231200508641119,768,748
espana,Jonquera (La),Jonquera (La),5.6402438522615396e-05,0.0,920,905
espana,Jumilla,Jumilla,0.004792806799750785,0.014734586262243624,529,404
espana,Juneda,Juneda,0.022214542481816348,0.0066559069506875995,172,561
espana,Jérica,Jérica,0.042913132333598815,0.015821673269219655,64,384
espana,Lagartera,Lagartera,0.036282739507918986,0.04306554089803613,84,111
espana,Laguna de Duero,Laguna de Duero,0.044491172207982946,0.028855601943862736,57,226
espana,Lahiguera,Lahiguera,0.05354053372086728,0.042309693081324776,35,113
espana,Lalueza,Lalueza,0.0667588034081723,0.05513687514727917,20,64
espana,Lantejuela (La),Lantejuela (La),0.0017104991601152295,0.013018367101946086,731,428
espana,Laracha (A),Laracha (A),0.0014232762610729382,0.003136768439352105,767,702
espana,Lardero,Lardero,0.029875068671764014,0.03519805435879651,112,150
espana,Lasarte-Oria,Lasarte-Oria,6.959052720167659e-05,0.0016161804786739762,915,783
espana,Laudio/Llodio,Laudio/Llodio,0.005173841829134665,0.024336076616291634,508,268
espana,Lebrija,Lebrija,0.003255847945528718,0.005053064962896764,615,618
espana,Ledesma,Ledesma,0.011832781949533425,0.0059200668703009605,294,586
espana,Legutiano,Legutiano,0.014816436589008223,0.01392983064562742,244,414
espana,Leiro,Leiro,0.0007543813829119417,0.00507751886284919,839,617
espana,Lekunberri,Lekunberri,0.0024574610543620953,0.003399092093387221,668,692
espana,Lepe,Lepe,7.660885647783433e-06,0.002107481559536354,935,760
espana,Lerma,Lerma,0.04675576525799156,0.018046978164890422,54,349
espana,Lerín,Lerín,0.00827516601484244,0.01621293566845847,377,380
espana,Lesaka,Lesaka,5.728153249417816e-05,0.001878504132709092,919,777
espana,Letur,Letur,0.025609501036332864,0.03435995251497245,149,151
espana,Lezuza,Lezuza,0.03125369040262102,0.006513629714600757,101,565
espana,León,León,0.0102360810016177,0.02858660904438605,325,232
espana,Librilla,Librilla,0.0033967954613386294,0.016995460466936105,605,369
espana,Lillo,Lillo,0.010027793931034057,0.07113417187979351,333,28
espana,Limpias,Limpias,0.005441139662037082,0.0010693023524651754,493,824
espana,Liétor,Liétor,0.02639247125573772,0.039537510059445204,140,124
espana,Llanes,Llanes,0.012174004133232283,0.031398807538915045,286,182
espana,Lleida,Lleida,0.025825114015833983,0.02212633329331786,146,291
espana,Llerena,Llerena,0.004278314610990284,0.015639380560483387,556,387
espana,Logrosán,Logrosán,0.020527488200287738,0.031169830112087786,189,185
espana,Lominchar,Lominchar,0.01047967336979854,0.00321235322102324,320,699
espana,Lora del Río,Lora del Río,0.010775857598420827,0.02058351451450116,309,309
espana,Lorca,Lorca,0.006473981847673056,0.018051424328518136,445,348
espana,Lourenzá,Lourenzá,0.008475772704693602,0.0016072881514185484,372,785
espana,Lozoyuela-Navas-Sieteiglesias,Lozoyuela-Navas-Sieteiglesias,0.05351487847107433,0.021374931640234223,36,301
espana,Luisiana (La),Luisiana (La),0.013967464695406495,0.0036058387020759136,259,683
espana,Lumbier,Lumbier,0.0038571711754078046,0.0,582,905
espana,Lumbrales,Lumbrales,0.002076622203630413,2.8900063580139876e-05,699,889
espana,Lumpiaque,Lumpiaque,0.013659874765966579,0.02653470453019612,261,249
espana,Láncara,Láncara,0.016680801814708216,0.033186165317256,224,157
espana,Madrigal de la Vera,Madrigal de la Vera,0.03291194753521401,0.01891175699048076,98,340
espana,Madrigal de las Altas Torres,Madrigal de las Altas Torres,0.00785976775445417,0.01374309177326344,387,415
espana,Madroñera,Madroñera,0.02981126089897352,0.045624308065785435,113,104
espana,Magán,Magán,0.0052604917919196505,0.041129236638166755,502,119
espana,Mairena del Alcor,Mairena del Alcor,0.0035948183967740425,0.021546108939901207,593,299
espana,Malagón,Malagón,0.029321400514265964,0.006346898578561488,118,571
espana,Mallén,Mallén,0.0310588370573543,0.0002734390631044004,103,858
espana,Malpartida de Cáceres,Malpartida de Cáceres,0.023534478754938023,0.0012782720429677253,162,809
espana,Malpica de Bergantiños,Malpica de Bergantiños,0.00028800487623876494,0.0,882,905
espana,Manzanares el Real,Manzanares el Real,0.011129533937840361,0.008532188001582834,302,512
espana,Manzanilla,Manzanilla,0.003455850209705188,0.005586604598222424,599,594
espana,Marcilla,Marcilla,0.005228864045869191,0.03907066287853526,503,126
espana,Marinaleda,Marinaleda,0.016497327682564712,0.011050939696682718,226,463
espana,Martín de la Jara,Martín de la Jara,0.00940682315578661,0.01338962176486019,348,423
espana,María de Huerva,María de Huerva,0.03945631914053335,0.04989484823020457,76,83
espana,Mayorga,Mayorga,0.08282887476971842,0.006000097815599809,10,581
espana,Mazaricos,Mazaricos,4.531474688206355e-05,0.0021208200504194957,921,757
espana,Mazarrón,Mazarrón,0.0037082147118857518,0.0013005028611062944,589,808
espana,Mejorada,Mejorada,0.036420096838699414,0.04889001525034124,83,86
espana,Mejorada del Campo,Mejorada del Campo,0.00852022615198252,0.00885231178277823,370,505
espana,Melgar de Fernamental,Melgar de Fernamental,0.006855798154264795,0.048612130023609125,427,88
espana,Melide,Melide,0.005352552995609383,0.012120242049147892,497,442
espana,Membrilla,Membrilla,0.008277653551767178,0.032208009319158966,376,167
espana,Mendigorría,Mendigorría,0.010770246864712597,0.026301280939741142,310,253
espana,Merindad de Río Ubierna,Merindad de Río Ubierna,0.022143363966013435,0.07467554120926759,174,25
espana,Meruelo,Meruelo,0.013521422106245686,0.0,263,905
espana,Miengo,Miengo,0.00022586057658574324,2.2230818138569135e-05,892,891
espana,Miguelturra,Miguelturra,0.014737555866817131,0.04525083032105748,245,105
espana,Mijas,Mijas,0.001524701467920707,2.000773632471222e-05,758,892
espana,Minas de Riotinto,Minas de Riotinto,0.005378047026158293,0.008014209938954173,495,525
espana,Miño,Miño,0.00041899222760519443,0.00022675434501340518,870,862
espana,Moaña,Moaña,0.0003002838936230626,0.00016895421785312543,881,868
espana,Moeche,Moeche,0.0005341152417936114,0.0015405956970028411,858,794
espana,Mogente/Moixent,Mogente/Moixent,0.008869374117375615,0.016815390840013694,364,374
espana,Moià,Moià,0.001991717979738886,0.015332595270171133,707,395
espana,Molar (El),Molar (El),0.0027637540367789265,0.04812527510637447,649,92
espana,Molares (Los),Molares (Los),0.0033075687817912015,0.013551906737271744,611,421
espana,Molina de Aragón,Molina de Aragón,0.0,0.0,943,905
espana,Molinicos,Molinicos,0.01952883416723689,0.0256276871501425,196,258
espana,Molledo,Molledo,0.009530172980621322,0.011851249149671205,344,447
espana,Mollet del Vallès,Mollet del Vallès,0.001650091041555996,0.004941910872203918,746,625
espana,Mombeltrán,Mombeltrán,0.019664273168516634,0.020172244378937634,194,319
espana,Monesterio,Monesterio,0.008205732733031568,0.009741544508320994,378,480
espana,Monreal del Campo,Monreal del Campo,0.04385344681943239,0.039092893696673826,59,125
espana,Montbrió del Camp,Montbrió del Camp,0.027918874115858923,0.05088634271918475,128,79
espana,Montejícar,Montejícar,0.0032815578543642634,0.011964626322177908,613,446
espana,Monterrei,Monterrei,0.0013608228773854896,0.001931858096241658,775,772
espana,Monterroso,Monterroso,0.007434688443769014,0.029578103533366235,402,214
espana,Monterrubio de la Serena,Monterrubio de la Serena,0.013223539817871024,0.015494880242582687,268,390
espana,Montesinos (Los),Montesinos (Los),0.0005314181907946454,0.0018451579055012383,859,778
espana,Montiel,Montiel,0.009560535789484752,0.0024031514407793237,342,742
espana,Montroy,Montroy,0.0042556052728807605,0.003236807120975666,557,698
espana,Monturque,Monturque,0.006078584255231507,0.02213522562057329,464,290
espana,Montánchez,Montánchez,0.023873164184956636,0.009185774054856767,160,494
espana,Moraña,Moraña,0.004335655634533926,0.002180843259393632,553,754
espana,Morella,Morella,0.02417334790272064,0.013031705592829228,156,427
espana,Morón de la Frontera,Morón de la Frontera,0.004794244991091652,0.005350957925953591,528,602
espana,Mos,Mos,0.0010042297737027732,0.0019918813052157945,816,769
espana,Mota del Cuervo,Mota del Cuervo,0.011019057085224186,0.00528648855335174,303,606
espana,Motilla del Palancar,Motilla del Palancar,0.011864902092364692,0.033077234308377015,293,161
espana,Motril,Motril,7.409430427743186e-05,0.0,913,905
espana,Mozoncillo,Mozoncillo,0.00817511224056198,0.004828533699697216,379,630
espana,Mundaka,Mundaka,0.0012560398505248648,8.892327255427654e-06,783,900
espana,Mungia,Mungia,0.0017222874724368879,0.0,729,905
espana,Muros,Muros,3.011484585489078e-05,6.446937260185049e-05,926,878
espana,Muros de Nalón,Muros de Nalón,0.00457759297073615,0.005544366043759142,539,597
espana,Muxía,Muxía,1.3322037836518966e-05,0.0,931,905
espana,Muíños,Muíños,9.28055847297211e-05,3.779239083556753e-05,908,885
espana,Móstoles,Móstoles,0.00650209080089388,0.0061090288244787985,444,577
espana,Nava de Santiago (La),Nava de Santiago (La),0.015552010946853583,0.004210516955444994,234,658
espana,Nava de la Asunción,Nava de la Asunción,0.015231528384529992,0.10008314325983825,240,12
espana,Navahermosa,Navahermosa,0.001672038068276516,0.017973616465033145,739,351
espana,Navalafuente,Navalafuente,0.0033846232159749283,0.03983540302250203,606,123
espana,Navalcán,Navalcán,0.0044255653838360985,0.012520396775642137,545,434
espana,Navalmoral de la Mata,Navalmoral de la Mata,0.023136154917267376,0.03137213055714876,168,183
espana,Navalucillos (Los),Navalucillos (Los),0.001464300247895163,0.0060890210881540865,763,579
espana,Navaluenga,Navaluenga,0.006095198332317473,0.004877441499602069,463,628
espana,Navalvillar de Pela,Navalvillar de Pela,0.015328602396716845,0.01968316637988911,237,328
espana,Navas de la Concepción (Las),Navas de la Concepción (Las),0.029730588844430864,0.004924126217693063,115,626
espana,Navas del Madroño,Navas del Madroño,0.0009710497484846834,0.018420455909618386,819,343
espana,Navas del Marqués (Las),Navas del Marqués (Las),0.01231966821422743,0.036440757092742526,282,142
espana,Navas del Rey,Navas del Rey,0.017507501594046366,0.021866232721096602,214,294
espana,Nerpio,Nerpio,0.030891837645645848,0.029773734732985644,104,209
espana,Nevada,Nevada,0.0010517299382924639,0.0071094156407144095,812,548
espana,Nigrán,Nigrán,7.434189740050955e-05,7.113861804342123e-05,912,877
espana,Noalejo,Noalejo,0.005937933107242641,0.01232476557602273,475,437
espana,Noblejas,Noblejas,0.032967165489074045,0.0597942315473094,96,51
espana,Nogais (As),Nogais (As),0.04276790574581422,0.05698870229822198,65,59
espana,Noia,Noia,0.000869539882902005,0.0004868549172346641,830,844
espana,Novelda,Novelda,0.004147652592524078,0.0008269864347547718,565,830
espana,Nucia (la),Nucia (la),0.00033687003793773614,0.00022675434501340518,876,862
espana,Nules,Nules,0.021745073399755663,0.0002156389359441206,178,864
espana,Nájera,Nájera,0.016307739944638466,0.04898338468652323,227,85
espana,Níjar,Níjar,0.0010772225267028875,0.00044906252639909653,808,847
espana,Obejo,Obejo,0.017678987130139486,0.032701533481835195,211,164
espana,Ogíjares,Ogíjares,0.007340551834902967,0.005161995971775754,408,611
espana,Ojén,Ojén,0.0012238623846660406,0.001207133424924304,787,814
espana,Olazti/Olazagutía,Olazti/Olazagutía,0.004763472738696058,0.03315948833548972,534,159
espana,Olesa de Montserrat,Olesa de Montserrat,0.010171530111710745,0.012656004766287409,329,433
espana,Oliana,Oliana,0.006592936340734692,0.0054109811349277274,440,599
espana,Oliva de la Frontera,Oliva de la Frontera,0.0035634631338541238,0.0008180941074993442,596,832
espana,Olocau,Olocau,0.006930921985304897,0.01470790928047734,425,405
espana,Olot,Olot,0.000827250167293019,0.0013738645609635725,835,804
espana,Olula del Río,Olula del Río,0.004389603319289494,0.0023231204954804745,550,747
espana,Ondara,Ondara,7.367743479392454e-06,0.0013805338064051434,936,803
espana,Onil,Onil,0.0033511480932278295,0.014209938954173391,607,410
espana,Ontur,Ontur,0.016654694763981546,0.03873497752464286,225,130
espana,Orcera,Orcera,0.05924895727522432,0.022108548638807006,29,292
espana,Ordizia,Ordizia,0.003449142941374664,0.0021208200504194957,600,757
espana,Orgaz,Orgaz,0.0050986625007573205,0.017431184502452058,513,364
espana,Oria,Oria,0.006633163856704772,0.004797410554303219,438,632
espana,Ossa de Montiel,Ossa de Montiel,0.012898032006833739,0.014999132998092595,273,397
espana,Osuna,Osuna,0.001315970372161983,0.0066536838688737426,780,562
espana,Paderne,Paderne,0.0024118394099034448,0.0002134158541302637,672,865
espana,Padrenda,Padrenda,0.002740707316349838,0.005686643279845985,651,590
espana,Palacios del Sil,Palacios del Sil,0.018481940717155726,0.0010359561252573216,207,825
espana,Palacios y Villafranca (Los),Palacios y Villafranca (Los),0.0028814413735455185,0.006987146140952279,640,553
espana,Palafolls,Palafolls,0.0022652271141517947,5.3353963532565924e-05,685,882
espana,Palafrugell,Palafrugell,3.8435075381313815e-05,0.0,923,905
espana,Palencia,Palencia,0.01677544879355714,0.0,222,905
espana,Pallaresos (Els),Pallaresos (Els),0.002120386258365081,0.006342452414933774,696,572
espana,Pallejà,Pallejà,0.001722306434953142,0.004979703263039486,728,622
espana,Palomares del Río,Palomares del Río,0.005949608973674553,0.0039170701560158816,473,673
espana,Pantoja,Pantoja,0.02150946629420413,0.005982313161088954,181,583
espana,Pantón,Pantón,0.019212311599996583,0.020170021297123777,200,320
espana,Paradas,Paradas,0.005957021631771728,0.008645565174089537,472,508
espana,Paredes de Nava,Paredes de Nava,0.00386472973419755,0.009792675390039704,581,479
espana,Parra (La),Parra (La),0.001650420897744034,0.009094627700488633,745,498
espana,Paterna de Rivera,Paterna de Rivera,0.001432272418584392,0.0027343906310440037,765,717
espana,Paymogo,Paymogo,6.85420043952793e-06,0.0,937,905
espana,Pedernoso (El),Pedernoso (El),0.04866652108342264,0.035302539204047786,47,149
espana,Pedraja de Portillo (La),Pedraja de Portillo (La),0.003915664269884049,0.08732709981192728,575,20
espana,Pedrajas de San Esteban,Pedrajas de San Esteban,0.07059475292800887,0.08942346596239435,17,18
espana,Pedro Martínez,Pedro Martínez,0.012760365828714577,0.011175432278258705,276,461
espana,Pedroche,Pedroche,0.033024868463248966,0.003339068884413084,95,695
espana,Pedroso (El),Pedroso (El),0.007752696585121772,0.02685705139320537,392,244
espana,Pegalajar,Pegalajar,0.004575463711459694,0.020712453259704864,540,306
espana,Perelló (El),Perelló (El),0.0659259215697385,0.06442935712920107,22,47
espana,Peroxa (A),Peroxa (A),0.007541768126305445,0.017973616465033145,398,351
espana,Peñafiel,Peñafiel,0.006142692892697489,0.017164414684789228,459,368
espana,Peñaflor,Peñaflor,0.01258828691052993,0.019314134798788865,277,331
espana,Peñalsordo,Peñalsordo,0.011707962952046206,0.03699875062802061,297,138
espana,Peñamellera Baja,Peñamellera Baja,0.04232353438400285,0.0007247246713173539,66,835
espana,Peñaranda de Bracamonte,Peñaranda de Bracamonte,0.006299612991417468,0.0019629812416356546,452,770
espana,Peñarroya-Pueblonuevo,Peñarroya-Pueblonuevo,0.007263688693702683,0.02627460395797486,411,254
espana,Piedrabuena,Piedrabuena,0.01491619361707247,0.053398425168843064,241,71
espana,Piedrahíta,Piedrahíta,0.022581641383826682,0.006949353750116712,171,555
espana,Pilas,Pilas,0.0010617057003805405,0.003496907693196925,810,685
espana,Pinar (El),Pinar (El),0.01368379214764703,0.016584190331372574,260,377
espana,Pino (O),Pino (O),0.011010654110513976,0.011508894550337241,304,455
espana,Pinos Genil,Pinos Genil,0.010312266505019332,0.011713418077212077,322,450
espana,Pinseque,Pinseque,0.016085070246336118,0.030751890731082684,230,190
espana,Pioz,Pioz,0.01256981138362063,0.03046066701346743,278,198
espana,Plasencia,Plasencia,0.027832382013244464,0.008185387238621156,129,517
espana,Plentzia,Plentzia,0.0005958078279814264,0.0003312391902646801,852,854
espana,Pliego,Pliego,0.0056824743174650185,0.004750725836212224,483,637
espana,Pobla Tornesa (la),Pobla Tornesa (la),0.006271076956144459,0.07017824669983505,453,29
espana,Pobla de Farnals (la),Pobla de Farnals (la),0.007434109292039836,0.019838782106859097,403,323
espana,Pobla de Montornès (La),Pobla de Montornès (La),0.004769017840330123,0.0,533,905
espana,Pobla de Segur (La),Pobla de Segur (La),0.009468744721708309,0.004159386073726285,346,662
espana,Pobla del Duc (la),Pobla del Duc (la),0.00451679002910752,0.0037881314108121804,542,677
espana,Pobra de Trives (A),Pobra de Trives (A),0.0041523230066544715,0.0260456265311476,564,255
espana,Pobra do Caramiñal (A),Pobra do Caramiñal (A),0.00048649667885564336,0.00010893100887898876,867,875
espana,Poio,Poio,0.00015572026739844145,0.00020230044506097913,898,866
espana,Pol,Pol,0.012888860984643537,0.013018367101946086,274,428
espana,Polopos,Polopos,0.0002434158138232801,0.0011737871977164503,887,816
espana,Polán,Polán,0.0044804306862191124,0.014561185880762783,543,408
espana,Ponts,Ponts,0.0023623546554283827,0.02678591277516195,675,245
espana,Port de la Selva (El),Port de la Selva (El),3.705136356428189e-07,0.0,942,905
espana,Portas,Portas,0.00015932795221476156,0.00036236233565867693,896,851
espana,Portillo de Toledo,Portillo de Toledo,0.010657051778866907,0.017626815702071467,313,359
espana,Portomarín,Portomarín,0.023298206145070534,0.031589992574906745,165,179
espana,Posadas,Posadas,0.01188822256292288,0.02970926536038379,291,210
espana,Potes,Potes,0.0024951854163932597,0.002749952203741002,667,715
espana,Pozo Alcón,Pozo Alcón,0.0024546530479451194,0.011666733359121082,669,452
espana,Pozo Cañada,Pozo Cañada,0.012484975394961966,0.019327473289672006,280,330
espana,Pozohondo,Pozohondo,0.0144089122469277,0.019531996816546843,252,329
espana,Pozuelo de Alarcón,Pozuelo de Alarcón,0.011290171256414634,0.06983144593687336,300,30
espana,Prats de Lluçanès,Prats de Lluçanès,0.002617799121049107,0.011179878441886419,660,460
espana,Premià de Dalt,Premià de Dalt,0.001173642874797848,2.445389995242605e-05,795,890
espana,Priego,Priego,0.0,0.0,943,905
espana,Priego de Córdoba,Priego de Córdoba,0.00973718832949092,0.021546108939901207,340,299
espana,Provencio (El),Provencio (El),0.005320218610009966,0.060303317282682636,499,50
espana,Puebla de Alcocer,Puebla de Alcocer,0.009857770180447466,0.03578272487584088,338,146
espana,Puebla de Alfindén (La),Puebla de Alfindén (La),0.00229379137639753,0.012355888721416726,681,436
espana,Puebla de Cazalla (La),Puebla de Cazalla (La),0.007857663824613427,0.008120917866019305,388,521
espana,Puebla de Don Fadrique,Puebla de Don Fadrique,0.029066177105903715,0.028355408535744933,120,235
espana,Puebla de Don Rodrigo,Puebla de Don Rodrigo,0.05950975649474901,0.03718548950038459,28,137
espana,Puebla de Guzmán,Puebla de Guzmán,0.0008103583647442454,0.0002667698176628296,837,859
espana,Puebla de Sanabria,Puebla de Sanabria,0.0021074815595363543,0.002107481559536354,697,760
espana,Puebla de Sancho Pérez,Puebla de Sancho Pérez,0.006168717729598845,0.018362655782458107,457,346
espana,Puebla de la Calzada,Puebla de la Calzada,0.00496151117385387,0.009116858518627202,524,495
espana,Pueblonuevo del Guadiana,Pueblonuevo del Guadiana,0.0020282863672134296,0.003965977955920734,701,671
espana,Puerto Lumbreras,Puerto Lumbreras,0.009549156185363243,0.012040211103849044,343,444
espana,Puerto Serrano,Puerto Serrano,0.003204456333050726,0.008959019709843362,619,500
espana,Puerto de Santa María (El),Puerto de Santa María (El),0.0011768679236869358,0.001102648579673029,794,822
espana,Puigcerdà,Puigcerdà,0.0011573171459035854,0.0,799,905
espana,Puigverd de Lleida,Puigverd de Lleida,0.007511880823378223,0.019067372717450747,399,339
espana,Pulianas,Pulianas,0.003964194407012748,0.0015272572061196996,573,795
espana,Pulpí,Pulpí,0.00148577608174128,0.002645467358489727,761,727
espana,Purullena,Purullena,0.009957695570834346,0.009572590290467869,335,486
espana,Quart de Poblet,Quart de Poblet,0.0027496968246806734,0.012724920302516972,650,431
espana,Quel,Quel,0.030410772778460833,0.019096272781030887,106,337
espana,Quesada,Quesada,0.006006358913687809,0.0043327864552071245,470,650
espana,Quintanar de la Orden,Quintanar de la Orden,0.031110806673666568,0.05280486232454327,102,73
espana,Quinto,Quinto,0.027494745763368907,0.0482008598880456,131,90
espana,Ramales de la Victoria,Ramales de la Victoria,0.004406624568418789,0.029936019705397197,548,206
espana,Rambla (La),Rambla (La),0.012325961034333505,0.017815777656249306,281,357
espana,Rascafría,Rascafría,0.03926878521921182,0.040253342403507135,77,121
espana,Real de la Jara (El),Real de la Jara (El),0.0034724583791036203,0.01096201642412844,598,465
espana,Regueras (Las),Regueras (Las),0.002974963110123683,0.0014739032425871337,632,799
espana,Reocín,Reocín,0.022011340477508627,0.030291712795614302,176,202
espana,Reus,Reus,0.0044799069424524334,0.0034524460569197867,544,689
espana,Ribas de Sil,Ribas de Sil,0.009375224784729741,0.01969872795258611,351,327
espana,Ribera Baja/Erribera Beitia,Ribera Baja/Erribera Beitia,0.01416977501052317,0.009439205381636454,257,489
espana,Ribera de Arriba,Ribera de Arriba,0.004385440298425946,0.023493528608839864,551,275
espana,Ricla,Ricla,0.04954244139563804,0.05654853209907831,46,60
espana,Riells i Viabrea,Riells i Viabrea,0.004223537777981256,0.006822638086726868,558,556
espana,Rinconada (La),Rinconada (La),0.0068049762417319104,0.012680458666239834,428,432
espana,Rincón de Soto,Rincón de Soto,0.009927973556069218,0.030240581913895594,337,203
espana,Riola,Riola,0.003848484613349235,0.0024120437680347512,583,741
espana,Rionansa,Rionansa,0.007250789091225023,0.0026610289311867256,412,725
espana,Riosa,Riosa,0.00938120402687666,0.013442975728392755,350,422
espana,Riotorto,Riotorto,0.0016787564208840622,0.011324378759787118,736,457
espana,Riudellots de la Selva,Riudellots de la Selva,0.00032088021617565155,0.0022453126319954826,878,751
espana,Riópar,Riópar,0.01671894604414642,0.027799638082280705,223,237
espana,Riós,Riós,0.0010671040309295824,0.0059000591339762485,809,587
espana,Roa,Roa,0.0018363956229840886,0.016475259322493586,719,379
espana,Robla (La),Robla (La),0.012177380637211434,0.021808432593936323,285,295
espana,Robledo (El),Robledo (El),0.050808210383495894,0.05480341287520063,43,68
espana,Roca de la Sierra (La),Roca de la Sierra (La),0.014572836996433572,0.014927994380049174,248,398
espana,Rojales,Rojales,0.0009139063864749504,0.0004757395081653795,825,846
espana,Ronquillo (El),Ronquillo (El),0.011200322803844833,0.011062055105752002,301,462
espana,Roquetas de Mar,Roquetas de Mar,0.00039717827737519176,0.0004868549172346641,872,844
espana,Roquetes,Roquetes,0.0008885520850462472,0.007883048111936615,828,530
espana,Rosal (O),Rosal (O),0.0,0.0,943,905
espana,Rosal de la Frontera,Rosal de la Frontera,0.0010578902958776118,0.0,811,905
espana,Rosalejo,Rosalejo,0.008753838350031943,0.0028699986216892755,365,711
espana,Rossell,Rossell,0.006968829868502402,0.017508992365937052,423,362
espana,Rosselló,Rosselló,0.01023652899344421,0.012811620493257393,324,430
espana,Rueda,Rueda,0.009171477597607367,0.03317282682637286,358,158
espana,Rábade,Rábade,0.006214690622057066,0.025581002432051504,455,259
espana,Rúa (A),Rúa (A),0.027281073673071417,0.04870772254160498,134,87
espana,Sabero,Sabero,0.008057174800049853,0.03903287048769969,382,127
espana,Sabiñánigo,Sabiñánigo,0.006892607231200815,0.007509570367208654,426,538
espana,Sacedón,Sacedón,0.007499440178546424,0.028944525216417015,400,225
espana,Salas de los Infantes,Salas de los Infantes,0.018780728628336185,0.015966173587120353,205,382
espana,Salceda de Caselas,Salceda de Caselas,0.0008514956724150329,0.002027450614237505,833,767
espana,Saldaña,Saldaña,0.025367083718414615,0.0053531810077674475,150,601
espana,Sallent de Gállego,Sallent de Gállego,0.0,0.0,943,905
espana,Salt,Salt,0.0015973308022487914,0.002029673696051362,752,766
espana,Salvaleón,Salvaleón,0.006012880314461676,0.006320221596795205,469,574
espana,Salvatierra/Agurain,Salvatierra/Agurain,0.008428608616376737,0.007989756039001747,374,526
espana,San Adrián,San Adrián,0.034696704496302744,6.6692454415707406e-06,87,901
espana,San Bartolomé de la Torre,San Bartolomé de la Torre,0.0011639149748189205,0.00282331390359828,798,713
espana,San Carlos del Valle,San Carlos del Valle,0.01067839272391422,0.03146105382970304,312,181
espana,San Cibrao das Viñas,San Cibrao das Viñas,0.004543790357869963,0.008256525856664577,541,516
espana,San Cristóbal de Segovia,San Cristóbal de Segovia,0.017692631750073785,0.11303926407099633,210,7
espana,San Fernando,San Fernando,0.00024773025935030115,0.00015561572696998395,885,870
espana,San Justo de la Vega,San Justo de la Vega,0.048111740146971414,0.1472902855770898,49,1
espana,San Leonardo de Yagüe,San Leonardo de Yagüe,0.0013150134610835408,0.0031389915211659618,782,701
espana,San Lorenzo de El Escorial,San Lorenzo de El Escorial,0.005005554707274546,0.0014249954426822815,520,800
espana,San Lorenzo de la Parrilla,San Lorenzo de la Parrilla,0.004348122947336906,0.031774508365456866,552,175
espana,San Martín del Rey Aurelio,San Martín del Rey Aurelio,0.022879282009508072,0.002538759431424595,170,735
espana,San Mateo de Gállego,San Mateo de Gállego,0.06678499413663067,0.017762423692716738,19,358
espana,San Pablo de los Montes,San Pablo de los Montes,0.044104823172997916,0.05284043163356498,58,72
espana,San Pedro,San Pedro,0.028172031358967595,0.038875031678915845,127,129
espana,San Pedro del Pinatar,San Pedro del Pinatar,0.0005193283942164495,0.0012226949976213025,862,813
espana,San Roque,San Roque,0.0011458680909703152,0.0020919199868393557,800,763
espana,San Vicente de Alcántara,San Vicente de Alcántara,8.561097565867209e-05,0.0,909,905
espana,San Vicente de la Barquera,San Vicente de la Barquera,0.005974474823370994,0.030547367204207847,471,197
espana,Sandiás,Sandiás,0.00015122192041950677,0.0023297897409220456,900,746
espana,Sanlúcar de Barrameda,Sanlúcar de Barrameda,0.001391250855103912,0.0,771,905
espana,Sant Andreu de Llavaneres,Sant Andreu de Llavaneres,0.0005193607497281761,0.0020430121869345033,861,765
espana,Sant Antoni de Vilamajor,Sant Antoni de Vilamajor,0.0010988392149372105,0.0034057613388287916,806,691
espana,Sant Climent de Llobregat,Sant Climent de Llobregat,0.003096323242145845,3.33462272078537e-05,623,887
espana,Sant Feliu de Pallerols,Sant Feliu de Pallerols,0.0009441233465892401,0.004790741308861648,822,634
espana,Sant Fruitós de Bages,Sant Fruitós de Bages,0.005830947475971248,0.00015783880878384086,480,869
espana,Sant Guim de Freixenet,Sant Guim de Freixenet,0.015693491080367605,0.029916011969072485,233,208
espana,Sant Hilari Sacalm,Sant Hilari Sacalm,0.0021649205588173534,0.013738645609635726,691,416
espana,Sant Iscle de Vallalta,Sant Iscle de Vallalta,0.0016716477899858474,4.001547264942444e-05,740,884
espana,Sant Llorenç de Morunys,Sant Llorenç de Morunys,0.0009824026368596551,0.004419486645947544,817,648
espana,Sant Martí Sarroca,Sant Martí Sarroca,0.0024161533891788657,0.012298088594256445,671,438
espana,Sant Mateu,Sant Mateu,0.00907187742731557,0.01838266351878282,360,345
espana,Sant Pere de Ribes,Sant Pere de Ribes,0.0018234537498640108,0.0027410598764855743,721,716
espana,Sant Pere de Riudebitlles,Sant Pere de Riudebitlles,0.0029708871898281013,0.0009181327891229053,633,827
espana,Santa Amalia,Santa Amalia,0.0019347885050387734,0.0445839057769004,714,107
espana,Santa Bárbara de Casa,Santa Bárbara de Casa,0.00016940118957697186,0.0030167220214038317,895,707
espana,Santa Cristina d'Aro,Santa Cristina d'Aro,1.8326439165780856e-05,0.0009537020981446159,929,826
espana,Santa Cruz de la Zarza,Santa Cruz de la Zarza,0.005471206373685453,0.005599943089105565,491,592
espana,Santa Elena,Santa Elena,0.005670143585971897,0.0356426707215679,484,147
espana,Santa Marina del Rey,Santa Marina del Rey,0.06686750314808868,0.029311333715703405,18,218
espana,Santa Pola,Santa Pola,0.000820593332761816,0.00017117729966698234,836,867
espana,Santiago-Pontones,Santiago-Pontones,0.014300657085524042,0.009114635436813345,256,496
espana,Santibáñez de Vidriales,Santibáñez de Vidriales,0.002992324595427836,0.0,630,905
espana,Santo Domingo de la Calzada,Santo Domingo de la Calzada,0.010445825035598188,0.05396975719500429,321,70
espana,Santo Tomé,Santo Tomé,0.01914963908639848,0.0016006189059769777,202,786
espana,Santovenia de Pisuerga,Santovenia de Pisuerga,0.02860335888687992,0.031027552876000942,124,186
espana,Santovenia de la Valdoncina,Santovenia de la Valdoncina,0.010121374441172122,0.0228466118010075,331,282
espana,Santurtzi,Santurtzi,0.00038784466117365655,0.0015850573332799793,874,787
espana,Sarrión,Sarrión,0.001643009778108147,0.01571496534215452,747,386
espana,Sartaguda,Sartaguda,0.011887028721911946,0.04272540938051602,292,112
espana,Saviñao (O),Saviñao (O),0.001989061425445774,0.0009159097073090484,709,828
espana,Sayalonga,Sayalonga,0.0003197563663721321,0.0,880,905
espana,Segorbe,Segorbe,0.0039660329780919394,0.06360459377626015,572,49
espana,Segura,Segura,0.0025183718704260252,0.005313165535118024,665,605
espana,Segura de León,Segura de León,0.001789804573942597,0.00477517973616465,723,635
espana,Selaya,Selaya,0.010031598544354708,0.032010155037725696,332,171
espana,Sepúlveda,Sepúlveda,0.05158380227071146,0.030649628967645268,42,194
espana,Serrada,Serrada,0.0021614964261790727,0.0,694,905
espana,Serradilla,Serradilla,0.009196847533176974,0.0026321288676065856,356,730
espana,Setenil de las Bodegas,Setenil de las Bodegas,0.0021756943335169104,0.0037903544926260377,690,676
espana,Seu d'Urgell (La),Seu d'Urgell (La),0.005094369100650576,0.0006758168714125017,514,840
espana,Siero,Siero,0.026786052451894315,0.021588347494364488,136,298
espana,Siete Aguas,Siete Aguas,0.005131039592607389,0.015394841560959126,511,392
espana,Sigüenza,Sigüenza,0.08393128320903459,0.10291979565431966,9,11
espana,Sils,Sils,0.0029623631491809267,0.003970424119548448,634,669
espana,Siruela,Siruela,0.006469054388323993,0.01667533668574071,446,376
espana,Socuéllamos,Socuéllamos,0.04336967094440082,0.0306273981495067,61,196
espana,Solsona,Solsona,0.0014782400689882331,0.01800473961042714,762,350
espana,Sondika,Sondika,0.0017050770339769982,0.0038903931742495985,733,674
espana,Sort,Sort,0.0010360544118265481,0.0011515563795778813,813,817
espana,Soses,Soses,0.005558128808034114,0.019723181852538536,487,326
espana,Sotonera (La),Sotonera (La),0.006129469379027976,0.01083307767892474,460,468
espana,Soutomaior,Soutomaior,0.00024644772837985617,0.002414266849848608,886,740
espana,Subirats,Subirats,0.003349873041555258,0.000618016744252222,608,842
espana,Sástago,Sástago,0.010508474849838313,0.020381214069440184,317,314
espana,Súria,Súria,0.0031235265363085025,0.00952145940874916,622,488
espana,Tabernas,Tabernas,0.002390581563542527,0.0021185969686056388,673,759
espana,Tafalla,Tafalla,0.002674857301329137,0.036398518538279245,656,144
espana,Talayuelas,Talayuelas,0.009418569861654702,0.023931475726169674,347,271
espana,Tarancón,Tarancón,0.0016722507969613228,0.027950807645622973,738,236
espana,Tarazona de la Mancha,Tarazona de la Mancha,0.03878356440929611,0.047765135852529644,79,94
espana,Tarifa,Tarifa,1.018912498017752e-06,0.0,941,905
espana,Teruel,Teruel,0.0009785563874728923,0.03739890535451486,818,134
espana,Teulada,Teulada,0.0,0.0,943,905
espana,Teverga,Teverga,0.04820917359094354,0.0011182101523700275,48,820
espana,Tibi,Tibi,0.003227368805384035,0.00608679800634023,617,580
espana,Tielmes,Tielmes,0.007405306666538742,0.006669245441570741,405,560
espana,Tineo,Tineo,0.02104462950080149,0.004163832237353999,186,660
espana,Tobarra,Tobarra,0.027339402580931146,0.030671859785783837,132,192
espana,Tocina,Tocina,0.029018951326480972,0.03175894679275987,121,176
espana,Tordoia,Tordoia,0.003416684043339769,0.007333946903913958,602,542
espana,Torelló,Torelló,0.0044097046037255856,0.008934565809890936,547,501
espana,Toro,Toro,0.08818733558735521,0.06818636539461925,6,34
espana,Torquemada,Torquemada,0.000498256597562529,0.04181394583683468,865,114
espana,Torralba de Calatrava,Torralba de Calatrava,0.00662301313466899,0.013643053091639878,439,419
espana,Torre de Miguel Sesmero,Torre de Miguel Sesmero,0.0022800287355413122,0.003132322275724391,682,703
espana,Torre-Pacheco,Torre-Pacheco,0.002928617404793371,0.001238256570318301,636,812
espana,Torrecillas de la Tiesa,Torrecillas de la Tiesa,0.038115416571672035,0.04343012631550866,80,110
espana,Torrejón de la Calzada,Torrejón de la Calzada,0.00869535129945836,0.0008803403982873378,367,829
espana,Torrejón del Rey,Torrejón del Rey,0.005474620476273271,0.06774174903184788,490,36
espana,Torrente de Cinca,Torrente de Cinca,0.03560111133872293,0.028597724453455334,86,231
espana,Torrenueva,Torrenueva,0.012563689847606259,0.023635805844926704,279,272
espana,Torreorgaz,Torreorgaz,0.00535567983857714,0.006375798642141628,496,570
espana,Torreperogil,Torreperogil,0.0008955458678323673,0.03044510544077043,827,199
espana,Torà,Torà,0.013377972414795611,0.013567468309968743,267,420
espana,Totana,Totana,0.01073663009652383,0.016793160021875125,311,375
espana,Trabazos,Trabazos,0.0,0.0,943,905
espana,Trasmiras,Trasmiras,0.0030298989078418855,0.0003423545993339647,627,853
espana,Traspinedo,Traspinedo,0.00497113733892087,0.03064073664038984,523,195
espana,Trespaderne,Trespaderne,0.014697425886218479,0.032748218199926196,247,163
espana,Trigueros,Trigueros,0.0016376710197689645,0.002460951567939603,748,738
espana,Trijueque,Trijueque,0.07952553967211791,0.020445683442042034,12,312
espana,Trujillanos,Trujillanos,0.009934955636096861,0.0081676025841103,336,520
espana,Turre,Turre,0.0007211258859022456,6.446937260185049e-05,840,878
espana,Tàrrega,Tàrrega,0.015438765746221465,0.0412092675834656,235,118
espana,Térmens,Térmens,0.0013886666197678683,0.03312614210828187,772,160
espana,Tíjola,Tíjola,0.001170077421492994,0.007709647730455776,796,535
espana,Uceda,Uceda,0.014544939972224627,0.015381503070075984,249,394
espana,Uleila del Campo,Uleila del Campo,0.0005556137258918458,0.011829018331532637,857,448
espana,Ullà,Ullà,6.313943309924018e-05,1.7784654510855308e-05,918,894
espana,Ultzama,Ultzama,0.001778982578971382,0.003777016001742896,725,678
espana,Unión (La),Unión (La),8.549320086234096e-05,0.0,910,905
espana,Urkabustaiz,Urkabustaiz,0.007637564847564275,0.014861301925633466,395,401
espana,Urretxu,Urretxu,0.0013985824839023628,0.00399710110131473,769,668
espana,Useras/Useres (les),Useras/Useres (les),0.025129197856052183,0.028786686407633173,152,227
espana,Utiel,Utiel,0.019712205141509977,0.08740046151178456,193,19
espana,Utrillas,Utrillas,0.0023369642317468795,0.0014005415427298556,678,802
espana,Valadouro (O),Valadouro (O),0.004159075272704858,0.002703267485650007,562,719
espana,Valdecaballeros,Valdecaballeros,0.00028629433057395935,0.0303383975137053,883,200
espana,Valdeganga,Valdeganga,0.006762600425312258,0.054850097593291625,429,67
espana,Valdegovía/Gaubea,Valdegovía/Gaubea,0.04511075518739117,0.026954866993015077,56,243
espana,Valdeolmos-Alalpardo,Valdeolmos-Alalpardo,0.02650491384097858,0.0011204332341838844,138,819
espana,Valdepolo,Valdepolo,0.02649618614537236,0.001827373250990383,139,779
espana,Valderas,Valderas,0.043059511002425416,0.029684811460431365,63,211
espana,Valderredible,Valderredible,0.026057606173992852,0.03830814581638233,144,133
espana,Valderrobres,Valderrobres,0.010216212711696296,0.014183261972407109,326,411
espana,Valdés,Valdés,0.002335946170754372,0.004884110745043639,679,627
espana,Valencia del Ventoso,Valencia del Ventoso,0.007044316898098584,0.017391169029802634,420,365
espana,Vall de Boí (La),Vall de Boí (La),0.00015631061570896518,0.0013538568246388603,897,805
espana,Valle de Santa Ana,Valle de Santa Ana,0.0029005295760638453,0.008927896564449365,638,502
espana,Valle del Zalabí,Valle del Zalabí,0.001997164829738378,0.011317709514345548,706,459
espana,Valmojado,Valmojado,0.013107497796357488,0.020868068986674846,271,305
espana,Valverde de Júcar,Valverde de Júcar,0.006534356969620995,0.031818970001734004,443,174
espana,Valverde de Leganés,Valverde de Leganés,0.0016532533135508933,0.0023653590499437558,744,744
espana,Valverde del Camino,Valverde del Camino,0.001991320783316985,0.0043150018006962694,708,651
espana,Vedra,Vedra,0.006438584703250354,0.014543401226251928,448,409
espana,Vega de Espinareda,Vega de Espinareda,0.03774114134986075,0.07327055350291001,82,27
espana,Vegas del Condado,Vegas del Condado,0.00779950960596247,0.031463276911516895,390,180
espana,Vegas del Genil,Vegas del Genil,0.000960756152480522,0.0003490238447755354,820,852
espana,Vejer de la Frontera,Vejer de la Frontera,0.0003283296132079988,6.6692454415707406e-06,877,901
espana,Velilla del Río Carrión,Velilla del Río Carrión,0.003438565138158916,0.040311142530667414,601,120
espana,Venta de Baños,Venta de Baños,0.00908162554981309,0.0516577521085931,359,77
espana,Venta del Moro,Venta del Moro,0.03469164229777876,0.08515292579797522,88,21
espana,Vera,Vera,0.0013156918823068284,0.002436497667987177,781,739
espana,Viana do Bolo,Viana do Bolo,0.002688953027955058,0.009797121553667418,654,478
espana,Vicedo (O),Vicedo (O),0.0009104110790769216,0.0026676981766282962,826,724
espana,Victoria (La),Victoria (La),0.004599956780780228,0.038681623561110295,538,131
espana,Vielha e Mijaran,Vielha e Mijaran,6.439732870806776e-05,0.0,917,905
espana,Vila de Cruces,Vila de Cruces,0.0028685118443252675,0.016862075558104688,644,371
espana,Vilafant,Vilafant,3.116434845956115e-05,0.0020963661504670695,925,762
espana,Vilafranca del Penedès,Vilafranca del Penedès,0.002626324532671831,0.02930688755207569,658,219
espana,Vilallonga del Camp,Vilallonga del Camp,0.0013745202898058791,0.05076851938305033,773,80
espana,Villa de Don Fadrique (La),Villa de Don Fadrique (La),0.041159415872829445,0.05167109059947624,72,76
espana,Villa del Río,Villa del Río,0.0025034759472862492,0.04365688066052207,666,109
espana,Villabrágima,Villabrágima,0.11226107609981978,0.09312934334609382,2,14
espana,Villacastín,Villacastín,0.02954911129618608,0.033539635325659255,116,155
espana,Villada,Villada,0.010525624407320744,0.007754109366732914,316,534
espana,Villadecanes,Villadecanes,0.059145739318237515,0.06750832544139289,30,38
espana,Villadiego,Villadiego,0.025040499807019462,0.03183008541080329,154,173
espana,Villafranca de los Barros,Villafranca de los Barros,0.009267426110218783,0.018696118054536644,354,341
espana,Villafranca de los Caballeros,Villafranca de los Caballeros,0.03926654718175397,0.02031007545139676,78,316
espana,Villafranca del Cid/Vilafranca,Villafranca del Cid/Vilafranca,0.001184266534554193,0.0,792,905
espana,Villafufre,Villafufre,0.01940647802045809,0.003112314539399679,198,704
espana,Villalpando,Villalpando,0.05347617785105028,0.1348765967285128,37,3
espana,Villalpardo,Villalpardo,0.017158914828463854,0.04818085215172089,220,91
espana,Villalón de Campos,Villalón de Campos,0.01904530912429107,0.005004157162991912,203,619
espana,Villamanrique,Villamanrique,0.019191416392226046,0.06445158794733964,201,45
espana,Villamanín,Villamanín,0.024129805669725356,0.025211970850951258,157,263
espana,Villamañán,Villamañán,0.09396604760601862,0.030722990667502545,4,191
espana,Villanueva de Córdoba,Villanueva de Córdoba,0.005396602234243785,0.026494689057546695,494,250
espana,Villanueva de Perales,Villanueva de Perales,0.036246452686315676,0.02871777087140361,85,228
espana,Villanueva de la Cañada,Villanueva de la Cañada,0.015353106960007298,0.03018722795036303,236,205
espana,Villanueva de la Fuente,Villanueva de la Fuente,0.03396648770145273,0.0463534789007305,91,101
espana,Villanueva de la Serena,Villanueva de la Serena,0.01611145410371557,0.010950901015059156,229,466
espana,Villanueva de la Torre,Villanueva de la Torre,0.002949710585221213,0.002552097922307737,635,734
espana,Villanueva del Ariscal,Villanueva del Ariscal,0.002687325344068677,0.007142761867922263,655,547
espana,Villanueva del Fresno,Villanueva del Fresno,8.388385461591162e-06,0.00024231591771040357,934,860
espana,Villanueva del Rey,Villanueva del Rey,0.01747452946486938,0.019725404934352393,216,325
espana,Villanueva del Trabuco,Villanueva del Trabuco,0.003589762626120878,0.0053353963532565924,594,603
espana,Villar de Olalla,Villar de Olalla,0.0030435630338190483,0.0,626,905
espana,Villar del Olmo,Villar del Olmo,0.004611237226623031,0.004052678146661153,537,667
espana,Villaralbo,Villaralbo,0.0008680947368761917,0.0015739419242106947,831,789
espana,Villaralto,Villaralto,0.023835273284597336,0.0008003094529884889,161,833
espana,Villarcayo de Merindad de Castilla la Vieja,Villarcayo de Merindad de Castilla la Vieja,0.01735288996871784,0.01555045728792911,218,389
espana,Villardompardo,Villardompardo,0.01530796859002864,0.010635223397491475,238,471
espana,Villares (Los),Villares (Los),0.010776901885693337,0.020305629287769047,308,317
espana,Villares de la Reina,Villares de la Reina,0.0007042782924216502,0.0654075131272981,842,41
espana,Villasabariego,Villasabariego,0.040243959104171716,0.002163058604882777,74,755
espana,Villava/Atarrabia,Villava/Atarrabia,0.0022760016566770055,0.0011293255614393122,683,818
espana,Villaverde del Río,Villaverde del Río,0.0001516333226449888,0.009892714071663266,899,476
espana,Villaviciosa de Córdoba,Villaviciosa de Córdoba,0.021404924255938845,0.01521921809766443,183,396
espana,Vinuesa,Vinuesa,0.0001234540412512929,0.0015694957605829809,903,790
espana,Viso del Marqués,Viso del Marqués,0.04143211556790124,0.0367364269739855,71,141
espana,Vitigudino,Vitigudino,0.0018330611841341554,0.0026143442130957305,720,731
espana,Vélez-Blanco,Vélez-Blanco,0.014397253048701465,0.006529191287297755,254,564
espana,Xermade,Xermade,0.008958221719848588,0.0069760307318829946,361,554
espana,Yecla,Yecla,0.005115802103195318,0.017488984629612337,512,363
espana,Yepes,Yepes,0.0025888396687666518,0.019091826617403173,663,338
espana,Yunquera,Yunquera,0.0038850314228740584,0.0035569309021710616,577,684
espana,Yunquera de Henares,Yunquera de Henares,0.0028752501420889957,0.05897613743981006,643,54
espana,Zahara,Zahara,0.0008538026752747243,0.007091630986203554,832,550
espana,Zalamea de la Serena,Zalamea de la Serena,0.021564863981913436,0.030231689586640166,180,204
espana,Zalla,Zalla,0.013502517363247176,0.026372419557784566,265,251
espana,Zaratán,Zaratán,0.02860335888687992,0.090003690315811,124,17
espana,Zarautz,Zarautz,0.001191524387830701,0.0008269864347547718,791,830
espana,Zarza (La),Zarza (La),0.00219021757844455,0.02992712737814177,689,207
espana,Zarza de Granadilla,Zarza de Granadilla,0.0017865104907640217,0.025480963750427944,724,260
espana,Zas,Zas,3.85826714446161e-05,0.0021430508685580645,922,756
espana,Ágreda,Ágreda,0.001560777570124545,0.0,754,905
espana,Águilas,Águilas,0.004129420213014735,0.001104871661486886,567,821
espana,Álora,Álora,0.004773111608923537,0.008381018438240564,531,514
espana,Ávila,Ávila,0.00039136236218946166,0.0032723764299973767,873,697
espana,Ènova (l'),Ènova (l'),0.0014298311784807821,0.0053153886169318805,766,604
espana,Écija,Écija,0.006703571457776686,0.01756901557491119,433,360
espana,Órgiva,Órgiva,0.001704149680870231,0.005379857989533731,734,600
adif,00018,MIRABUENO,0.0,0.0,367,348
adif,02003,ANTEQUERA-SANTA ANA,0.05158480288350409,0.10991906644080558,77,77
adif,02030,ANTEQUERA AV,0.009879209399254556,0.040560888386975344,233,147
adif,03100,JAEN,0.0,0.0,367,348
adif,03216,VALENCIA-JOAQUIN SOROLLA,0.00010694180654654963,0.0030713686840169057,365,327
adif,03310,MONFORTE DEL CID A.V.,0.011235876552082085,0.044282463254795276,218,142
adif,03500,ARROYO DE LA HERRERA,0.0018864534674811356,0.02453672809404035,345,188
adif,04031,BIF. CAMBIADOR ZARAGOZA-DELICIAS,0.02743147428289359,0.03851616104580532,128,151
adif,04040,ZARAGOZA DELICIAS,0.04568950185394438,0.09384357408072824,86,89
adif,04104,CAMP DE TARRAGONA,0.08720572158382188,0.0030371473059220095,39,328
adif,04200,RODA DE BARA-CAMB. DE ANCHO,0.0,0.0,367,348
adif,04307,FIGUERES-VILAFANT,0.004132231404958679,0.004132231404958678,303,292
adif,04313,LIMITE ADIF - LFPSA,0.0,0.0,367,348
adif,05019,ANTEQUERA,0.0,0.0,367,348
adif,05223,LA MARUCA MERCANCIAS,0.02691149228340815,0.012071591122974522,131,248
adif,05226,PUERTO AVILES,0.0,0.0,367,348
adif,05308,SOTO UDRION,0.023874198477180197,0.023338979860718992,143,196
adif,05325,PRAVIA,0.05482523926653992,0.019531851547661825,71,212
adif,05329,SAN ESTEBAN,0.0,0.0,367,348
adif,05389,COLLANZO,0.0,0.0,367,348
adif,05405,SOTIELLO,0.02654254473923419,0.01607549236007734,134,228
adif,05443,LAVIANA,0.0,0.0,367,348
adif,05447,PUERTO EL MUSEL,0.0,0.0,367,348
adif,05451,BILBAO LA CONCORDIA,0.0,0.0,367,348
adif,05455,BASURTO HOSPITAL,0.008255907465393631,0.008255907465393631,251,261
adif,05461,IRAUREGUI,0.0693713325079348,0.026128022175453007,50,185
adif,05473,ARANGUREN,0.07734484779370308,0.012756018684872441,45,235
adif,05509,EL BERRON,0.06190252251183547,0.03196276714063275,58,169
adif,05551,LLOVIO,0.06501324578066152,0.004132231404958678,55,292
adif,05552,RIBADESELLA PUERTO,0.0,0.0,367,348
adif,05600,PUERTO RAOS,0.0,0.0,367,348
adif,05602,VALDECILLA LA MARGA,0.06694817953377709,0.024100405523330426,53,194
adif,05655,MALIAÑO VIDRIERA,0.03300428675389956,0.021935903358828262,116,200
adif,05663,OREJO,0.03884758706360303,0.016238043906028097,103,227
adif,05671,LIERGANES,0.0,0.0,367,348
adif,05713,ARIZ,0.0,0.0,367,348
adif,05754,GUARDO,0.046128206292930546,0.01542528617627432,84,232
adif,05770,MATALLANA,0.04020220431949762,0.01674280923292781,101,217
adif,05779,TERMICA VELILLA,0.0,0.0,367,348
adif,05803,LA ASUNCION UNIVERSIDAD,0.0,0.0,367,348
adif,07004,AGUILAS,0.0,0.0,367,348
adif,08223,VIGO URZAIZ,0.0,0.0,367,348
adif,08224,REDONDELA AV,0.004132231404958678,0.004132231404958678,305,292
adif,08240,MEDINA DEL CAMPO AV,0.17131684014228427,0.1682494054035556,22,49
adif,08244,LA HINIESTA AV BASE DE MONTAJE,0.0,0.0,367,348
adif,10100,PINAR DE LAS ROZAS,0.015478723295955416,0.40011635268552265,188,10
adif,10101,LAS MATAS,0.013599654214227347,0.39894427048577247,196,12
adif,10200,VILLALBA DE GUADARRAMA,0.016550107362308927,0.40209263727050293,176,9
adif,10400,AVILA,0.010339742792517292,0.39282719915130987,229,13
adif,10500,MEDINA DEL CAMPO,0.020921604565283084,0.4394196054275106,157,7
adif,10503,VALDESTILLAS,0.013021978363849905,0.3051520284721866,201,21
adif,10600,VALLADOLID-CAMPO GRANDE,0.027923758744815164,0.30495525554814096,126,22
adif,10608,VALLADOLID-ARGALES,0.0,0.0,367,348
adif,10611,RIO PISUERGA,0.0018887348926874621,0.10695891723559708,344,81
adif,10620,COMPLEJO FERROVIARIO MERC.,0.004132231404958678,0.004132231404958678,305,292
adif,11000,VENTA DE BAÑOS,0.042980426732029106,0.10643704121964992,95,84
adif,11004,MAGAZ,0.11431002505099838,0.12522457779374777,33,70
adif,11014,BURGOS-ROSA MANZANO,0.06635841118619032,0.11939838817309174,54,73
adif,11101,LA VENTILLA,0.0,0.0,367,348
adif,11102,VILLAFRIA,0.004132231404958678,0.004132231404958678,305,292
adif,11200,MIRANDA DE EBRO,0.06030259855854799,0.10665948017726674,60,83
adif,11300,ALTSASU,0.004132231404958678,0.004132231404958678,305,292
adif,12006,CERCEDILLA,0.008255907465393631,0.008255907465393631,251,261
adif,12023,LOS COTOS,0.0,0.0,367,348
adif,12100,SEGOVIA,0.0,0.0,367,348
adif,13201,LA CASILLA,0.05420859270451961,0.04098865561316154,72,146
adif,13305,LUTXANA-BARAKALDO,0.06233804958532383,0.037455298324863544,57,154
adif,13400,DESERTU-BARAKALDO,0.008255907465393631,0.008255907465393631,251,261
adif,13408,BILBAO MERCANCIAS,0.0,0.0,367,348
adif,13506,MUSKIZ,0.0,0.0,367,348
adif,14100,PALENCIA,0.17588663320067596,0.20638057594579334,17,44
adif,14200,MATAPORQUERA,0.1355157033062589,0.0434012627688517,30,145
adif,14214,SIERRAPANDO (APD),0.04927079249412912,0.035881114932498334,80,162
adif,14221,MURIEDAS,0.04302681688256464,0.03035436237017265,94,172
adif,14224,SANTANDER-PUERTO,0.0,0.0,367,348
adif,14226,SOLVAY FACTORIA (CGD),0.0,0.0,367,348
adif,15000,PALENCIA ARROYO VILLALOBON,0.0720282372587147,0.030842017008024913,47,171
adif,15018,LEON-CLASIFICACION,0.0,0.0,367,348
adif,15019,RIO BERNESGA,0.03495957470086123,0.012268364047020175,111,245
adif,15100,LEON,0.005538233760604272,0.14157384117858426,286,64
adif,15106,LA ROBLA,0.034324682631699174,0.020241945143130914,112,209
adif,15122,POLA DE LENA,0.0314539423321821,0.14499597898807387,119,61
adif,15205,ABLAÑA,0.03188804829090177,0.1418048354807248,118,63
adif,15208,SOTO DE REY,0.004178353436985806,0.07757130879660525,302,94
adif,15211,OVIEDO,0.03618145043924063,0.07457693821330186,107,97
adif,15212,LUGONES,0.018353955529019323,0.03553034580702565,166,163
adif,15300,LUGO DE LLANERA,0.01117174380135303,0.028583406053761785,220,176
adif,15301,VILLABONA DE ASTURIAS,0.0025013315103659564,0.02460517085023014,338,187
adif,15302,SERIN,0.00036787981452013075,0.012208476635354105,363,246
adif,15400,VERIÑA,0.011182942055330566,0.008572455212771418,219,256
adif,15410,GIJON-SANZ CRESPO,0.016601280661511345,0.000590318772136954,173,340
adif,16002,TUDELA-VEGUIN,0.01160091299163129,0.019720069127183753,215,211
adif,16011,EL ENTREGO,0.0,0.0,367,348
adif,16101,VIELLA,0.00517269548158194,0.0047738822442379755,290,286
adif,16400,NUBLEDO,0.00799981069602754,0.004679773454477012,264,287
adif,16403,AVILES,0.021511358820033567,0.0049193231011412835,153,285
adif,16405,SAN JUAN DE NIEVA,0.0,0.0,367,348
adif,16501,TRASONA,0.0,0.0,367,348
adif,16602,CARGADERO DE MUSEL,0.0,0.0,367,348
adif,16604,GIJON-PUERTO,0.004132231404958678,0.004132231404958678,305,292
adif,17000,MADRID-CHAMARTIN-CLARA CAMPOAMOR,0.44101904840155937,0.4164656160703592,2,8
adif,17009,UNIVERSIDAD-CANTOBLANCO,0.17178181408251003,0.004132231404958678,21,292
adif,18000,MADRID-ATOCHA CERCANIAS,0.09531091503494118,0.39988535838338213,35,11
adif,19003,ALCOBENDAS S.SEBASTIAN DE LOS REYES,0.0,0.0,367,348
adif,20114,PONFERRADA-CLASIFICACION,0.0,0.0,367,348
adif,20200,PONFERRADA,0.025403330174645824,0.025845695806170115,137,186
adif,20204,TORAL DE LOS VADOS,0.026558084406757367,0.031338226990400904,133,170
adif,20300,MONFORTE DE LEMOS,0.09989843363391872,0.03353695053299797,34,164
adif,20400,BETANZOS-INFESTA,0.07997959533563344,0.008247352120869907,42,271
adif,20407,A CORUÑA-PUERTO,0.0,0.0,367,348
adif,20603,VILLAFRANCA DEL BIERZO (CGD),0.0,0.0,367,348
adif,21010,FERROL,0.05720818789454787,0.004132231404958678,64,292
adif,21011,FERROL PUERTO,0.0,0.0,367,348
adif,22100,OURENSE,0.1760668696273127,0.15548483137415944,16,57
adif,22112,OURENSE-EMPALME CONTENEDORES,0.0,0.0,367,348
adif,22200,GUILLAREI,0.04754347540908806,0.0,82,348
adif,22300,REDONDELA,0.03194708234233926,0.020524271512413806,117,203
adif,22308,VIGO-GUIXAR,0.0,0.0,367,348
adif,22403,KM. 5.5 (FRONTERA),0.0,0.0,367,348
adif,23004,PONTEVEDRA,0.008622361389159807,0.04459901100217306,247,141
adif,23006,PORTAS,0.0,0.0,367,348
adif,23008,VILAGARCIA DE AROUSA,0.008639472078207257,0.06018684872439813,246,112
adif,23015,FAXIL,0.004840899109673813,0.05640538644491214,293,119
adif,30000,MONFRAGÜE,0.04580707657359266,0.0,85,348
adif,30002,PLASENCIA,0.0,0.0,367,348
adif,30100,SALAMANCA,0.004710491405219617,0.004132231404958678,295,292
adif,30200,ZAMORA,0.17325799404111566,0.16256865663980288,20,51
adif,31400,SANTIAGO DE COMPOSTELA,0.01529274623571631,0.05238437451876187,190,124
adif,31409,MEIRAMA-PICARDEL,0.0,0.0,367,348
adif,31416,CERCEDA-MEIRAMA,0.014541233908822842,0.04868846568451312,193,131
adif,31422,CENTRAL TERMICA DE MEIRAMA,0.0,0.0,367,348
adif,35100,VILLALUENGA-YUNCLER,0.05573279377627206,0.0,69,348
adif,35400,CACERES,0.02357726657557261,0.03664254059510977,145,156
adif,35407,"KM. 428,5 (FRONTERA)",0.0,0.0,367,348
adif,35607,MOSTOLES - EL SOTO,0.0,0.0,367,348
adif,37001,VILLAVERDE ALTO,0.05284216693025272,0.00635662098112691,75,282
adif,37012,PARLA,0.0,0.0,367,348
adif,37113,LA SAGRA,0.2298230041807118,0.004132231404958678,10,292
adif,37200,CIUDAD REAL,0.23184961252437256,0.0,8,348
adif,37315,PUERTOLLANO-REFINERIA,0.0,0.0,367,348
adif,37400,ALMORCHON,0.04467221012252073,0.07257498759475045,90,99
adif,37500,MERIDA,0.047307633078384134,0.07479937717091868,83,96
adif,37600,ALJUCEN,0.019185523053394313,0.06406241979364509,164,104
adif,37603,MONTIJO,0.01234536214773369,0.01234536214773369,207,239
adif,37610,"KM. 517,6 (FRONTERA)",0.0,0.0,367,348
adif,37700,PUERTOLLANO,0.21899614439140136,0.08367126944202044,11,92
adif,37803,MAJARABIQUE,0.03736100620629124,0.0006074294611844019,106,339
adif,37805,CAMBIADOR MAJARABIQUE,0.010823559870708372,0.004517221908526257,223,288
adif,40100,ZAFRA,0.0331972320608685,0.01383399209486166,115,234
adif,41004,JEREZ DE LOS CABALLEROS (CGD),0.0,0.0,367,348
adif,42022,HUELVA-ODIEL,0.0,0.0,367,348
adif,43019,HUELVA,0.0,0.0,367,348
adif,43023,HUELVA-MERCANCIAS,0.015801731520252132,0.008255907465393631,186,261
adif,50100,MANZANARES,0.061231772023697555,0.3241791146929487,59,17
adif,50300,LINARES-BAEZA,0.044958671574990054,0.22824803654843182,89,35
adif,50500,CORDOBA,0.16174206437475802,0.22055678182160396,26,38
adif,50501,EL HIGUERON,0.012056547975520278,0.10693325120202592,212,82
adif,50512,CORDOBA-MERCANCIAS,0.06440677241072502,0.0,56,348
adif,50700,LOS ROSALES,0.013215929562626348,0.1080368906455863,198,79
adif,50709,MAJARABIQUE-ESTACION,0.0023733849750224695,0.09817257840973256,339,87
adif,50A03,TORRASPAPEL - LA MONTAÑANESA,0.0,0.0,367,348
adif,51003,SEVILLA-SANTA JUSTA,0.02000020573566598,0.036334548192255706,160,161
adif,51005,LA NEGRILLA,0.004477867323717126,0.008213130742775012,298,278
adif,51050,CARTUJA,0.0,0.0,367,348
adif,51101,LA SALUD,0.009808916380062671,0.028617627431856682,235,174
adif,51107,PUERTO DE SEVILLA (CGD),0.0,0.0,367,348
adif,51405,CADIZ,0.008255907465393631,0.008255907465393631,251,261
adif,51411,CADIZ-PUERTO,0.0,0.0,367,348
adif,51412,CADIZ CONTENEDORES,0.0,0.0,367,348
adif,51415,LAS ALETAS,0.016451927519121196,0.016451927519121196,180,219
adif,51416,UNIVERSIDAD DE CADIZ (APD),0.0,0.0,367,348
adif,54301,FUENTE DE PIEDRA,0.05876758836245029,0.0,63,348
adif,54400,BOBADILLA,0.026385538045617052,0.02049005013431891,135,204
adif,54412,LOS PRADOS,0.004542317585795847,0.004132231404958678,297,292
adif,54413,MALAGA MARIA ZAMBRANO,0.01072697614199581,0.016469038208168644,224,218
adif,54516,FUENGIROLA,0.0,0.0,367,348
adif,54517,MALAGA-CENT. ALAMEDA (APD),0.0,0.0,367,348
adif,55018,SAN ROQUE-LA LINEA,0.016451927519121196,0.016451927519121196,180,219
adif,55020,ALGECIRAS,0.008255907465393631,0.008255907465393631,251,261
adif,55021,ALGECIRAS-PUERTO (CGD),0.0,0.0,367,348
adif,55023,MIRAFLORES LA LINEA,0.0,0.0,367,348
adif,55024,ALGECIRAS CONTENEDORES,0.0,0.0,367,348
adif,56100,MOREDA,0.026769605115172623,0.0,132,348
adif,56312,ALMERIA,0.0,0.0,367,348
adif,60004,MADRID-SANTA CATALINA,0.0060928176117334715,0.012353917492257414,281,238
adif,60100,VILLAVERDE BAJO,0.023490209155087746,0.4516708587854833,146,2
adif,60101,SAN CRISTOBAL INDUSTRIAL,0.007022043456261412,0.4492069195626508,275,6
adif,60108,EL SALOBRAL,0.0,0.0,367,348
adif,60200,ARANJUEZ,0.006716261184075978,0.4507554369214449,276,3
adif,60202,CASTILLEJO-AÑOVER,0.017940323212768155,0.4500196772924046,169,4
adif,60400,ALCAZAR DE SAN JUAN,0.05884385314791869,0.5487654637852266,62,1
adif,60600,ALBACETE - LOS LLANOS,0.11982825349567316,0.3268227161507794,32,16
adif,60900,LA ENCINA,0.014636361191979481,0.31977311226323085,192,20
adif,60901,CAUDETE,0.0014545511581084709,0.06792088017384461,348,101
adif,60911,ALACANT-TERMINAL,0.0074330259112867815,0.048226477080232026,267,134
adif,61101,MURCIA MERCANCIAS,0.016544610418128207,0.004132231404958678,177,292
adif,61210,EL REGUERON,0.008575306994279327,0.008247352120869907,249,271
adif,61404,DARSENA DE ESCOMBRERAS,0.0,0.0,367,348
adif,62001,BENIEL,0.008238796776346183,0.028566295364714337,262,177
adif,62002,ORIHUELA - MIGUEL HERNANDEZ,0.019935378631030804,0.032578751946340884,162,165
adif,62107,ALACANT-PORT(LÍMITE CONEXIÓN),0.0,0.0,367,348
adif,62109,SANT GABRIEL,0.004393169412932259,0.0042092295056721934,299,289
adif,64003,MOIXENT,0.0,0.0,367,348
adif,64100,XATIVA,0.009571291685916195,0.2847817531611998,238,26
adif,64108,FORD,0.0,0.0,367,348
adif,64200,SILLA,0.027373089611937747,0.2843796519685848,130,27
adif,64203,ALFAFAR-BENETUSSER,0.031392879346013196,0.2704002190168198,120,28
adif,65000,VALENCIA-ESTACIO DEL NORD,0.0,0.0,367,348
adif,65002,VALENCIA-LA FONT DE SANT LLUIS,0.0786640373981887,0.25935526923669217,44,29
adif,65013,VALENCIA-F.S.L.MERCANCIAS,0.055783420305262156,0.24790821826394951,68,30
adif,65016,VALENCIA-PUERTO NORTE,0.0,0.0,367,348
adif,65017,VALENCIA-PUERTO SUR,0.0,0.0,367,348
adif,65200,SAGUNT,0.029164833378554418,0.22888113204318739,123,34
adif,65301,LES PALMES,0.02385400141611321,0.224244135311329,144,37
adif,65400,TORTOSA,0.0,0.0,367,348
adif,65402,LALDEA-AMPOSTA-TORTOSA,0.022748365725497276,0.21960713857947062,151,39
adif,65411,SALOU-PORT AVENTURA,0.0,0.0,367,348
adif,65501,PORT DE CASTELLÓ,0.0,0.0,367,348
adif,66006,TARANCON,0.0,0.0,367,348
adif,66200,UTIEL,0.0,0.0,367,348
adif,66212,VALENCIA - SANT ISIDRE,0.008255907465393631,0.008255907465393631,251,261
adif,67224,PUERTO DE SAGUNTO,0.0,0.0,367,348
adif,69011,ALCOI,0.0,0.0,367,348
adif,69108,GANDIA-MERCADERIES,0.008255907465393631,0.008255907465393631,251,261
adif,69109,GANDIA PORT,0.0,0.0,367,348
adif,69110,GANDIA,0.0,0.0,367,348
adif,69200,XIRIVELLA-LALTER (APD),0.0,0.0,367,348
adif,70001,VALLECAS-INDUSTRIAL,0.010712359978311412,0.05091285526068135,226,127
adif,70100,VICALVARO,0.010725428032034471,0.04927022911212635,225,130
adif,70101,SAN FERNANDO DE HENARES,0.016508570867091163,0.057731464846089355,179,117
adif,70400,TORRALBA,0.020017827594440703,0.0571753674520473,159,118
adif,70600,CALATAYUD,0.2578858131136855,0.054916756497784165,3,121
adif,70706,GRISEN,0.05549296822552486,0.01592149615865031,70,229
adif,70800,CASETAS,0.04781468312196788,0.05247848330852284,81,123
adif,70803,C.I.M. DE ZARAGOZA,0.04564952912169248,0.050929965949728796,87,126
adif,70805,ZARAGOZA-PLAZA,0.0,0.0,367,348
adif,71100,MIRAFLORES,0.023136884275645635,0.0698458326916825,150,100
adif,71101,LA CARTUJA,0.007315984709686785,0.006929829064216416,269,281
adif,71400,REUS,0.017294714497542163,0.04695173074619715,172,138
adif,71403,TARRAGONA-MERCADERIES,0.0006986864694374578,0.007477371113734751,356,280
adif,71500,TARRAGONA,0.010334717647153355,0.14564618517187689,230,59
adif,71600,SANT VICENÇ DE CALDERS,0.0354684661998742,0.16199544855671338,109,52
adif,71707,EL PRAT DE LLOBREGAT,0.006510189415327756,0.06111082593296032,278,110
adif,71801,BARCELONA-SANTS,0.06709741088913729,0.04767893503071369,52,136
adif,71901,BARCELONA-CAN TUNIS,0.012371028181304861,0.012371028181304861,205,237
adif,71905,BARNA-MORROT CONTENEDORES,0.0,0.0,367,348
adif,72006,CONSTANTI,0.0,0.0,367,348
adif,72100,RODA DE BARA,0.03952997342343681,0.023176428314768238,102,197
adif,72212,MARTORELL-SEAT,0.0,0.0,367,348
adif,72305,LHOSPITALET DE LLOBREGAT,0.011397111954027138,0.001146416166179012,217,332
adif,72400,AEROPORT,0.0,0.0,367,348
adif,72503,CERDANYOLA UNIVERSITAT,0.028146281160794533,0.047191280392861426,125,137
adif,72507,BIF. NUDO MOLLET,0.009663037570999174,0.040021901681980734,237,149
adif,73100,LA PLANA-PICAMOIXONS,0.05618205120917621,0.06001574183392366,66,113
adif,74200,HUESCA,0.0,0.0,367,348
adif,74217,CANFRANC,0.0,0.0,367,348
adif,77310,LA TOUR DE CAROL-ENVEIGT,0.0,0.0,367,348
adif,78002,ZARAGOZA-ARRABAL,0.0,0.0,367,348
adif,78004,SAN JUAN DE MOZARRIFAR,0.006143236429797696,0.03664254059510977,280,156
adif,78006,SAN GREGORIO,0.0,0.0,367,348
adif,78007,ZARAGOZA-CORBERA ALTA,0.010051317808234804,0.04863713361737077,232,132
adif,78100,ZUERA,0.012644157555224748,0.028617627431856682,203,174
adif,78200,TARDIENTA,0.04937334951876266,0.02049005013431891,79,204
adif,78400,LLEIDA-PIRINEUS,0.12444250427050586,0.058826548945126025,31,116
adif,78706,CERDANYOLA DEL VALLES,0.053050140286081945,0.00036787981452013075,74,344
adif,78800,MONTCADA-BIFURCACIO,0.0199462203026007,0.008375682288725768,161,257
adif,79002,LA SAGRERA,0.002372773878985055,0.00035932446999640676,340,345
adif,79006,MOLLET-SANT FOST,0.0021140358167461466,0.032578751946340884,342,165
adif,79009,EL CLOT,0.0008320072549321563,0.004200674161148469,354,290
adif,79011,LA LLAGOSTA,0.00012704686617730096,0.0007100935954690896,364,338
adif,79200,MAÇANET-MASSANES,0.0005658138210368589,0.028566295364714337,359,177
adif,79206,GIRONA-MERCADERIES,0.0004957822151498043,0.02453672809404035,360,188
adif,79300,GIRONA,0.016426261485550025,0.016426261485550025,182,222
adif,79308,VILAMALLA,0.004132231404958679,0.004132231404958678,303,292
adif,79316,CERBERE,0.0,0.0,367,348
adif,79400,BARNA.-EST. DE FRANÇA,0.0,0.0,367,348
adif,81200,CASTEJON DE EBRO,0.07984423628457049,0.05992163304416269,43,114
adif,81209,CABAÑAS DE EBRO,0.08146159021700064,0.061179268689150114,41,108
adif,82100,SORIA,0.0,0.0,367,348
adif,85214,LA CARRERA (CGD),0.0,0.0,367,348
adif,92102,TOLEDO,0.0,0.0,367,348
adif,94005,CIUDAD REAL-MIGUELTURRA,0.030695252109707197,0.09478466197833788,121,88
adif,95101,VILLAVERDE-MERCANCIAS,0.004132231404958678,0.004132231404958678,305,292
adif,95104,MADRID-ABROÑIGAL,0.0,0.0,367,348
adif,97018,BIF. CHAMARTIN-AGUJA KM.18.6,0.0009684016706885141,0.010480297041561865,352,252
adif,97100,PITIS,0.02485122015850676,0.3911332409356125,139,14
adif,98001,HORTALEZA,0.01890648365589765,0.027043444039491472,165,184
adif,98100,ODONNELL,0.011796634958091417,0.020028061530037816,213,210
adif,98305,AEROPUERTO-T4,0.0,0.0,367,348
adif,A0180,CTT CERRO NEGRO AV,0.0,0.0,367,348
adif,A0300,"ESPELUY-AGUJA KM. 150,5",0.004132231404958678,0.004132231404958678,305,292
adif,A0320,"BIF. JESUS-AGUJA KM. 396,7",0.0032481791375072013,8.55534452372397e-06,332,347
adif,A0426,"ANTEQUERA-STA.ANA-AGJ.KM. 48,3",0.0004740373811520054,0.003969679859007922,361,324
adif,A0427,"ANTEQUERA-STA.ANA-AGJ.KM. 50,4",0.03542732520005232,0.02799308728162483,110,183
adif,A0660,CAN TUNIS-A. V.,0.0,0.0,367,348
adif,A0720,CTT FUENCARRAL AV,0.0,0.0,367,348
adif,A0801,"M-CHAMARTIN-AG. KM. 1,5",0.19928945589658434,0.004132231404958678,13,292
adif,A0823,BIF. CAMB. VILECHA,0.013211522263932317,0.16940437691425836,199,48
adif,A0825,"BURGOS AG. KM. 374,2",0.02527988507147689,0.11649812637954932,138,74
adif,A0843,BIFURCACION LA HINIESTA,0.007233543794808617,0.156366031860103,270,56
adif,A1112,"BIF. RUBENA-AG. KM. 377,3",0.023349228990623173,0.11358075389695943,148,75
adif,A1311,AGUJA DE ENLACE,0.055917522773133464,0.04371781051622949,67,143
adif,A1510,"LEON AG. KM. 123,6",0.002868681091051609,0.13943500504765327,336,66
adif,A1702,"FUENCARRAL-AGUJA KM 4,5",0.004936747858936499,0.02253477747548894,292,199
adif,A1983,AG.ENL.SOTIELLO,0.005846105832366964,0.008290128843488528,285,258
adif,A1984,AG ENLACE VERIÑA,0.005852996366830354,0.0007186489399928135,284,337
adif,A2045,"AGUJA KM. 545,4",0.004132231404958678,0.004132231404958678,305,292
adif,A2220,"GUILLAREI-AG. KM. 141,6",0.035788432033491316,0.01234536214773369,108,239
adif,A2240,"GUILLAREI-AG. KM. 0,9",0.004132231404958678,0.004132231404958678,305,292
adif,A3140,"CERCEDA-MEIRAMA-AG. KM. 000,729",0.008255907465393631,0.008255907465393631,251,261
adif,A3760,"AG. KM. 160,4",0.008247352120869907,0.008247352120869907,259,271
adif,A5030,"ESPELUY-AGUJA KM. 338,8",0.013047304401059372,0.2252451106206047,200,36
adif,A5031,"ESPELUY-AGUJA KM. 340,1",0.010358346037340968,0.21613366870283868,228,40
adif,A5040,"ALCOLEA-AGUJA KM.431,9",0.013002517851473206,0.21323340690929624,202,42
adif,A5100,"LA SALUD-AGUJA KM. 6,2",0.00471242635274253,0.03233920229967661,294,168
adif,A5101,"LA SALUD-AGUJA KM. 10,2",0.00543435484146943,0.00022243895761682323,288,346
adif,A6000,"YELES AGUJA KM.34,397",0.23157970158958308,0.008247352120869907,9,271
adif,A6031,"AGUJA KM. 146,1",0.01657450319929145,0.4496004654107421,175,5
adif,A6060,"ALBACETE-AGUJA KM. 279,4",0.04030125405054824,0.3226477080232021,100,18
adif,A6131,"AGUJA KM. 523,2",0.008247352120869907,0.008247352120869907,259,271
adif,A6133,"EL REGUERON AG KM 522,1",0.01234536214773369,0.01234536214773369,207,239
adif,A6141,"AGUJA KM. 0,8",0.004132231404958678,0.004132231404958678,305,292
adif,A6420,BIF. JOAQUIN SOROLLA-IBERICO,0.0161372945393273,0.017401570761254558,185,215
adif,A6422,BIF. JOAQUIN SOROLLA-UIC,0.08284605276032815,0.008290128843488528,40,258
adif,A6541,"AGUJA CLASIF. KM. 272,0.",0.004132231404958678,0.004132231404958678,305,292
adif,A7002,AGUJA KM. 2.0,0.008579410739207476,0.0036445767671064114,248,326
adif,A7070,"CAMBIADOR PLASENCIA AG. KM. 308,6",0.05633390674163405,0.015057406361754188,65,233
adif,A7080,"CIM-AGUJA KM. 337,1",0.03362242821213118,0.05537018975754154,113,120
adif,A7081,"CIM AGUJA KM. 0,7",0.02332943322980852,0.021576578888831854,149,202
adif,A7083,"LA CARTUJA-AGUJA KM. 23,3",0.010892383528886279,0.00037643515904385474,222,343
adif,A7086,"BIF.PLAZA-AG.KM.8,9",0.014470903592058033,0.0055780846294680286,194,283
adif,A7087,"BIF.PLAZA-AG.KM.1,4",0.004132231404958678,0.004132231404958678,305,292
adif,A7110,"LA CARTUJA-AGUJA KM. 351,1",0.009150967580381896,0.0,241,348
adif,A7111,"MIRAFLORES-AGUJA KM. 345,6",0.00938637808442799,0.010950840990366683,239,251
adif,A7141,"AGUJA CLASIF. KM. 100,4.",0.006026665809091768,0.15906096538507605,282,54
adif,A7190,CASTELLBISBAL-AGUJAS LLOBREGAT,0.013558970610751082,0.05087007853806273,197,128
adif,A7220,CASTELLBISBAL-AGUJAS RUBI,0.001300554956681439,0.07340485601355166,349,98
adif,A7225,"AGUJA KM. 70,449",0.01212563238254938,0.08736717827626919,211,90
adif,A7226,"AGUJA KM. 71,161",0.0012050202761665213,0.07692110261280222,350,95
adif,A7227,"AGUJA KM. 0,500",0.004132231404958678,0.004132231404958678,305,292
adif,A7229,CASTELLBISBAL-AGUJAS MOLINS,0.017568970335768753,0.017119244391971666,170,216
adif,A7400,"HOYA DE HUESCA-AGUJA KM. 2,3",0.004132231404958678,0.004132231404958678,305,292
adif,A7510,"PK. 1,927",0.0,0.0,367,348
adif,A7890,"MIRAFLORES-AGUJA KM. 0,9",0.012252394070575887,0.05238437451876187,209,124
adif,A8248,"TABOADELA AV AG KM 446,1",2.5666033571171912e-05,0.1430453604366648,366,62
adif,A8249,"TABOADELA AG. KM. 447,1",0.0010580109394338643,0.14064130862549837,351,65
adif,A8250,"TABOADELA AG. KM. 234,0",0.15692549486764318,0.13822014612528447,29,67
adif,A8401,"AG. KM. 185,747",0.06012426949459844,0.004132231404958678,61,292
adif,A9060,FUENCARRAL-COMPLEJO,0.0,0.0,367,348
adif,A9820,VICALVARO MERC.-AG.KM.3.007,0.0014583665910599868,0.0037557962459148233,347,325
adif,B0103,BIF. LAS MARAVILLAS,0.0025333801025500626,0.0007528703180877095,337,336
adif,B0105,BIF. BOBADILLA,0.011129573001396826,0.043666478449087144,221,144
adif,B0107,BIF. RIOFRIO,0.007393026280660343,0.03664254059510977,268,156
adif,B0109,BIF. TOCON,0.0033114886869827576,0.028566295364714337,331,177
adif,B0110,BIF. LA CHANA,0.005399780385664058,0.02453672809404035,289,188
adif,B0200,BIF. MALAGA-A. V.,0.0920873010441051,0.11288777099053779,37,76
adif,B0201,BIF. GOBANTES,0.014337901887308917,0.02049005013431891,195,204
adif,B0320,BIF. ALBACETE,0.173538469384422,0.0,19,348
adif,B0323,BIF. JESUS,0.09074571160578022,0.0010523073764180484,38,333
adif,B0333,BIF MURCIA,0.04219624249268519,0.0,98,348
adif,B0340,BIF VINALOPO,0.023477291263852527,0.03634310353677943,147,160
adif,B0740,BIFURCACIÓN MEDINA,0.195792744000663,0.00044487791523364646,14,341
adif,B0802,BIF. CAMBIADOR VALDESTILLAS,0.02130315434175612,0.0012833016785585955,156,331
adif,B0810,BIF. CANAL DUERO,0.02398801508575136,0.30052358708485194,141,23
adif,B0814,BIF. VENTA DE BAÑOS,0.014855184806676006,0.18558253340862038,191,45
adif,B0815,BIF. SOTO,0.052480276970291166,0.0,76,348
adif,B0817,BIF. CERRATO,0.09345354210119547,0.18212617422103589,36,46
adif,B0820,BIF. PAJARES,0.003558304821073675,0.1633985250586041,330,50
adif,B0824,BIF. ESTADIO MUNICIPAL,0.00971438260078474,0.14536385880259398,236,60
adif,B0826,BIF. CLASIFICACION,0.0006407953048269254,0.0016511814930787263,357,330
adif,B0860,BIF. COTO DA TORRE,0.045473149933906575,0.13089677121297674,88,68
adif,B0861,"BIF. A GRANDEIRA AG. KM. 85,0",0.04159757886465961,0.12732919254658387,99,69
adif,B0862,"BIF. A GRANDEIRA AG. KM. 376,1",0.037773339862554996,0.12374450319114351,104,71
adif,B0900,BIF. TORREJON DE VELASCO,0.48584000970377483,0.03674520472939446,1,155
adif,B0902,BIF. RIO SAR,0.01651038904003331,0.06792088017384461,178,101
adif,B0903,BIF. BLANCALES,0.15834835333321032,0.0,28,348
adif,B1005,BIF. CHAMARTIN,0.0021597006210219076,0.011079171158222541,341,250
adif,B1110,BIF. RIOJA,0.017332682954314282,0.10183426586588643,171,86
adif,B1111,BIF. ARANDA,0.16795985650561182,0.12228153927758671,24,72
adif,B1112,BIF. RUBENA,0.018047767167422214,0.10472597231490513,168,85
adif,B1120,"BIF. KM.534,0",0.0037815301790457057,0.06741611484694489,327,103
adif,B1320,BIFURCACION LA CASILLA,0.05309726641353103,0.03824239002104615,73,152
adif,B1401,BIF. VILLAMURIEL DE CERRATO,0.07042149602746756,0.029575826018513766,49,173
adif,B1506,BIF. LEON,0.02623019743290786,0.022697329021439696,136,198
adif,B1507,BIF. RIO BERNESGA,0.0441329002773489,0.0189158667419537,93,213
adif,B1508,BIF. TORNEROS,0.007045970643835232,0.0245196174049929,274,193
adif,B1509,BIF. QUINTANA,0.006687142457893449,0.004987765857331075,277,284
adif,B1511,BIF. GALICIA,0.003086483126008818,0.1573926732029499,334,55
adif,B1521,BIF. TUDELA-VEGUIN,0.01658367765056277,0.10755779135225776,174,80
adif,B1601,BIF. OLLONIEGO,0.01552924201877452,0.023535752784764642,187,195
adif,B1602,BIF. PEÑA RUBIA,0.004132231404958678,0.004132231404958678,305,292
adif,B1611,BIF. VIELLA,0.0006196921216684063,0.008290128843488528,358,258
adif,B1702,BIF. FUENCARRAL,0.1738865010557877,0.010411854285372073,18,253
adif,B1803,BIF. STA. CATALINA,0.01015011232049627,0.01238813887035231,231,236
adif,B1804,BIF. MUSEO,0.004358567797302974,0.008717896069674727,300,255
adif,B2001,BIF. ASTURIAS,0.003695127372043345,0.021602244922403025,328,201
adif,B2041,BIF. EL BURGO,0.021469569182725592,0.01234536214773369,154,239
adif,B2051,BIF. SAN DIEGO,0.009847133647246577,0.02453672809404035,234,188
adif,B2052,BIF. SAN CRISTOBAL,0.0059843955947852055,0.028566295364714337,283,177
adif,B2230,BIF. REDONDELA,0.02398063069999829,0.02453672809404035,142,188
adif,B2300,BIF. ARCADE,0.012356769273765321,0.036574097838919975,206,159
adif,B2301,BIF. SAN AMARO,0.0007728327886430653,0.04845747138237257,355,133
adif,B2302,BIF. ANGUEIRA,0.012566375214596559,0.06406241979364509,204,104
adif,B3002,"MONFRAGÜE-AGUJA KM.4,4",0.012155718677457808,0.008247352120869907,210,271
adif,B3021,BIF. VALORIO,0.17018570852311377,0.15927484899816916,23,53
adif,B3120,BIF. PEDRALBA,0.0039052295969292023,0.14967575244255088,325,58
adif,B3122,PEDRALBA AG KM 112.4,0.1599854564256285,0.0,27,348
adif,B3141,BIF. UXES,0.003624546396991343,0.032578751946340884,329,165
adif,B3200,BIF. ARROYO DE LA GOLOSA,0.008861605867663049,0.1779511660934586,243,47
adif,B3500,BIF. EL CHAPARRAL,0.008686526473087737,0.01234536214773369,245,239
adif,B3501,BIF. SAN ESTEBAN,0.004132231404958678,0.004132231404958678,305,292
adif,B3503,BIF. CASA DE LA TORRE,0.027421468048232603,0.028566295364714337,129,177
adif,B3531,"MONFRAGÜE-AGUJA KM.255,4",0.027752274703149924,0.0,127,348
adif,B3603,BIF. GRANJA LAS ENCINAS,0.018064772920786468,0.04055233304245162,167,148
adif,B3710,"LOS GAVILANES - AGUJA KM. 13,400",0.24961436160309505,0.016426261485550025,4,222
adif,B3730,ACCESO PUERTOLLANO REFINERÍA,0.05155355890110265,0.08012080146467498,78,93
adif,B3750,BIF. LA ISLA,0.016426261485550025,0.016426261485550025,182,222
adif,B3760,BIF. SAN NICOLAS,0.004132231404958678,0.004132231404958678,305,292
adif,B3770,BIF.CAMBIADOR ALCOLEA,0.163331528563036,0.0,25,348
adif,B4005,BIF. POBLETE,0.0075975635193591155,0.08717896069674726,266,91
adif,B4015,BIF. CAMBIADOR PLASENCIA DE JALON,0.23990790120243377,0.06112793662200777,6,109
adif,B4030,BIF. MONCASI,0.23823043239481256,0.04820081104666085,7,135
adif,B4041,BIF. HUESCA,0.04417250465812109,0.037951508307239534,92,153
adif,B4043,BIF. CANAL IMPERIAL,0.2067018249152782,0.04548021148811663,12,140
adif,B4054,BIF. LES TORRES DE SANUI,0.17737357241958066,0.04590797871430283,15,139
adif,B4100,BIF. ARTESA DE LLEIDA,0.07704640273590889,0.0004363225707099225,46,342
adif,B4104,BIF. CAN TUNIS-A. V.,0.07061736480434821,0.004132231404958678,48,292
adif,B4300,BIF. MOLLET,0.029865729978660528,0.0007785363516588813,122,334
adif,B4301,BIF. CARTUJA,0.005069051815240409,0.016451927519121196,291,219
adif,B4303,BIF. GIRONA-MERCADERIES,0.024165263182767415,0.0,140,348
adif,B5052,BIF. CORDOBA MERCANCIAS,0.004549233155952518,0.10985062368461579,296,78
adif,B5073,BIF. SAN JERONIMO,0.0020343387085340783,0.028360967096144964,343,182
adif,B5101,BIF. LOS NARANJOS,0.003827946318064896,0.06332666016460484,326,107
adif,B5102,BIF. TAMARGUILLO,0.0014611204405106152,0.05945108909535787,346,115
adif,B5103,BIF. UTRERA,0.03342081173108864,0.02049005013431891,114,204
adif,B5109,BIF. LA NEGRILLA,0.0031919990418013892,0.012080146467498247,333,247
adif,B5119,BIF. S. BERNARDO,0.008004838658424215,0.039585579111270815,263,150
adif,B5410,BIF. LA FEREDAT,0.028479134769913064,0.21452526393237856,124,41
adif,B5601,BIF. GRANADA,0.004132231404958678,0.004132231404958678,305,292
adif,B5701,BIF. ALMERIA,0.015376737991080129,0.01234536214773369,189,239
adif,B5702,"GRANADA AG. KM 53,273",0.011784919181870052,0.016426261485550025,214,222
adif,B5703,"GRANADA AG. KM 54,289",0.008476852632696806,0.02049005013431891,250,204
adif,B6000,BIF. CERRO NEGRO/STA. CATALINA,0.004132231404958678,0.004132231404958678,305,292
adif,B6001,"VALLECAS AV - AGUJA KM.12,300",0.24213385352970157,0.0,5,348
adif,B6091,"LA ENCINA AGUJA KM. 2,963",0.010524234846651562,0.2890508700785381,227,24
adif,B6100,"CHINCHILLA MONTEAR.AG.KM.298,4",0.03751506351732213,0.3212189654877402,105,19
adif,B6405,BIF. ALACANT,0.00046198860428109444,0.008093355919442876,362,279
adif,B6406,BIF. BENALUA,0.000960052244637225,0.06406241979364509,353,104
adif,B6411,BIF. MOIXENT,0.009282283999957636,0.28842632992830625,240,25
adif,B6500,BIF. PUERTO CABANYAL,0.044218590756242834,0.2347672090755095,91,31
adif,B6501,"VFSL-AG.KM.5,8",0.008983111749910169,0.009470766387762435,242,254
adif,B6504,BIF. NAZARET,0.008776357590586842,0.008255907465393631,244,261
adif,B6505,BIF. PUERTO FSL,0.04226683149223057,0.23412555823623019,97,32
adif,B6722,"SAGUNT-AGUJA KM. 268,8.",0.01942552546666814,0.0,163,348
adif,B6731,"SAGUNT-AGUJA KM. 32,3",0.04263809270482434,0.23251715346577007,96,33
adif,B7081,BIF. TERUEL,0.02272179081091409,0.001762400971887138,152,329
adif,B7082,BIF. PLAZA,0.020318216765740534,0.01755556696268159,158,214
adif,B7173,"BELLVITGE AGUJA KM. 674,8",0.002907391247312196,0.053830227743271224,335,122
adif,B7181,BIF. ARAGO,0.007144906166388634,0.015827387368889344,272,230
adif,B7183,BIF.GLORIAS-CLOT,0.004259359750607632,0.004192118816624746,301,291
adif,B7510,BIF. VILASECA,0.011499173413163411,0.20897284533648172,216,43
adif,B7511,BIF. A VILANOVETA,0.0,0.0,367,348
adif,B7800,BIF. CANFRANC,0.016426261485550025,0.016426261485550025,182,222
adif,B7801,BIF. HOYA DE HUESCA,0.004132231404958678,0.004132231404958678,305,292
adif,B7901,BIF. AIGÜES,0.0072035491643057965,0.0007699810071351574,271,335
adif,B8000,"BIF. KM.231,5",0.007928522948285794,0.0604606197491573,265,111
adif,B8100,BIF. CASTILLA,0.06779684456467737,0.0,51,348
adif,B8801,BIF. VILANOVA,0.007054032482013569,0.011737932686549287,273,249
adif,B9521,BIF. REBOLLEDO,0.005507319708336083,0.05056208613520867,287,129
adif,B9701,BIF. P. PIO,0.021403185706224497,0.3900723782146707,155,15
adif,B9811,BIF. VICALVARO-MERCANCIAS,0.006266678058851629,0.015604948411272523,279,231
adif,C1160,"P.K. 641,181 (FRONTERA)",0.0,0.0,367,348
adif,C3308,FUENTES OÑORO-FRONTERA,0.0,0.0,367,348
adif,C4003,"KM. 2,8",0.008247352120869907,0.008247352120869907,259,271
adif,PK068,"P.K. 0,682 PTO CONEXION MALAGA",0.0,0.0,367,348
adif,PK540,"P.K. 5,404 PTO",0.0,0.0,367,348
adif,XX001,FASA-RENAULT,0.0,0.0,367,348
adif,XX003,MERCABARNA,0.0,0.0,367,348
adif,XX004,GENERAL MOTOS,0.0,0.0,367,348
adif,XX005,TALLERES,0.0,0.0,367,348
adif,XX006,MUSEO DELICIAS,0.0,0.0,367,348
adif,XX011,CENTRAL LECHERA,0.0,0.0,367,348
adif,XX015,CANTERA LUGONES,0.0,0.0,367,348
adif,XX017,CEPSA FACTORIA,0.0,0.0,367,348
adif,XX018,AZVISA CENTRO LOGÍSTICO,0.0,0.0,367,348
