,Degree Centrality,Closeness Centrality,Betweenness Centrality,Eigenvector Centrality,Clustering Coefficient,Cluster
Abrucena,0.015806111696522653,0.07854009765786642,0.006722470791869011,3.528417082627655e-11,0.45714285714285713,2
Berja,0.01053740779768177,0.0745658835546476,0.0006733598482811696,1.0278076263272908e-11,0.6666666666666666,1
Arboleas,0.0136986301369863,0.0787944204583195,0.006113899022460162,8.221427215376111e-10,0.47435897435897434,2
Benahadux,0.009483667017913592,0.07404228758679879,0.0005605479556718203,3.475315628984958e-11,0.6388888888888888,0
Vera,0.009483667017913592,0.07614539035545213,0.0013156918823068284,7.195810049516778e-10,0.6111111111111112,0
Turre,0.008429926238145416,0.0761392811296534,0.0007211258859022456,4.992268078591532e-10,0.6785714285714286,1
Canjáyar,0.011591148577449946,0.07549120992761117,0.0009500135212657501,1.9408302437727737e-11,0.6181818181818182,0
Olula del Río,0.012644889357218123,0.07945411922304085,0.004389603319289494,2.61568192614701e-10,0.48484848484848486,2
Carboneras,0.006322444678609061,0.07436721260089335,3.304415868443821e-06,1.4105203864954696e-10,0.8666666666666667,1
Oria,0.009483667017913592,0.0805397606721548,0.006633163856704772,4.090835869349787e-10,0.5277777777777778,0
Ejido (El),0.008429926238145416,0.0736458171659165,6.66384503151571e-05,8.886811953767337e-12,0.75,1
Gérgal,0.011591148577449946,0.0757684630738523,0.001136151531441534,5.974621128110697e-11,0.5272727272727272,0
Nevada,0.012644889357218123,0.07513261024463622,0.0010517299382924639,1.378245173439897e-11,0.5606060606060606,0
Uleila del Campo,0.011591148577449946,0.0749960486802592,0.0005556137258918458,1.8841487385567542e-10,0.5636363636363636,0
Vélez-Blanco,0.009483667017913592,0.08363444082136247,0.014397253048701465,1.2832944115335306e-09,0.4166666666666667,2
Roquetas de Mar,0.009483667017913592,0.07403651115618662,0.00039717827737519176,2.5422647159961115e-11,0.6944444444444444,1
Níjar,0.01053740779768177,0.07460105337630689,0.0010772225267028875,1.614521412004703e-10,0.6,0
Pulpí,0.008429926238145416,0.0794142259414226,0.00148577608174128,2.4851873100947597e-09,0.6071428571428571,0
Tíjola,0.009483667017913592,0.07904381142761953,0.001170077421492994,1.2105541420304469e-10,0.5833333333333334,0
Tabernas,0.011591148577449946,0.07591392688584914,0.002390581563542527,1.0566860635822632e-10,0.5454545454545454,0
Alcalá de los Gazules,0.01053740779768177,0.06460616788072708,0.0018001719266237416,3.626585176413645e-13,0.5111111111111111,0
Setenil de las Bodegas,0.015806111696522653,0.07099573576718785,0.0021756943335169104,2.3860165131941842e-12,0.5142857142857142,0
Algar,0.01053740779768177,0.06555225530151275,0.001770132899002926,6.856341138978063e-13,0.5555555555555556,0
San Roque,0.005268703898840885,0.06268163804491414,0.0011458680909703152,1.2690839631231185e-13,0.6,0
Zahara,0.011591148577449946,0.06862390628389615,0.0008538026752747243,1.6539953210652793e-12,0.6181818181818182,0
Bornos,0.01053740779768177,0.06797994269340975,0.0017436715940573378,9.62815842304007e-13,0.4666666666666667,2
Vejer de la Frontera,0.006322444678609061,0.061647395088995714,0.0003283296132079988,8.111610449707366e-14,0.6,0
Benalup-Casas Viejas,0.008429926238145416,0.06270648870093828,0.0006898178864615112,1.642632543672058e-13,0.5357142857142857,0
Bosque (El),0.012644889357218123,0.0685149086708541,0.006465487991407758,1.2345615002752094e-12,0.5151515151515151,0
Puerto de Santa María (El),0.005268703898840885,0.06387561418859797,0.0011768679236869358,1.0029328962343395e-13,0.5,2
San Fernando,0.006322444678609061,0.06199777879401581,0.00024773025935030115,9.225830706184188e-14,0.6,0
Sanlúcar de Barrameda,0.004214963119072708,0.06411728937233971,0.001391250855103912,1.893808846802251e-13,0.5,2
Jimena de la Frontera,0.009483667017913592,0.06540767799296988,0.0014034413700303057,4.605316175354281e-13,0.5555555555555556,0
Paterna de Rivera,0.009483667017913592,0.06450955067636463,0.001432272418584392,3.1489983265765517e-13,0.5277777777777778,0
Puerto Serrano,0.012644889357218123,0.06987188926520395,0.003204456333050726,1.7251118397038886e-12,0.5454545454545454,0
Tarifa,0.0031612223393045306,0.059873817034700315,1.018912498017752e-06,2.850663712885781e-14,0.6666666666666666,1
Lebrija,0.0073761854583772385,0.06799455470373289,0.003255847945528718,6.530076419708996e-13,0.47619047619047616,2
Carpio (El),0.012644889357218123,0.08534940192463351,0.03953358257318426,2.281964300763924e-11,0.42424242424242425,2
Monturque,0.012644889357218123,0.08013849011991217,0.006078584255231507,3.7286949443562735e-12,0.5303030303030303,0
Añora,0.009483667017913592,0.08631195998180992,0.012132902346387819,1.8807217368493813e-10,0.6666666666666666,1
Priego de Córdoba,0.011591148577449946,0.08019944223780952,0.00973718832949092,8.47801659609012e-12,0.4,2
Posadas,0.01053740779768177,0.08064242012236573,0.01188822256292288,8.143880710175674e-12,0.4444444444444444,2
Doña Mencía,0.011591148577449946,0.0834946331163118,0.014858563914998518,9.742027510357385e-12,0.4,2
Belalcázar,0.009483667017913592,0.08657179346834519,0.01629383178742117,2.2586027296501523e-10,0.5,2
Peñarroya-Pueblonuevo,0.008429926238145416,0.082882096069869,0.007263688693702683,4.545103951697456e-11,0.5714285714285714,0
Benamejí,0.014752370916754477,0.0788402425853618,0.01769549085471985,3.8718706964026975e-12,0.4835164835164835,2
Cañete de las Torres,0.01053740779768177,0.08502822327748409,0.002717651666482513,1.9398600938694077e-11,0.5777777777777777,0
Cardeña,0.009483667017913592,0.08835303975421283,0.022978657858879134,8.112745588186735e-11,0.4722222222222222,2
Guadalcázar,0.012644889357218123,0.08242855902023799,0.04375839222438362,9.108825259897672e-12,0.4090909090909091,2
Espejo,0.009483667017913592,0.07998988536749832,0.000920049484294117,5.784306991210239e-12,0.5277777777777778,0
Victoria (La),0.009483667017913592,0.08220008661758336,0.004599956780780228,1.0032668617461614e-11,0.5,2
Villanueva del Rey,0.01053740779768177,0.08361233480176211,0.01747452946486938,5.5646802481085354e-11,0.5111111111111111,0
Rambla (La),0.012644889357218123,0.08050559891414999,0.012325961034333505,4.941217606345676e-12,0.4696969696969697,2
Cuevas de San Marcos,0.011591148577449946,0.07857911733046287,0.005066781437207791,3.1567777765459688e-12,0.5454545454545454,0
Villa del Río,0.009483667017913592,0.08489131407102603,0.0025034759472862492,1.889439528311562e-11,0.6111111111111112,0
Obejo,0.01053740779768177,0.08534940192463351,0.017678987130139486,5.1322776664996244e-11,0.5111111111111111,0
Peñaflor,0.009483667017913592,0.07881405198903746,0.01258828691052993,2.6982153137385276e-12,0.5555555555555556,0
Pedroche,0.01053740779768177,0.0888992974238876,0.033024868463248966,2.3839526762341533e-10,0.5333333333333333,0
Casariche,0.0136986301369863,0.07560548119821542,0.001868692400442056,2.990938913299082e-12,0.5897435897435898,0
Villanueva de Córdoba,0.008429926238145416,0.08657179346834519,0.005396602234243785,9.613803228979489e-11,0.5714285714285714,0
Villaralto,0.011591148577449946,0.08657179346834519,0.023835273284597336,2.3276958252193604e-10,0.5272727272727272,0
Villaviciosa de Córdoba,0.011591148577449946,0.08381911323087794,0.021404924255938845,4.936649120582902e-11,0.4727272727272727,2
Pulianas,0.014752370916754477,0.079255052613997,0.003964194407012748,1.1772516380409168e-11,0.5824175824175825,0
Polopos,0.01053740779768177,0.07488361082616586,0.0002434158138232801,5.7593267143288745e-12,0.6222222222222222,0
Dúrcal,0.015806111696522653,0.07591392688584914,0.0011175205332761122,7.62756929327443e-12,0.5619047619047619,0
Arenas del Rey,0.01685985247629083,0.07581083240134207,0.009226386339253883,5.9408784465076264e-12,0.5083333333333333,0
Ogíjares,0.01685985247629083,0.079255052613997,0.007340551834902967,1.0166756703032317e-11,0.5416666666666666,0
Itrabo,0.012644889357218123,0.07541921640308352,0.0015220897246080293,4.896090946328222e-12,0.6212121212121212,0
Cádiar,0.015806111696522653,0.0752517643327254,0.002064936467560893,1.1422333817630197e-11,0.5047619047619047,2
Vegas del Genil,0.012644889357218123,0.07880096321514572,0.000960756152480522,8.499847191276663e-12,0.6818181818181818,1
Caniles,0.0136986301369863,0.08087608658598944,0.010198482498307649,9.141391959450089e-11,0.41025641025641024,2
Pinos Genil,0.01685985247629083,0.08008438818565401,0.010312266505019332,1.3296640331749835e-11,0.5333333333333333,0
Purullena,0.0136986301369863,0.08015202702702702,0.009957695570834346,2.161956021227549e-11,0.47435897435897434,2
Colomera,0.014752370916754477,0.07981497056349873,0.002424486350031678,1.5088544830858735e-11,0.5384615384615384,0
Cortes de Baza,0.01053740779768177,0.08546469740634005,0.010248145828344919,8.047129178938253e-11,0.6444444444444445,0
Noalejo,0.014752370916754477,0.08371559633027523,0.005937933107242641,2.869095538439324e-11,0.5384615384615384,0
Galera,0.011591148577449946,0.08493690145887407,0.007054969207233179,1.8700466072871205e-10,0.5454545454545454,0
Castril,0.011591148577449946,0.08554173427077699,0.0035767348166503505,1.2078785824991065e-10,0.5818181818181818,0
Cijuela,0.0136986301369863,0.07919552699657849,0.005192845511569031,9.23530784726267e-12,0.5512820512820513,0
Freila,0.0136986301369863,0.08364181209236736,0.011806540078193727,6.591477769920274e-11,0.48717948717948717,2
Cúllar,0.011591148577449946,0.08434056167792392,0.006248190359188136,1.723293530641194e-10,0.5272727272727272,0
Montejícar,0.012644889357218123,0.08378211353403373,0.0032815578543642634,2.8150628037588107e-11,0.5757575757575758,0
Valle del Zalabí,0.01053740779768177,0.07960073813118604,0.001997164829738378,1.930832555973268e-11,0.5777777777777777,0
Huétor Tájar,0.014752370916754477,0.07825513317390946,0.009758511619769882,6.0552400519960724e-12,0.4065934065934066,2
Pinar (El),0.01685985247629083,0.0838339222614841,0.01368379214764703,2.9645451012564563e-11,0.475,2
Jerez del Marquesado,0.01685985247629083,0.07990233223878083,0.007381834508316253,1.8115868508966412e-11,0.4666666666666667,2
Órgiva,0.014752370916754477,0.07513261024463622,0.001704149680870231,7.47398899893274e-12,0.5714285714285714,0
Motril,0.009483667017913592,0.07378897441878547,7.409430427743186e-05,3.5373874643609236e-12,0.75,1
Pedro Martínez,0.0136986301369863,0.08419091554293825,0.012760365828714577,4.048370416321413e-11,0.4230769230769231,2
Puebla de Don Fadrique,0.008429926238145416,0.08904945106502768,0.029066177105903715,3.77188952895166e-10,0.4642857142857143,2
Alcaucín,0.011591148577449946,0.07480097737841886,0.00505546491888012,2.8153721925447076e-12,0.5454545454545454,0
Huelva,0.0073761854583772385,0.06534012668686312,0.0013914314351427927,7.271253178378928e-13,0.6190476190476191,0
Jabugo,0.014752370916754477,0.07058386017106731,0.005037160968343827,1.105733276412082e-11,0.4835164835164835,2
Bollullos Par del Condado,0.012644889357218123,0.0691388605566079,0.0037554913634521795,1.9722029902158946e-12,0.5454545454545454,0
San Bartolomé de la Torre,0.01053740779768177,0.06511595992864004,0.0011639149748189205,1.2711162688129895e-12,0.4666666666666667,2
Higuera de la Sierra,0.011591148577449946,0.07191573204001213,0.0038286088022585697,7.237893842641077e-12,0.4727272727272727,2
Aroche,0.012644889357218123,0.06894297130403197,0.002767613358976108,7.34763811647661e-12,0.48484848484848486,2
Arroyomolinos de León,0.014752370916754477,0.0738751362291764,0.007483464381954575,1.4506679614771479e-11,0.5384615384615384,0
Ayamonte,0.0031612223393045306,0.062356265194822263,0.0,1.763760155955187e-13,1.0,1
Trigueros,0.01053740779768177,0.06671822272215973,0.0016376710197689645,1.6026868491652995e-12,0.5555555555555556,0
Bonares,0.008429926238145416,0.06704344754503709,0.0006494159804870785,1.2629047563228835e-12,0.6428571428571429,0
Cerro de Andévalo (El),0.012644889357218123,0.06886792452830189,0.003808263731994573,4.3804952725336175e-12,0.5,2
Minas de Riotinto,0.012644889357218123,0.07103293413173653,0.005378047026158293,4.471528166227023e-12,0.4393939393939394,2
Lepe,0.005268703898840885,0.06262372970832783,7.660885647783433e-06,4.1420133692599306e-13,0.7,1
Manzanilla,0.0136986301369863,0.06946274337578685,0.003455850209705188,2.4269342192921856e-12,0.5641025641025641,0
Higuera la Real,0.014752370916754477,0.07183951551854656,0.0023489900906485447,1.8890108851286623e-11,0.6043956043956044,0
Encinasola,0.0136986301369863,0.07140170039876609,0.0049971437290696865,1.5309267064171115e-11,0.5384615384615384,0
Pilas,0.01053740779768177,0.06831269795565793,0.0010617057003805405,1.6022224702029323e-12,0.7555555555555555,1
Paymogo,0.006322444678609061,0.0645973725410115,6.85420043952793e-06,1.5511176995574061e-12,0.8666666666666667,1
Puebla de Guzmán,0.009483667017913592,0.06483126110124333,0.0008103583647442454,1.908764000637328e-12,0.5833333333333334,0
Rosal de la Frontera,0.008429926238145416,0.06717157417893545,0.0010578902958776118,4.520405688276449e-12,0.6785714285714286,1
Santa Bárbara de Casa,0.0073761854583772385,0.06604955456570157,0.00016940118957697186,2.2790686585027397e-12,0.7619047619047619,1
Real de la Jara (El),0.01053740779768177,0.0740538431525556,0.0034724583791036203,8.21865405643302e-12,0.5555555555555556,0
Valverde del Camino,0.012644889357218123,0.0679410080183276,0.001991320783316985,3.2682025451557557e-12,0.4696969696969697,2
Albanchez de Mágina,0.015806111696522653,0.08884935867428144,0.030003441516406895,1.2813856666075332e-10,0.4666666666666667,2
Castillo de Locubín,0.011591148577449946,0.08262232282779035,0.004703623070024038,1.5885357314067998e-11,0.5272727272727272,0
Arjonilla,0.01053740779768177,0.08675381661943504,0.005003064780361008,5.5283155051566653e-11,0.6,0
Arquillos,0.01053740779768177,0.09143462761345024,0.01901948159060439,6.301571262472998e-10,0.5555555555555556,0
Arroyo del Ojanco,0.009483667017913592,0.09431524547803617,0.023361899677205995,2.91193976465841e-09,0.4722222222222222,2
Ibros,0.0136986301369863,0.08961284230406043,0.05011563260657298,2.952198710142328e-10,0.48717948717948717,2
Baños de la Encina,0.008429926238145416,0.09054479534395574,0.021018308234361238,5.137547094616436e-10,0.5357142857142857,0
Bélmez de la Moraleda,0.014752370916754477,0.08592123132639204,0.00887020844389506,9.922236097013562e-11,0.4835164835164835,2
Pegalajar,0.0136986301369863,0.08478513356562137,0.004575463711459694,5.484583549299277e-11,0.5641025641025641,0
Santa Elena,0.008429926238145416,0.09126755145220235,0.005670143585971897,1.424978485523669e-09,0.5357142857142857,0
Castellar,0.01053740779768177,0.09316709208717848,0.02578131524553761,9.050762721191971e-10,0.5111111111111111,0
Cazorla,0.0136986301369863,0.08869158878504672,0.013595038270678301,2.0033176644915532e-10,0.46153846153846156,2
Santo Tomé,0.012644889357218123,0.09020055127839559,0.01914963908639848,3.4832721957703686e-10,0.5303030303030303,0
Villares (Los),0.014752370916754477,0.08499776085982982,0.010776901885693337,4.337023635228807e-11,0.5164835164835165,0
Villardompardo,0.011591148577449946,0.08589012580324011,0.01530796859002864,5.419054146154425e-11,0.5454545454545454,0
Quesada,0.012644889357218123,0.08805790108564536,0.006006358913687809,1.3720819686392935e-10,0.5454545454545454,0
Iznatoraf,0.011591148577449946,0.09322200392927309,0.033285074416167536,8.664201365320949e-10,0.4909090909090909,2
Jabalquinto,0.0136986301369863,0.0875461254612546,0.005016320664550937,1.9244018068546078e-10,0.5,2
Jamilena,0.014752370916754477,0.08504346267586702,0.010126005343452081,3.849417995332895e-11,0.46153846153846156,2
Lahiguera,0.012644889357218123,0.08874135028988217,0.05354053372086728,7.271054693045386e-11,0.5151515151515151,0
Orcera,0.011591148577449946,0.09406284071761324,0.05924895727522432,2.478642952948484e-09,0.36363636363636365,2
Pozo Alcón,0.011591148577449946,0.08468677494199536,0.0024546530479451194,8.320515625562327e-11,0.6,0
Torreperogil,0.011591148577449946,0.08815606130980028,0.0008955458678323673,2.7347038344633286e-10,0.6363636363636364,0
Santiago-Pontones,0.008429926238145416,0.0906832298136646,0.014300657085524042,4.930358895766865e-10,0.42857142857142855,2
Fuente de Piedra,0.015806111696522653,0.075275640517173,0.004172351755441702,3.2266589443773098e-12,0.5142857142857142,0
Villanueva del Trabuco,0.0136986301369863,0.07507317459061782,0.003589762626120878,2.7739726168717748e-12,0.5512820512820513,0
Sayalonga,0.01053740779768177,0.07407118326568841,0.0003197563663721321,2.6333418721364466e-12,0.6222222222222222,0
Alhaurín de la Torre,0.01053740779768177,0.07046855275859508,0.0006501951152735716,1.5012174993543594e-12,0.6888888888888889,1
Mijas,0.009483667017913592,0.07046332046332046,0.001524701467920707,1.2072974456296997e-12,0.7222222222222222,1
Almáchar,0.011591148577449946,0.07221672627653908,0.0028760516593315526,2.050781512585276e-12,0.6181818181818182,0
Cañete la Real,0.015806111696522653,0.07127835361273847,0.002162696746689368,2.858843226046353e-12,0.5047619047619047,2
Almogía,0.012644889357218123,0.07211794209286419,0.0037044511591042477,1.89029458879413e-12,0.5909090909090909,0
Álora,0.01685985247629083,0.07224971450323563,0.004773111608923537,2.5875995446107468e-12,0.48333333333333334,2
Yunquera,0.014752370916754477,0.07083146738319152,0.0038850314228740584,1.947293913208344e-12,0.5054945054945055,2
Antequera,0.014752370916754477,0.073990332137845,0.0029847699636646736,2.771952534973912e-12,0.5164835164835165,0
Benahavís,0.009483667017913592,0.06780024290919483,0.0020006419519525594,9.996122353114914e-13,0.6388888888888888,0
Benaoján,0.0136986301369863,0.06849512811259473,0.0016145704958632102,1.5260041536659655e-12,0.5,2
Martín de la Jara,0.015806111696522653,0.07560548119821542,0.00940682315578661,3.1860894765895313e-12,0.5523809523809524,0
Colmenar,0.015806111696522653,0.07508505419732574,0.006663477812534735,3.0419123268162685e-12,0.4857142857142857,2
Casares,0.009483667017913592,0.0664891753660758,0.0032100157935006455,6.468473960990339e-13,0.5,2
Guaro,0.01053740779768177,0.06821449108683152,0.00013384884980156548,1.3500872976383404e-12,0.6888888888888889,1
Frigiliana,0.01053740779768177,0.07462451836124873,0.0011920276338182648,3.0927835703429587e-12,0.6444444444444445,0
Ojén,0.01053740779768177,0.06817039005818548,0.0012238623846660406,1.1980271952339948e-12,0.6666666666666666,1
Gilena,0.01685985247629083,0.07590785474324108,0.007176053259889325,3.6078344815310317e-12,0.5333333333333333,0
Guadalcanal,0.008429926238145416,0.07672406823510389,0.004399792332078213,5.671696405011322e-12,0.5,2
Villanueva del Ariscal,0.0136986301369863,0.07238749046529366,0.002687325344068677,2.3285969457339887e-12,0.6923076923076923,1
Mairena del Alcor,0.0136986301369863,0.07268132036455541,0.0035948183967740425,2.3147193214848706e-12,0.5384615384615384,0
Rinconada (La),0.015806111696522653,0.0725812619502868,0.0068049762417319104,2.6641544385319937e-12,0.5714285714285714,0
Tocina,0.014752370916754477,0.0771921262404425,0.029018951326480972,3.043465998077412e-12,0.4725274725274725,2
Algámitas,0.01791359325605901,0.073106848470842,0.01280050965942388,3.149711572070228e-12,0.4852941176470588,2
Palomares del Río,0.014752370916754477,0.07216181278990191,0.005949608973674553,2.174745534312403e-12,0.6153846153846154,0
Paradas,0.012644889357218123,0.07419859265050821,0.005957021631771728,2.2327808169203904e-12,0.48484848484848486,2
Gerena,0.014752370916754477,0.07245934183400779,0.006710099736084504,2.979515685714823e-12,0.5824175824175825,0
Castilleja de la Cuesta,0.014752370916754477,0.07239301243420551,0.0033441861140993084,2.4533268477387655e-12,0.6483516483516484,1
Villaverde del Río,0.01053740779768177,0.07246487477092242,0.0001516333226449888,2.0174460306726384e-12,0.7333333333333333,1
Lora del Río,0.012644889357218123,0.07717957059206246,0.010775857598420827,2.8513985670539574e-12,0.4393939393939394,2
Luisiana (La),0.012644889357218123,0.07767864451174593,0.013967464695406495,3.0246339011766988e-12,0.5151515151515151,0
Ronquillo (El),0.0136986301369863,0.07400764251735163,0.011200322803844833,4.8651132824575784e-12,0.4358974358974359,2
Pedroso (El),0.009483667017913592,0.07682344369788716,0.007752696585121772,2.7455037742734536e-12,0.4722222222222222,2
Molares (Los),0.012644889357218123,0.07010933806146571,0.0033075687817912015,1.7992604366070284e-12,0.5,2
Écija,0.0136986301369863,0.07762146245705873,0.006703571457776686,3.3662760520830393e-12,0.5256410256410257,0
Marinaleda,0.014752370916754477,0.07770408581020224,0.016497327682564712,3.5042689633035783e-12,0.5714285714285714,0
Isla Mayor,0.012644889357218123,0.06835205992509363,0.003404722876071525,1.6993103483192923e-12,0.6060606060606061,0
Lantejuela (La),0.0136986301369863,0.07431480031323415,0.0017104991601152295,2.7432057274201123e-12,0.5641025641025641,0
Morón de la Frontera,0.015806111696522653,0.0723764490543014,0.004794244991091652,2.529197513670461e-12,0.4857142857142857,2
Navas de la Concepción (Las),0.01053740779768177,0.08027406530197936,0.029730588844430864,1.030067732059263e-11,0.37777777777777777,2
Osuna,0.014752370916754477,0.07302808772604848,0.001315970372161983,2.9933454622752074e-12,0.6043956043956044,0
Palacios y Villafranca (Los),0.0136986301369863,0.07010415897170717,0.0028814413735455185,1.856847049518212e-12,0.5,2
Puebla de Cazalla (La),0.01685985247629083,0.07316321023822372,0.007857663824613427,3.101137687115788e-12,0.48333333333333334,2
Aínsa-Sobrarbe,0.004214963119072708,0.07035362146934539,0.005152029513204071,2.9686234488364527e-05,0.16666666666666666,2
Albalate de Cinca,0.011591148577449946,0.07687322802754151,0.029218636447227626,0.000830802166988271,0.6545454545454545,1
Almudévar,0.005268703898840885,0.07845568783068783,0.001718636631303255,3.959374934041391e-06,0.6,0
Altorricón,0.014752370916754477,0.07404228758679879,0.002645456811897471,0.0017058531978581956,0.6593406593406593,1
Sotonera (La),0.005268703898840885,0.0775707045937551,0.006129469379027976,4.4237778858015424e-07,0.5,2
Fonz,0.008429926238145416,0.07192663331817493,2.2018218344506353e-05,0.0005100240583933777,0.7857142857142857,1
Benabarre,0.0073761854583772385,0.07216730038022813,0.01164296460241198,0.00037811400340645457,0.5238095238095238,0
Benasque,0.0031612223393045306,0.06607254751792802,0.002210748394256656,1.2577474589965778e-05,0.3333333333333333,2
Sabiñánigo,0.005268703898840885,0.07353169068650241,0.006892607231200815,1.5015071771368429e-06,0.3,2
Binaced,0.012644889357218123,0.07691684227589561,0.03790785112582915,0.0008527617490139623,0.6212121212121212,0
Torrente de Cinca,0.014752370916754477,0.07743778049775601,0.03560111133872293,0.0016433502876162765,0.5494505494505495,0
Lalueza,0.006322444678609061,0.0799157894736842,0.0667588034081723,8.074259437107862e-05,0.26666666666666666,2
Graus,0.006322444678609061,0.07191573204001213,0.000844256572486853,0.00028256652522352357,0.7333333333333333,1
Gurrea de Gállego,0.009483667017913592,0.08290381759412947,0.019641701513746602,6.609149345129477e-07,0.3333333333333333,2
Huesca,0.005268703898840885,0.07846866214651893,0.0061105707259180506,3.8412416738907174e-06,0.5,2
Jaca,0.0031612223393045306,0.07248701497097464,0.0005243038407857045,8.860913141029047e-08,0.6666666666666666,1
Sallent de Gállego,0.002107481559536354,0.06850501696383454,0.0,6.995911286724274e-08,1.0,1
Gimenells i el Pla de la Font,0.012644889357218123,0.0739730298542365,0.001169130864978392,0.001678011285800027,0.803030303030303,1
Híjar,0.009483667017913592,0.08345791926831413,0.010508474849838313,1.862353714970333e-05,0.5833333333333334,0
Cella,0.0031612223393045306,0.08759460956248846,0.041628683367546555,5.354369759524537e-09,0.3333333333333333,2
Alcañiz,0.008429926238145416,0.07998988536749832,0.0010165317802676814,5.0475213192425946e-05,0.6785714285714286,1
Andorra,0.006322444678609061,0.08106261211241138,0.0019670639493430944,1.168511596128565e-05,0.6666666666666666,1
Calaceite,0.01053740779768177,0.08098651647038743,0.007877037602067427,0.00037406643458870687,0.4888888888888889,2
Calamocha,0.0031612223393045306,0.08648500865761415,0.0006046404847420066,2.460953192833704e-08,0.6666666666666666,1
Calanda,0.009483667017913592,0.08226421636615812,0.017587691325583656,5.116106174955492e-05,0.5555555555555556,0
Utrillas,0.0031612223393045306,0.08381911323087794,0.0023369642317468795,5.162754691553564e-07,0.3333333333333333,2
Monreal del Campo,0.005268703898840885,0.08912471825694966,0.04385344681943239,2.4928836319247828e-08,0.2,2
Sarrión,0.004214963119072708,0.08263671194705677,0.001643009778108147,1.3244248379709386e-07,0.3333333333333333,2
Teruel,0.0031612223393045306,0.08415358694688303,0.0009785563874728923,1.1227852537047503e-08,0.6666666666666666,1
Valderrobres,0.01053740779768177,0.08107646304997865,0.010216212711696296,0.00011532055881298239,0.4666666666666667,2
Ainzón,0.011591148577449946,0.09060530838266183,0.02322725340454022,1.1794245897105119e-07,0.5636363636363636,0
Pinseque,0.011591148577449946,0.08841889499673902,0.016085070246336118,4.0006129203015556e-07,0.4909090909090909,2
Puebla de Alfindén (La),0.0073761854583772385,0.08320911880754055,0.00229379137639753,1.4247756271560496e-06,0.5714285714285714,0
Cariñena,0.0073761854583772385,0.08886599868901583,0.02876113762165795,2.0011412927778015e-07,0.5238095238095238,0
Alhama de Aragón,0.0031612223393045306,0.09366363995262535,0.08548403559949955,7.028156370783492e-09,0.3333333333333333,2
Ricla,0.01053740779768177,0.0908133971291866,0.04954244139563804,1.2730748014750024e-07,0.5333333333333333,0
Belchite,0.0073761854583772385,0.08564209006407364,0.021430179901844967,2.7763941152571822e-06,0.5714285714285714,0
Biota,0.008429926238145416,0.08630411058566752,0.014460807538013576,1.3627806184168982e-07,0.42857142857142855,2
Boquiñeni,0.011591148577449946,0.08863360418417858,0.07413246108793689,3.5126365123581296e-07,0.4909090909090909,2
Brea de Aragón,0.0073761854583772385,0.09165539887966004,0.05198083468202444,3.425185727933994e-08,0.5714285714285714,0
Bujaraloz,0.009483667017913592,0.08022656183954688,0.027320071019912465,0.00013958595331109574,0.3888888888888889,2
María de Huerva,0.01053740779768177,0.08710417622762735,0.03945631914053335,1.4313835560066185e-06,0.4444444444444444,2
Calatayud,0.006322444678609061,0.09134661661372606,0.032955047107708385,2.3067164302005855e-08,0.6,0
Caspe,0.011591148577449946,0.08234273318872018,0.02610899551588979,0.00012619905542236506,0.4909090909090909,2
Daroca,0.005268703898840885,0.08989296201572416,0.04212227966195463,1.7809079359114183e-08,0.4,2
Ejea de los Caballeros,0.0073761854583772385,0.08625704417378659,0.003329972285239434,1.0923049810919515e-07,0.6190476190476191,0
Lumpiaque,0.009483667017913592,0.08917496711144522,0.013659874765966579,1.265464651655037e-07,0.6111111111111112,0
Sástago,0.009483667017913592,0.08345791926831413,0.010508474849838313,1.862353714970333e-05,0.5833333333333334,0
Fabara,0.01053740779768177,0.0791228947807237,0.010799741922469984,0.0004316063036886713,0.4666666666666667,2
Fuentes de Ebro,0.008429926238145416,0.0832894505880288,0.01471984987032481,8.831674667116194e-06,0.5714285714285714,0
Quinto,0.008429926238145416,0.08332601633154799,0.027494745763368907,1.3968456253397102e-05,0.6071428571428571,0
San Mateo de Gállego,0.008429926238145416,0.08384132873928793,0.06678499413663067,4.303726888220412e-06,0.42857142857142855,2
Mallén,0.0136986301369863,0.09063992359121299,0.0310588370573543,1.2975695341673148e-07,0.47435897435897434,2
Cascante,0.011591148577449946,0.08791106993978694,0.06374479477211839,2.1959116088751802e-07,0.6545454545454545,1
Allande,0.009483667017913592,0.06929030373831775,0.028824075705929323,1.1143068802486604e-11,0.4166666666666667,2
Aller,0.01053740779768177,0.07623714652956298,0.006940962140903446,1.4830367982222004e-10,0.6,0
Castrillón,0.009483667017913592,0.07017673593137617,0.002524629412210464,9.082828358646395e-11,0.8055555555555556,1
Belmonte de Miranda,0.009483667017913592,0.06888292081004573,0.00040336740148064936,3.8075010605566617e-11,0.6944444444444444,1
San Martín del Rey Aurelio,0.012644889357218123,0.07457174288857457,0.022879282009508072,5.093862187247042e-10,0.5909090909090909,0
Coaña,0.008429926238145416,0.06530415634461877,0.007066934002165313,3.8986742571593076e-12,0.5714285714285714,0
Llanes,0.006322444678609061,0.07573822825219473,0.012174004133232283,4.218318436896359e-08,0.7333333333333333,1
Cabranes,0.0073761854583772385,0.07426246185147507,0.001879898852326355,4.805839398594813e-10,0.7142857142857143,1
Regueras (Las),0.011591148577449946,0.07316321023822372,0.002974963110123683,1.0384492052242226e-10,0.7454545454545455,1
Cangas de Onís,0.006322444678609061,0.07579266831722706,0.05426435289801959,6.791563923212466e-09,0.4666666666666667,2
Carreño,0.008429926238145416,0.06977941176470588,3.7030822410406843e-06,1.1197950459553828e-10,0.8214285714285714,1
Caso,0.008429926238145416,0.07758973101136457,0.004954113924408974,5.006930659453695e-10,0.5714285714285714,0
Castropol,0.01053740779768177,0.06529516994633273,0.012075955485515976,2.104483445987315e-12,0.5555555555555556,0
Muros de Nalón,0.01053740779768177,0.07028067836777012,0.00457759297073615,6.98879341206973e-11,0.7111111111111111,1
Palacios del Sil,0.006322444678609061,0.07211246200607903,0.018481940717155726,6.1042873379494544e-12,0.4666666666666667,2
Grandas de Salime,0.01053740779768177,0.06552962298025135,0.015265658198044553,3.984766996022936e-12,0.5111111111111111,0
Ibias,0.009483667017913592,0.06809701492537314,0.023226268523778258,2.2046130539108372e-12,0.4722222222222222,2
Riosa,0.0136986301369863,0.07324791602346403,0.00938120402687666,1.3627819677896533e-10,0.6153846153846154,0
Ribera de Arriba,0.012644889357218123,0.07316885119506554,0.004385440298425946,1.2900865538118616e-10,0.6818181818181818,1
Siero,0.012644889357218123,0.07452489398460814,0.026786052451894315,5.068266758494481e-10,0.6212121212121212,0
Peñamellera Baja,0.008429926238145416,0.07593214914386302,0.04232353438400285,7.873298380027865e-08,0.6428571428571429,0
Teverga,0.012644889357218123,0.07345201238390092,0.04820917359094354,1.0035476244374474e-10,0.5,2
Tineo,0.011591148577449946,0.06917918063857705,0.02104462950080149,3.8505540933816506e-11,0.5272727272727272,0
Valdés,0.006322444678609061,0.06634971684262043,0.002335946170754372,9.065032443606234e-12,0.6,0
Reocín,0.0136986301369863,0.08027406530197936,0.022011340477508627,3.809985901324224e-07,0.6794871794871795,1
Limpias,0.01685985247629083,0.07997640316871735,0.005441139662037082,2.8992478482731987e-06,0.6083333333333333,0
Molledo,0.014752370916754477,0.0831071021980909,0.009530172980621322,4.181548193472992e-07,0.5714285714285714,0
Argoños,0.0136986301369863,0.07905039566847147,0.0008869687113171954,1.6983593129751646e-06,0.6666666666666666,1
Meruelo,0.012644889357218123,0.07978142076502732,0.013521422106245686,1.2217048802313662e-06,0.7272727272727273,1
Astillero (El),0.0136986301369863,0.0797411982186371,0.005023739590322723,8.156305856707477e-07,0.717948717948718,1
Cabezón de la Sal,0.0136986301369863,0.08017911456573167,0.013056985089076463,2.697565305775823e-07,0.6410256410256411,0
Rionansa,0.012644889357218123,0.08024691358024691,0.007250789091225023,1.8303082479743866e-07,0.6060606060606061,0
Potes,0.008429926238145416,0.0784297520661157,0.0024951854163932597,5.4474528881816876e-08,0.5357142857142857,0
Campoo de Enmedio,0.012644889357218123,0.0830561876422195,0.008432907383026217,2.0677318273498967e-07,0.4696969696969697,2
Villafufre,0.01791359325605901,0.0831726555652936,0.01940647802045809,8.889672859615921e-07,0.5588235294117647,0
Castro-Urdiales,0.01685985247629083,0.07995618838992333,0.004000392510392924,3.7803056355638968e-06,0.65,1
San Vicente de la Barquera,0.01053740779768177,0.0785726113594966,0.005974474823370994,1.7064376029006774e-07,0.7111111111111111,1
Corrales de Buelna (Los),0.012644889357218123,0.08014525800185796,0.008662310813718703,3.170281395345404e-07,0.7272727272727273,1
Entrambasaguas,0.0136986301369863,0.07969432314410481,0.004771671296031674,9.994486192995447e-07,0.7051282051282052,1
Miengo,0.012644889357218123,0.07797863599013968,0.00022586057658574324,4.5497790891445407e-07,0.7272727272727273,1
Ramales de la Victoria,0.01685985247629083,0.0819799585348998,0.004406624568418789,2.6296311602342433e-06,0.5833333333333334,0
Selaya,0.015806111696522653,0.08315807921486155,0.010031598544354708,8.704483258039451e-07,0.6095238095238096,0
Valderredible,0.009483667017913592,0.08664292887793298,0.026057606173992852,2.440563967392839e-07,0.3888888888888889,2
Albacete,0.009483667017913592,0.09550166046090369,0.021589129891203075,1.4015038925589e-08,0.5555555555555556,0
Casas-Ibáñez,0.009483667017913592,0.09436213582579298,0.026371426173058377,1.7662505937301643e-07,0.4722222222222222,2
Alcaraz,0.009483667017913592,0.09763374485596708,0.013417909947965833,1.0087706746335521e-08,0.5277777777777778,0
Almansa,0.011591148577449946,0.0887330528284245,0.008707276385921387,8.222487225622059e-07,0.5636363636363636,0
Bonete,0.011591148577449946,0.09258536585365854,0.047437941121308565,3.8408722592035576e-07,0.38181818181818183,2
San Pedro,0.011591148577449946,0.09836235489220564,0.028172031358967595,1.1806355432052604e-08,0.43636363636363634,2
Barrax,0.009483667017913592,0.09741326216382673,0.007109492071142584,1.9832174594212354e-08,0.5277777777777778,0
Molinicos,0.008429926238145416,0.09412814917675065,0.01952883416723689,4.064050878849564e-09,0.5357142857142857,0
Bonillo (El),0.009483667017913592,0.10072171513479092,0.026015164600353295,4.9475727903686436e-08,0.4722222222222222,2
Valdeganga,0.008429926238145416,0.09349753694581281,0.006762600425312258,4.4285728735341525e-08,0.5,2
Caudete,0.015806111696522653,0.08723228237889512,0.006717038889425061,1.0532099815435966e-06,0.5619047619047619,0
Cenizate,0.01053740779768177,0.09578118691966088,0.060688348046664876,4.507516322038121e-08,0.4666666666666667,2
Pozo Cañada,0.009483667017913592,0.09472948692353764,0.012484975394961966,3.849540030427858e-08,0.5,2
Letur,0.008429926238145416,0.09189503243923695,0.025609501036332864,8.62036521644207e-09,0.4642857142857143,2
Ontur,0.008429926238145416,0.09134661661372606,0.016654694763981546,1.245837283971723e-07,0.5,2
Gineta (La),0.011591148577449946,0.09895724713242962,0.03455982211990792,2.417470905586918e-08,0.4909090909090909,2
Tobarra,0.008429926238145416,0.09205548549810845,0.027339402580931146,4.692350899607928e-08,0.5357142857142857,0
Lezuza,0.009483667017913592,0.09869994799791992,0.03125369040262102,1.9293321197667178e-08,0.4722222222222222,2
Liétor,0.009483667017913592,0.09396969997029408,0.02639247125573772,1.6927147644578117e-08,0.5,2
Tarazona de la Mancha,0.01053740779768177,0.09728344438749359,0.03878356440929611,3.4034342271130524e-08,0.5111111111111111,0
Casas de Fernando Alonso,0.011591148577449946,0.10074309978768578,0.06400453694044167,1.5171740137714148e-07,0.38181818181818183,2
Nerpio,0.0073761854583772385,0.09084817154891825,0.030891837645645848,2.0824779047847367e-09,0.42857142857142855,2
Ossa de Montiel,0.009483667017913592,0.09997892962494732,0.012898032006833739,7.359712019628372e-08,0.5,2
Pozohondo,0.01053740779768177,0.09510924032872319,0.0144089122469277,1.728205066784881e-08,0.4666666666666667,2
Riópar,0.009483667017913592,0.09453132782149616,0.01671894604414642,4.498212928084531e-09,0.4444444444444444,2
Casas de Benítez,0.009483667017913592,0.0970843989769821,0.014149809195059839,5.285480079144979e-08,0.4722222222222222,2
Provencio (El),0.006322444678609061,0.09861789462745506,0.005320218610009966,3.0472893788595163e-07,0.7333333333333333,1
Abenójar,0.006322444678609061,0.0944654588891101,0.0030506817831985463,4.8612152084277126e-08,0.7333333333333333,1
Agudo,0.0073761854583772385,0.08926723732480482,0.0016540594820056394,2.6476316594397413e-09,0.7619047619047619,1
Montiel,0.011591148577449946,0.09655102248448469,0.009560535789484752,1.4493322804818358e-08,0.4909090909090909,2
Campo de Criptana,0.01053740779768177,0.10334313405205271,0.01854750558633914,2.890350052067532e-06,0.5333333333333333,0
Piedrabuena,0.008429926238145416,0.09639410868461148,0.01491619361707247,7.696068743141488e-08,0.6071428571428571,0
Calzada de Calatrava,0.0073761854583772385,0.09528112449799196,0.005596476314071584,2.2719964904183335e-08,0.5238095238095238,0
Carrizosa,0.01053740779768177,0.10029592052420207,0.015875522424817066,4.2868295670395345e-08,0.5555555555555556,0
Chillón,0.01053740779768177,0.09097009202453987,0.05817843562334887,2.614460210643488e-09,0.4666666666666667,2
Bolaños de Calatrava,0.01053740779768177,0.09827068447758103,0.045479037352061595,9.423298667516236e-08,0.4444444444444444,2
Almodóvar del Campo,0.006322444678609061,0.09386745796241346,0.012275637081644237,1.841123188490516e-08,0.5333333333333333,0
Arenas de San Juan,0.009483667017913592,0.10282804204139126,0.04764963173422744,8.573760547888804e-07,0.4166666666666667,2
Argamasilla de Alba,0.008429926238145416,0.10288378143972246,0.03307163415209718,5.03991005372695e-07,0.35714285714285715,2
Torralba de Calatrava,0.008429926238145416,0.09727347273472735,0.00662301313466899,9.480805857690436e-08,0.6071428571428571,0
Torrenueva,0.01053740779768177,0.09627675763416861,0.012563689847606259,1.7401035342021593e-08,0.4222222222222222,2
Miguelturra,0.01053740779768177,0.09843377243024583,0.014737555866817131,1.2331145664579065e-07,0.5555555555555556,0
Corral de Calatrava,0.009483667017913592,0.09676761496889977,0.003913827729910211,8.086151224000858e-08,0.6111111111111112,0
Cózar,0.009483667017913592,0.09675774877650897,0.003782352632082596,1.5606589943757575e-08,0.6111111111111112,0
Malagón,0.008429926238145416,0.10155163188871054,0.029321400514265964,4.777571519941778e-07,0.5714285714285714,0
Fuencaliente,0.004214963119072708,0.0895790069850859,0.010920971706068983,9.807187691891593e-10,0.5,2
Villafranca de los Caballeros,0.009483667017913592,0.10610465116279069,0.03926654718175397,4.939441165323286e-06,0.5833333333333334,0
Membrilla,0.008429926238145416,0.09885416666666667,0.008277653551767178,8.684099703287154e-08,0.5,2
Mota del Cuervo,0.01053740779768177,0.10261678200692041,0.011019057085224186,3.2888269976573367e-06,0.5333333333333333,0
Puebla de Don Rodrigo,0.0073761854583772385,0.09372839506172839,0.05950975649474901,3.816732860067339e-08,0.42857142857142855,2
San Pablo de los Montes,0.009483667017913592,0.10004216740459625,0.044104823172997916,1.0586593251881758e-05,0.6388888888888888,0
Robledo (El),0.0073761854583772385,0.09845419649341218,0.050808210383495894,5.955123612633892e-07,0.5238095238095238,0
San Carlos del Valle,0.008429926238145416,0.09838274932614555,0.01067839272391422,4.080587525180187e-08,0.6071428571428571,0
Socuéllamos,0.01053740779768177,0.10318582146352072,0.04336967094440082,7.439457203884976e-07,0.37777777777777777,2
Villamanrique,0.01053740779768177,0.09701492537313433,0.019191416392226046,7.874674380231637e-09,0.5111111111111111,0
Villanueva de la Fuente,0.011591148577449946,0.09825033647375504,0.03396648770145273,1.2698892795956917e-08,0.4909090909090909,2
Viso del Marqués,0.006322444678609061,0.09493797519007603,0.04143211556790124,7.13268575840772e-09,0.4666666666666667,2
Alberca de Záncara (La),0.008429926238145416,0.09933012350847813,0.007271301767259388,3.3037102601572837e-07,0.5,2
Villar de Olalla,0.0031612223393045306,0.09702484408547184,0.0030435630338190483,4.2699227819225037e-07,0.6666666666666666,1
Barajas de Melo,0.011591148577449946,0.10262787931220936,0.0023586873616778118,2.469736500166809e-05,0.6181818181818182,0
Pedernoso (El),0.008429926238145416,0.10245060995357876,0.04866652108342264,1.2815077270599802e-06,0.6071428571428571,0
Motilla del Palancar,0.006322444678609061,0.09672816226684335,0.011864902092364692,2.2973158465444407e-08,0.6,0
Horcajo de Santiago,0.011591148577449946,0.10282804204139126,0.005181001533058106,1.6022976261015917e-05,0.509090909090909,0
Valverde de Júcar,0.006322444678609061,0.09699509403107114,0.006534356969620995,7.447023979027859e-08,0.4666666666666667,2
Huete,0.008429926238145416,0.10020061239573434,0.009968908193494214,7.679216170271918e-06,0.42857142857142855,2
Villalpardo,0.008429926238145416,0.09409081895697005,0.017158914828463854,7.141836330687066e-08,0.5714285714285714,0
Talayuelas,0.005268703898840885,0.08919172932330827,0.009418569861654702,1.0736481425833259e-07,0.7,1
Priego,0.001053740779768177,0.09154929577464789,0.0,5.05049634558851e-07,0.0,2
San Lorenzo de la Parrilla,0.004214963119072708,0.09772423025435073,0.004348122947336906,4.433516665611558e-07,0.5,2
Tarancón,0.011591148577449946,0.10308494460134694,0.0016722507969613228,2.5992249082768565e-05,0.6363636363636364,0
Albalate de Zorita,0.009483667017913592,0.10116192303592368,0.0012202116770714643,2.048541857317138e-05,0.6666666666666666,1
Villanueva de la Torre,0.01685985247629083,0.1038293216630197,0.002949710585221213,5.335535289903898e-05,0.75,1
Trijueque,0.012644889357218123,0.10423989455184535,0.07952553967211791,2.2733562577411536e-05,0.5151515151515151,0
Guadalajara,0.01791359325605901,0.10409125808928375,0.0073325868192533955,5.185413756935221e-05,0.6397058823529411,0
Valdeolmos-Alalpardo,0.02107481559536354,0.10510577029571382,0.02650491384097858,6.906780021373728e-05,0.6157894736842106,0
Cifuentes,0.004214963119072708,0.09827068447758103,0.0020106471982505184,2.0737789085338883e-06,0.6666666666666666,1
Yunquera de Henares,0.0136986301369863,0.10225191250942786,0.0028752501420889957,3.277840026291299e-05,0.6794871794871795,1
Torrejón del Rey,0.01791359325605901,0.1048271291284657,0.005474620476273271,5.4838571608826514e-05,0.7058823529411765,1
Jadraque,0.005268703898840885,0.09933012350847813,0.0038814316503285044,5.7840124795207085e-06,0.6,0
Pioz,0.018967334035827184,0.10609278926774734,0.01256981138362063,5.6101748782546564e-05,0.6013071895424836,0
Molina de Aragón,0.001053740779768177,0.08183856502242152,0.0,1.1004053321836268e-09,0.0,2
Villar del Olmo,0.02107481559536354,0.10475769952533392,0.004611237226623031,7.095325456260774e-05,0.5894736842105263,0
Sacedón,0.008429926238145416,0.10076449352304098,0.007499440178546424,9.695619071848544e-06,0.32142857142857145,2
Sigüenza,0.004214963119072708,0.09947589098532494,0.08393128320903459,1.5978844527104003e-06,0.5,2
Uceda,0.0136986301369863,0.10507085916740479,0.014544939972224627,3.6201826986901906e-05,0.717948717948718,1
Ajofrín,0.015806111696522653,0.10481555113761873,0.02834072161279769,3.3538151163720406e-05,0.5523809523809524,0
Pantoja,0.023182297154899893,0.10700191678881497,0.02150946629420413,8.854706356104826e-05,0.5714285714285714,0
Alcaudete de la Jara,0.009483667017913592,0.09789560552919331,0.004913347285155759,6.6571522584016095e-06,0.5833333333333334,0
Escalona,0.01791359325605901,0.10338816864582198,0.019951071292959966,4.571784629354908e-05,0.5367647058823529,0
Cobisa,0.01791359325605901,0.10298426478567553,0.025102847170513535,4.9806832678397476e-05,0.5661764705882353,0
Magán,0.02107481559536354,0.10505922727775932,0.0052604917919196505,7.537483050988999e-05,0.5842105263157895,0
Esquivias,0.023182297154899893,0.10705019740552736,0.02762962452791269,0.0001002204409790744,0.6103896103896104,0
Gerindote,0.018967334035827184,0.1011727078891258,0.0023705915345202315,4.462728891419122e-05,0.5294117647058824,0
Portillo de Toledo,0.023182297154899893,0.10387478108581435,0.010657051778866907,6.92964861897834e-05,0.48484848484848486,2
Carpio de Tajo (El),0.015806111696522653,0.10109726217108768,0.01439938558473891,2.161162327967156e-05,0.580952380952381,0
Carranque,0.02423603793466807,0.10652149511729711,0.017400337463805104,0.0001014043989559143,0.5810276679841897,0
Casar de Escalona (El),0.015806111696522653,0.10186775440103049,0.0060534799136944895,2.8349570388874668e-05,0.5523809523809524,0
Valmojado,0.02423603793466807,0.10531572522472533,0.013107497796357488,9.414214070395335e-05,0.549407114624506,0
Castillo de Bayuela,0.014752370916754477,0.09969534614980566,0.007792062465344149,2.0109079806333898e-05,0.5274725274725275,0
Cebolla,0.014752370916754477,0.09747329498767461,0.0005865923743938724,2.0483287467519495e-05,0.6043956043956044,0
Lominchar,0.022128556375131715,0.10612838291210021,0.01047967336979854,8.805411425574388e-05,0.5904761904761905,0
Consuegra,0.009483667017913592,0.1056792873051225,0.05182407223861734,7.248609731191147e-06,0.4166666666666667,2
Lillo,0.0136986301369863,0.10445789763346175,0.010027793931034057,1.9732078298036905e-05,0.48717948717948717,2
Cuerva,0.012644889357218123,0.1017585245550075,0.0013368359127659637,2.094370920966742e-05,0.696969696969697,1
Guardia (La),0.01791359325605901,0.10785316513240141,0.09688456827355167,4.341172632683349e-05,0.4485294117647059,2
Polán,0.015806111696522653,0.10190056909696124,0.0044804306862191124,3.109111292126754e-05,0.6,0
Yepes,0.01685985247629083,0.10540930800844163,0.0025888396687666518,5.839117146158945e-05,0.6166666666666667,0
Lagartera,0.009483667017913592,0.09646269566985159,0.036282739507918986,1.2927677599252566e-06,0.5277777777777778,0
Mejorada,0.012644889357218123,0.09988422271339858,0.036420096838699414,9.854064239828232e-06,0.5,2
Quintanar de la Orden,0.009483667017913592,0.10453844459131967,0.031110806673666568,5.406754485128938e-06,0.6388888888888888,0
Orgaz,0.01053740779768177,0.1040227995177025,0.0050986625007573205,2.1822784002327125e-05,0.6222222222222222,0
Navahermosa,0.01053740779768177,0.09806758292859358,0.001672038068276516,1.302995402838729e-05,0.7333333333333333,1
Navalcán,0.008429926238145416,0.0951187731783101,0.0044255653838360985,2.2744459964119093e-06,0.5714285714285714,0
Navalucillos (Los),0.01053740779768177,0.09903986641619704,0.001464300247895163,1.079494148356915e-05,0.6888888888888889,1
Noblejas,0.02107481559536354,0.10519898015741048,0.032967165489074045,7.221852490069327e-05,0.5368421052631579,0
Aranjuez,0.02107481559536354,0.10563223508459484,0.00931059569024787,8.347774707451656e-05,0.6,0
Villa de Don Fadrique (La),0.011591148577449946,0.10510577029571382,0.041159415872829445,1.1484482938900786e-05,0.5636363636363636,0
Santa Cruz de la Zarza,0.015806111696522653,0.10386341249863193,0.005471206373685453,4.4030895514095655e-05,0.580952380952381,0
Adrada (La),0.014752370916754477,0.10125906956892873,0.017655504336435833,2.6711267057129007e-05,0.5274725274725275,0
Mombeltrán,0.009483667017913592,0.09895724713242962,0.019664273168516634,4.164399406300651e-06,0.4166666666666667,2
Arévalo,0.008429926238145416,0.09862814383704012,0.021378907817915002,1.8089150284245605e-06,0.4642857142857143,2
Ávila,0.006322444678609061,0.09828086164043082,0.00039136236218946166,1.0181955085911938e-05,0.7333333333333333,1
Barco de Ávila (El),0.008429926238145416,0.09436213582579298,0.0060614430446131315,3.2091184883977595e-07,0.5714285714285714,0
Navaluenga,0.01053740779768177,0.09972677595628415,0.006095198332317473,1.8081938063801657e-05,0.6222222222222222,0
Madrigal de la Vera,0.012644889357218123,0.09707446808510638,0.03291194753521401,1.0056174313349503e-06,0.4696969696969697,2
Cebreros,0.01685985247629083,0.10164952870608397,0.006166954713148699,4.378092858926561e-05,0.5833333333333334,0
Madrigal de las Altas Torres,0.01053740779768177,0.09359897425781635,0.00785976775445417,3.305290872634408e-07,0.5111111111111111,0
Navas del Marqués (Las),0.01685985247629083,0.1031970421922575,0.01231966821422743,4.305176775077857e-05,0.6,0
Piedrahíta,0.006322444678609061,0.09492847854356307,0.022581641383826682,2.953738164380438e-07,0.5333333333333333,0
Burgos,0.005268703898840885,0.0926486380943083,0.04736132189997056,4.466933624776904e-08,0.4,2
Aranda de Duero,0.006322444678609061,0.09625722689927985,0.05393255207049573,1.2066198736782647e-07,0.26666666666666666,2
Belorado,0.008429926238145416,0.08973146747352496,0.041025943373877716,2.3129397291366465e-07,0.42857142857142855,2
Briviesca,0.008429926238145416,0.08969754253308128,0.023479157349690426,3.851165990421019e-07,0.5,2
Iruña Oka/Iruña de Oca,0.014752370916754477,0.0834432427679592,0.00531334310470957,3.513156273443726e-06,0.5054945054945055,2
Espinosa de los Monteros,0.01685985247629083,0.0844681797952826,0.031328048205606945,1.7125249743240255e-06,0.49166666666666664,2
Huerta de Rey,0.006322444678609061,0.09285714285714286,0.008932840402788947,8.68341815751562e-09,0.4666666666666667,2
Lerma,0.005268703898840885,0.09386745796241346,0.04675576525799156,1.0979873656609876e-08,0.3,2
Villarcayo de Merindad de Castilla la Vieja,0.009483667017913592,0.08676174803437557,0.01735288996871784,8.401345694665246e-07,0.4722222222222222,2
Melgar de Fernamental,0.0073761854583772385,0.08669833729216152,0.006855798154264795,7.207660277764774e-09,0.47619047619047616,2
Merindad de Río Ubierna,0.0073761854583772385,0.08920011279255569,0.022143363966013435,1.5180200260588108e-07,0.42857142857142855,2
Ribera Baja/Erribera Beitia,0.011591148577449946,0.08646137026239067,0.01416977501052317,1.2955479322661515e-06,0.4909090909090909,2
Trespaderne,0.009483667017913592,0.0863433718496952,0.014697425886218479,9.723854190796365e-07,0.4722222222222222,2
Duruelo de la Sierra,0.006322444678609061,0.09040678289034962,0.001672928241367507,2.232085456721084e-09,0.5333333333333333,0
Roa,0.0031612223393045306,0.09289350039154268,0.0018363956229840886,1.913983756163003e-08,0.6666666666666666,1
Salas de los Infantes,0.005268703898840885,0.09054479534395574,0.018780728628336185,1.4057195809213686e-08,0.4,2
Villadiego,0.0073761854583772385,0.08889097040089922,0.025040499807019462,2.969697986767438e-08,0.38095238095238093,2
Artziniega,0.02107481559536354,0.08323831242873432,0.008108439740498581,5.165827584126951e-06,0.5578947368421052,0
San Justo de la Vega,0.0073761854583772385,0.07938101212881639,0.048111740146971414,2.8330408763609437e-11,0.5714285714285714,0
Bañeza (La),0.0073761854583772385,0.08124304425990926,0.007012683124755509,4.229711363274383e-11,0.6190476190476191,0
Folgoso de la Ribera,0.006322444678609061,0.07483046838038164,0.1133999567826583,4.521899200252755e-12,0.4666666666666667,2
Santa Marina del Rey,0.009483667017913592,0.07942751925008369,0.06686750314808868,4.6192604423697854e-11,0.6111111111111112,0
Sabero,0.008429926238145416,0.08080722070844687,0.008057174800049853,3.707391014661797e-10,0.5357142857142857,0
Cubillos del Sil,0.005268703898840885,0.07056286712766749,0.008507995966521641,7.882969189425496e-13,0.8,1
Villadecanes,0.0073761854583772385,0.07087907984166107,0.059145739318237515,1.0413072969218095e-12,0.47619047619047616,2
Santovenia de la Valdoncina,0.01053740779768177,0.08095197475049049,0.010121374441172122,8.692620050182645e-11,0.6444444444444445,0
Robla (La),0.009483667017913592,0.08095197475049049,0.012177380637211434,9.92340121796818e-11,0.6388888888888888,0
Vega de Espinareda,0.0073761854583772385,0.070873786407767,0.03774114134986075,1.0569656020289664e-12,0.5238095238095238,0
Valdepolo,0.01053740779768177,0.08458110516934046,0.02649618614537236,6.682813286272834e-10,0.4666666666666667,2
Villamañán,0.011591148577449946,0.08462635990725878,0.09396604760601862,2.2391771142390007e-10,0.4727272727272727,2
León,0.011591148577449946,0.08095888073707558,0.0102360810016177,1.0629963281446027e-10,0.6181818181818182,0
Villasabariego,0.009483667017913592,0.08465655664585192,0.040243959104171716,1.6379872858674346e-10,0.6666666666666666,1
Carballeda de Valdeorras,0.009483667017913592,0.06666666666666667,0.023921307175920493,1.0329981356327725e-12,0.4444444444444444,2
Villada,0.008429926238145416,0.08786223497824276,0.010525624407320744,1.5097557163752434e-09,0.42857142857142855,2
Valderas,0.0073761854583772385,0.08809059686252668,0.043059511002425416,1.3477454322693416e-09,0.5714285714285714,0
Velilla del Río Carrión,0.005268703898840885,0.08057395143487858,0.003438565138158916,4.964587840097554e-09,0.4,2
Vegas del Condado,0.009483667017913592,0.08093816631130064,0.00779950960596247,1.0272374202366651e-10,0.75,1
Villamanín,0.01053740779768177,0.0763045750582938,0.024129805669725356,1.1907179961480167e-10,0.4444444444444444,2
Aguilar de Campoo,0.0073761854583772385,0.0847927090779128,0.0022654073285502127,5.346755021058857e-08,0.5238095238095238,0
Alar del Rey,0.008429926238145416,0.08714416896235078,0.034141028206198444,3.200421265439193e-08,0.4642857142857143,2
Astudillo,0.0073761854583772385,0.08841889499673902,0.009381483032464399,4.424123782515501e-09,0.5714285714285714,0
Torquemada,0.006322444678609061,0.08628841607565012,0.000498256597562529,2.869599437523551e-09,0.7333333333333333,1
Carrión de los Condes,0.009483667017913592,0.08903274228351628,0.022198610376145053,3.762512462360054e-09,0.5,2
Cervera de Pisuerga,0.0073761854583772385,0.08178214408824543,0.003978351275014953,2.979625571198634e-08,0.42857142857142855,2
Venta de Baños,0.008429926238145416,0.09066590235979746,0.00908162554981309,2.4391105889620057e-08,0.5,2
Palencia,0.009483667017913592,0.09172627102261743,0.01677544879355714,1.1590810289953812e-08,0.4722222222222222,2
Paredes de Nava,0.008429926238145416,0.08858396340894241,0.00386472973419755,2.9187819630965665e-09,0.5714285714285714,0
Saldaña,0.008429926238145416,0.085866811436844,0.025367083718414615,4.561139659689635e-09,0.35714285714285715,2
Alba de Tormes,0.0073761854583772385,0.09343310032489908,0.05053664222280902,3.036166715278295e-08,0.5714285714285714,0
Alberca (La),0.0073761854583772385,0.08764314739564093,0.006430727319255,1.615266734405358e-08,0.42857142857142855,2
Aldeadávila de la Ribera,0.0031612223393045306,0.07741251325556733,0.0001124655519039448,4.0141249197281006e-11,0.6666666666666666,1
Carbajosa de la Sagrada,0.0073761854583772385,0.09244106760179233,0.030040746876206538,1.594884879397108e-08,0.6190476190476191,0
Béjar,0.008429926238145416,0.09117986164488855,0.0030054369393440264,1.0186662460088928e-07,0.5714285714285714,0
Villares de la Reina,0.0073761854583772385,0.09039817108020576,0.0007042782924216502,1.3988521327677397e-08,0.6666666666666666,1
Fresno el Viejo,0.009483667017913592,0.09470112763197286,0.005652626558613814,1.4306991680575712e-07,0.5833333333333334,0
Cantalpino,0.008429926238145416,0.09076996652319465,0.0015997177219729567,3.953148142105524e-08,0.6785714285714286,1
Ciudad Rodrigo,0.006322444678609061,0.08313622426631626,0.004212613341704835,1.5395088371008966e-09,0.4,2
Fuente de San Esteban (La),0.005268703898840885,0.08587458148583839,0.007361208570457887,1.1690950220346918e-09,0.4,2
Fuentes de Oñoro,0.004214963119072708,0.07907015497417097,0.0017078282499615174,1.8199144874126528e-10,0.5,2
Guijuelo,0.0073761854583772385,0.09146106399383191,0.05901219030340703,4.7239782110538926e-08,0.42857142857142855,2
Ledesma,0.008429926238145416,0.08695253802455562,0.011832781949533425,4.272972288203717e-09,0.32142857142857145,2
Lumbrales,0.005268703898840885,0.08047146612397185,0.002076622203630413,1.6879027366387072e-10,0.4,2
Peñaranda de Bracamonte,0.009483667017913592,0.09429650238473768,0.006299612991417468,1.2909344725013628e-07,0.5833333333333334,0
Vitigudino,0.005268703898840885,0.08293279734335401,0.0018330611841341554,3.0958598630760465e-10,0.5,2
Mozoncillo,0.004214963119072708,0.09783505154639176,0.00817511224056198,2.7963905750850437e-07,0.3333333333333333,2
Cantalejo,0.0073761854583772385,0.10191151202749141,0.019275023941035183,3.470167983149155e-06,0.2857142857142857,2
Carbonero el Mayor,0.009483667017913592,0.1020979020979021,0.08656263934181363,6.796514184824886e-06,0.4444444444444444,2
Nava de la Asunción,0.008429926238145416,0.09857691908174925,0.015231528384529992,3.0900087207358454e-06,0.4642857142857143,2
Cuéllar,0.008429926238145416,0.09752337889220018,0.026563278904367837,7.739709660020931e-07,0.4642857142857143,2
Espinar (El),0.015806111696522653,0.1040227995177025,0.053319232416867056,4.052887046128901e-05,0.6095238095238096,0
San Cristóbal de Segovia,0.0136986301369863,0.103140962938811,0.017692631750073785,2.5298516953699568e-05,0.5128205128205128,0
Sepúlveda,0.004214963119072708,0.09921589127025614,0.05158380227071146,1.7620958582679663e-06,0.3333333333333333,2
Villacastín,0.012644889357218123,0.10077519379844961,0.02954911129618608,2.331186727898024e-05,0.5151515151515151,0
Ágreda,0.008429926238145416,0.08667458215362134,0.001560777570124545,1.321953612404237e-07,0.8214285714285714,1
Almazán,0.0031612223393045306,0.09226132607427572,0.00591786161861982,4.451738519069916e-09,0.3333333333333333,2
Arcos de Jalón,0.0031612223393045306,0.09666904349597637,0.08830864701688831,8.381875105182958e-08,0.0,2
Berlanga de Duero,0.004214963119072708,0.09139060092449923,0.0030270089063658945,1.1788595046221395e-09,0.3333333333333333,2
Burgo de Osma-Ciudad de Osma,0.006322444678609061,0.09429650238473768,0.006307059555300213,1.5379334386950282e-08,0.4,2
Golmayo,0.004214963119072708,0.0887081697513554,0.0015848115032589774,4.682828089779721e-10,0.3333333333333333,2
San Leonardo de Yagüe,0.006322444678609061,0.09040678289034962,0.0013150134610835408,2.2672753195709843e-09,0.5333333333333333,0
Vinuesa,0.004214963119072708,0.08899099774943736,0.0001234540412512929,1.0659142204881624e-09,0.6666666666666666,1
Alaejos,0.01053740779768177,0.09057071960297766,0.002908518772534288,5.4220348598734295e-08,0.5111111111111111,0
Pedraja de Portillo (La),0.009483667017913592,0.09382105783489866,0.003915664269884049,2.7862873231914503e-07,0.7222222222222222,1
Zaratán,0.01053740779768177,0.09423096018270281,0.02860335888687992,8.997793340181461e-08,0.6222222222222222,0
Laguna de Duero,0.01053740779768177,0.09420289855072464,0.044491172207982946,1.2772332634983488e-07,0.6444444444444445,0
Santovenia de Pisuerga,0.01053740779768177,0.09423096018270281,0.02860335888687992,8.997793340181461e-08,0.6222222222222222,0
Peñafiel,0.005268703898840885,0.09704468759586869,0.006142692892697489,2.355782398875156e-07,0.3,2
Pedrajas de San Esteban,0.012644889357218123,0.09781488352916924,0.07059475292800887,7.210607776333609e-07,0.5303030303030303,0
Serrada,0.01053740779768177,0.09272105520273571,0.0021614964261790727,1.1345067365818078e-07,0.6222222222222222,0
Mayorga,0.008429926238145416,0.0881724426275202,0.08282887476971842,1.3560734154651994e-09,0.4642857142857143,2
Villabrágima,0.008429926238145416,0.0919662758019188,0.11226107609981978,1.7712433615656434e-08,0.35714285714285715,2
Rueda,0.012644889357218123,0.0944654588891101,0.009171477597607367,2.042449836874229e-07,0.5,2
Traspinedo,0.01053740779768177,0.09309397684912694,0.00497113733892087,1.3851017306592932e-07,0.6222222222222222,0
Villalón de Campos,0.008429926238145416,0.08921688445990411,0.01904530912429107,2.2374377204846235e-09,0.5,2
Trabazos,0.001053740779768177,0.05890385450934144,0.0,2.3165879181847488e-14,0.0,2
Benavente,0.006322444678609061,0.08453589880634242,0.019891937034239797,2.8615960508424165e-10,0.4666666666666667,2
Bermillo de Sayago,0.004214963119072708,0.08180329281958452,0.0004675888803757921,9.873107134856895e-10,0.5,2
Villaralbo,0.005268703898840885,0.08688884819630105,0.0008680947368761917,6.742179468445783e-09,0.7,1
Corrales,0.0073761854583772385,0.08706422018348624,0.004785192364028361,7.646332565060182e-09,0.5238095238095238,0
Fermoselle,0.004214963119072708,0.08054659650314039,0.0007141118402562887,2.922286042581788e-10,0.5,2
Fuentesaúco,0.012644889357218123,0.09272105520273571,0.0827581440333074,4.1687784384120256e-08,0.45454545454545453,2
Puebla de Sanabria,0.004214963119072708,0.06258655938798391,0.0021074815595363543,3.128046534982627e-13,0.5,2
Toro,0.008429926238145416,0.09226132607427572,0.08818733558735521,2.4889902680186133e-08,0.39285714285714285,2
Santibáñez de Vidriales,0.0031612223393045306,0.07930141221692989,0.002992324595427836,1.870772836606833e-11,0.6666666666666666,1
Villalpando,0.006322444678609061,0.09008068343616517,0.05347617785105028,2.492686245897818e-09,0.6,0
Olesa de Montserrat,0.029504741833508954,0.06693468754408238,0.010171530111710745,0.19682766866747392,0.656084656084656,1
Aiguafreda,0.029504741833508954,0.0631193880944463,0.005693893310940126,0.17642558723032378,0.5793650793650794,0
Premià de Dalt,0.02107481559536354,0.0630020580229702,0.001173642874797848,0.14410340081508136,0.7578947368421053,1
Bigues i Riells,0.029504741833508954,0.06384553283100107,0.0037458990472984213,0.19309862606936024,0.6190476190476191,0
Sant Iscle de Vallalta,0.022128556375131715,0.061277200232453026,0.0016716477899858474,0.12523988166147937,0.6904761904761905,1
Sant Andreu de Llavaneres,0.02107481559536354,0.061595378723956644,0.0005193607497281761,0.13308102122177007,0.7421052631578947,1
Sant Fruitós de Bages,0.02845100105374078,0.06504900952772637,0.005830947475971248,0.17964041223535718,0.5726495726495726,0
Berga,0.01685985247629083,0.06334690608103598,0.0019799944964516963,0.060904460107085986,0.5583333333333333,0
Balsareny,0.025289778714436245,0.06504455106237149,0.008113896462791122,0.14337383256795663,0.5434782608695652,0
Subirats,0.02423603793466807,0.06765523632993513,0.003349873041555258,0.1538506532365249,0.7312252964426877,1
Badalona,0.023182297154899893,0.06376831071092595,0.0011041210396056597,0.1640203925844707,0.7359307359307359,1
Badia del Vallès,0.030558482613277132,0.06497774734679904,0.0052197453032167005,0.20799272901501434,0.6379310344827587,1
Guardiola de Berguedà,0.011591148577449946,0.06316139767054908,0.0014618063496834848,0.027916500900434963,0.6181818181818182,0
Balenyà,0.029504741833508954,0.06141599792907067,0.0026180311683118586,0.1628627369318934,0.5423280423280423,0
Cornellà de Llobregat,0.023182297154899893,0.06408265244108312,0.001128794738164882,0.15988002503898804,0.7316017316017316,1
Sant Climent de Llobregat,0.023182297154899893,0.06678395496129487,0.003096323242145845,0.15829429116919172,0.7662337662337663,1
Hostalets de Pierola (Els),0.029504741833508954,0.0677421657505889,0.013108700547834296,0.1893403658595195,0.6375661375661376,1
Sant Pere de Riudebitlles,0.02423603793466807,0.06767453469300436,0.0029708871898281013,0.15247101450481323,0.7233201581027668,1
Sant Guim de Freixenet,0.022128556375131715,0.06905333624390599,0.015693491080367605,0.10130632874272624,0.5,2
Castellar del Vallès,0.031612223393045306,0.0650311793325567,0.005154353082415145,0.2131043755864237,0.6160919540229886,0
Calldetenes,0.0273972602739726,0.061404076350695565,0.004130449547467961,0.13317321459018913,0.5261538461538462,0
Súria,0.023182297154899893,0.06506238859180036,0.0031235265363085025,0.13128196532855363,0.5541125541125541,0
Granollers,0.0273972602739726,0.06378974255562277,0.006575662986893832,0.18293661782064494,0.6584615384615384,1
Sant Antoni de Vilamajor,0.02423603793466807,0.06165941134429212,0.0010988392149372105,0.14738110330875978,0.6640316205533597,1
Sant Pere de Ribes,0.020021074815595362,0.06758777864824443,0.0018234537498640108,0.11850524693858563,0.7660818713450293,1
Capellades,0.026343519494204423,0.06769867313454131,0.004154957820991703,0.1612861569859145,0.6633333333333333,1
Casserres,0.01791359325605901,0.06339345357381429,0.004412547672411945,0.07865379805697066,0.6029411764705882,0
Castellgalí,0.030558482613277132,0.06504900952772637,0.0032623687936720667,0.19658789567740145,0.5911330049261084,0
Pallejà,0.0273972602739726,0.06528169498521015,0.001722306434953142,0.1886911733784919,0.6892307692307692,1
Bellvei,0.02107481559536354,0.0679410080183276,0.003489587873974824,0.106518317366792,0.6789473684210526,1
Moià,0.02845100105374078,0.06384553283100107,0.001991717979738886,0.1823577573549445,0.6210826210826211,0
Sant Martí Sarroca,0.023182297154899893,0.06766005988877799,0.0024161533891788657,0.1269327603278239,0.683982683982684,1
Castellví de Rosanes,0.026343519494204423,0.06686394701613471,0.003945079956119693,0.17908173987664963,0.7066666666666667,1
Palafolls,0.01791359325605901,0.06016992137966016,0.0022652271141517947,0.07626164510873432,0.6544117647058824,1
Vilafranca del Penedès,0.023182297154899893,0.06766005988877799,0.002626324532671831,0.13449018394933357,0.7056277056277056,1
Riells i Viabrea,0.025289778714436245,0.06130094955106259,0.004223537777981256,0.13306218679798892,0.6195652173913043,0
Igualada,0.02423603793466807,0.06899309342057433,0.011982014938354883,0.14525644559477444,0.6640316205533597,1
Mollet del Vallès,0.026343519494204423,0.06376402607001276,0.001650091041555996,0.18543091743432083,0.7,1
Torelló,0.02107481559536354,0.06136437116068542,0.0044097046037255856,0.0869640954094157,0.5368421052631579,0
Prats de Lluçanès,0.022128556375131715,0.061396131202691336,0.002617799121049107,0.10228071744582391,0.5380952380952381,0
Puigcerdà,0.006322444678609061,0.06163138069879205,0.0011573171459035854,0.008418490298166404,0.6666666666666666,1
Cellera de Ter (La),0.022128556375131715,0.059539494322103016,0.0013739723163530562,0.0727322958682099,0.5904761904761905,0
Sant Hilari Sacalm,0.025289778714436245,0.06023102310231023,0.0021649205588173534,0.10939806934373972,0.5797101449275363,0
Vilafant,0.0136986301369863,0.05628373168851195,3.116434845956115e-05,0.02012497756944132,0.7051282051282052,1
Banyoles,0.018967334035827184,0.057940045179803404,0.001659387141706844,0.03446032463613409,0.5882352941176471,0
Palafrugell,0.011591148577449946,0.056850176720781166,3.8435075381313815e-05,0.020125553120006925,0.8363636363636363,1
Salt,0.020021074815595362,0.05798252581413821,0.0015973308022487914,0.052360004765669786,0.6257309941520468,0
Bisbal d'Empordà (La),0.014752370916754477,0.05688425343163699,0.00025344950393829414,0.028098946583365,0.7472527472527473,1
Celrà,0.018967334035827184,0.0578835010673986,0.0011970107991153911,0.038478260929687556,0.6274509803921569,0
Port de la Selva (El),0.0073761854583772385,0.0548301363531315,3.705136356428189e-07,0.007075949826660431,0.9523809523809523,1
Riudellots de la Selva,0.020021074815595362,0.058278064357651684,0.00032088021617565155,0.06008734084354403,0.631578947368421,0
Santa Cristina d'Aro,0.0136986301369863,0.05786232546795927,1.8326439165780856e-05,0.03741092536541625,0.8205128205128205,1
Campdevànol,0.011591148577449946,0.05978705978705979,0.0001479049839893353,0.03486774494445081,0.6727272727272727,1
Camprodon,0.011591148577449946,0.059670523138833,0.001541902115463598,0.027015272751194055,0.5454545454545454,0
Olot,0.015806111696522653,0.05800378949941935,0.000827250167293019,0.044165773033245204,0.6095238095238096,0
Castelló d'Empúries,0.009483667017913592,0.054845980465815174,2.154216898086109e-06,0.01013058294683694,0.8611111111111112,1
Ullà,0.0136986301369863,0.056850176720781166,6.313943309924018e-05,0.020649709757005842,0.7435897435897436,1
Jonquera (La),0.008429926238145416,0.05640080827291097,5.6402438522615396e-05,0.008891483983665243,0.7142857142857143,1
Sils,0.02107481559536354,0.06019281999238869,0.0029623631491809267,0.07938526680221926,0.6263157894736842,0
Sant Feliu de Pallerols,0.01791359325605901,0.05954696617933112,0.0009441233465892401,0.06017867644412366,0.625,0
Castellserà,0.014752370916754477,0.07132120847737862,0.02111157524078859,0.013578139869171663,0.4945054945054945,2
Soses,0.0136986301369863,0.07568990269580475,0.005558128808034114,0.0024627198757020113,0.7435897435897436,1
Lleida,0.015806111696522653,0.07580477673935618,0.025825114015833983,0.003946253422583086,0.6571428571428571,1
Rosselló,0.014752370916754477,0.074140625,0.01023652899344421,0.0029183742745831805,0.7142857142857143,1
Alfarràs,0.01685985247629083,0.07419279180673911,0.011989411859672986,0.0029462161866413493,0.6,0
Tàrrega,0.012644889357218123,0.07131048993086865,0.015438765746221465,0.02162568166482662,0.5606060606060606,0
Juneda,0.01791359325605901,0.07441969887076537,0.022214542481816348,0.009642941140864753,0.5220588235294118,0
Puigverd de Lleida,0.01685985247629083,0.07431480031323415,0.007511880823378223,0.006395934872264559,0.5583333333333333,0
Ponts,0.011591148577449946,0.06705292164205469,0.0023623546554283827,0.014652277096859482,0.4727272727272727,2
Térmens,0.012644889357218123,0.07106484948330088,0.0013886666197678683,0.004285479898201871,0.7272727272727273,1
Golmés,0.014752370916754477,0.07130513186565482,0.01571728661891933,0.01585531475495427,0.5604395604395604,0
Vielha e Mijaran,0.0031612223393045306,0.06346976993044409,6.439732870806776e-05,8.032432061944266e-05,0.6666666666666666,1
Torà,0.01685985247629083,0.0671858407079646,0.013377972414795611,0.06580694460239592,0.5083333333333333,0
Isona i Conca Dellà,0.0073761854583772385,0.06696775104085809,0.0013340437515080613,0.0049826379760733635,0.6190476190476191,0
Seu d'Urgell (La),0.009483667017913592,0.06532213656387666,0.005094369100650576,0.009215290179076546,0.5277777777777778,0
Oliana,0.012644889357218123,0.06712881092169484,0.006592936340734692,0.02049389957956978,0.48484848484848486,2
Pobla de Segur (La),0.0073761854583772385,0.06805306561491574,0.009468744721708309,0.0022673139786048065,0.42857142857142855,2
Vall de Boí (La),0.004214963119072708,0.06394878706199461,0.00015631061570896518,0.00017587179880237366,0.5,2
Sant Llorenç de Morunys,0.012644889357218123,0.0632793225311729,0.0009824026368596551,0.03143057549791671,0.5909090909090909,0
Solsona,0.015806111696522653,0.06499109710998494,0.0014782400689882331,0.05140969779403374,0.5428571428571428,0
Sort,0.006322444678609061,0.0651114922813036,0.0010360544118265481,0.001637299261650768,0.5333333333333333,0
Bisbal del Penedès (La),0.022128556375131715,0.0696309340377137,0.029894496298563694,0.09757667564811762,0.6190476190476191,0
Alcanar,0.009483667017913592,0.07855960264900662,0.06621743820645187,0.00015200050228493712,0.6388888888888888,0
Vilallonga del Camp,0.012644889357218123,0.06943733079680983,0.0013745202898058791,0.03233971753501907,0.7727272727272727,1
Amposta,0.01053740779768177,0.07834557912986048,0.007640267370982858,0.000325544121054144,0.5777777777777777,0
Alforja,0.014752370916754477,0.07396726422447389,0.030402483153471757,0.01787910055001328,0.5604395604395604,0
Reus,0.011591148577449946,0.07200849836861674,0.0044799069424524334,0.021458136068441352,0.7636363636363637,1
Pobla de Montornès (La),0.015806111696522653,0.06949835225192237,0.004769017840330123,0.05669514670110307,0.6952380952380952,1
Perelló (El),0.01053740779768177,0.07618206630809986,0.0659259215697385,0.0022743480569978854,0.5555555555555556,0
Flix,0.0136986301369863,0.07620653657753151,0.01048908574472257,0.0032756169429779534,0.4230769230769231,2
Gandesa,0.01053740779768177,0.07629230645550285,0.0013377597367084468,0.000828341763786486,0.5555555555555556,0
Benissanet,0.012644889357218123,0.07649524423665968,0.009318343781156983,0.0032061675522340547,0.4696969696969697,2
Montbrió del Camp,0.012644889357218123,0.07388088750486571,0.027918874115858923,0.017203202042127216,0.6515151515151515,1
Cabra del Camp,0.022128556375131715,0.0719539009780878,0.02708744698107384,0.07705051852742047,0.5190476190476191,0
Deltebre,0.008429926238145416,0.07562355566180572,0.00033847452154378734,0.00031944012473614203,0.7142857142857143,1
Pallaresos (Els),0.0136986301369863,0.0694474935967801,0.002120386258365081,0.037333678484286384,0.7307692307692307,1
Espluga de Francolí (L'),0.01791359325605901,0.07190483406576754,0.00766179121757157,0.033768902980925435,0.5,2
Falset,0.012644889357218123,0.07383490235742628,0.006319746673914705,0.008165792008325727,0.5303030303030303,0
Roquetes,0.01053740779768177,0.07790182236086028,0.0008885520850462472,0.00034006354021889125,0.6,0
Rossell,0.011591148577449946,0.0804851157662624,0.006968829868502402,7.746585592171946e-05,0.5272727272727272,0
Aceuchal,0.01791359325605901,0.07699797160243407,0.007242124778397545,4.739654383746865e-11,0.5220588235294118,0
Berlanga,0.008429926238145416,0.07900432900432901,0.005271015284128943,9.437996768208364e-12,0.6071428571428571,0
Zarza (La),0.011591148577449946,0.07930803944509443,0.00219021757844455,6.777526901430083e-11,0.6181818181818182,0
Torre de Miguel Sesmero,0.01685985247629083,0.07358870967741936,0.0022800287355413122,2.971441466501625e-11,0.5916666666666667,0
Alburquerque,0.006322444678609061,0.07473617892581509,0.0004415063099229691,1.673763872164557e-11,0.5333333333333333,0
Alconchel,0.011591148577449946,0.07297193387158785,0.00061496097275619,1.8332757721039968e-11,0.7272727272727273,1
Calamonte,0.012644889357218123,0.0789583159996672,0.0060642545106925514,9.109154493598028e-11,0.6363636363636364,0
Granja de Torrehermosa,0.009483667017913592,0.08145223585958287,0.017833269928765657,1.6232701374344687e-11,0.3888888888888889,2
Badajoz,0.01053740779768177,0.07385214007782101,0.0021623896711903197,1.8608262677985092e-11,0.5555555555555556,0
Salvaleón,0.018967334035827184,0.07385214007782101,0.006012880314461676,3.1626273470629914e-11,0.5555555555555556,0
Bienvenida,0.014752370916754477,0.07510882469331223,0.002856194416216976,1.790545169125274e-11,0.4945054945054945,2
Segura de León,0.014752370916754477,0.0732196589769308,0.001789804573942597,1.678324464033122e-11,0.5824175824175825,0
Burguillos del Cerro,0.01791359325605901,0.07440802885369296,0.007178018127497057,2.941059757674348e-11,0.5808823529411765,0
Peñalsordo,0.009483667017913592,0.08668249908659116,0.011707962952046206,8.102140519266742e-10,0.5,2
Monesterio,0.014752370916754477,0.07494866529774127,0.008205732733031568,1.4092933107439388e-11,0.5164835164835165,0
Coronada (La),0.008429926238145416,0.08505108442373185,0.017502094908039282,3.637771126492208e-10,0.35714285714285715,2
Campillo de Llerena,0.008429926238145416,0.07893861254366993,0.00421231576085839,1.5375196014185325e-11,0.5357142857142857,0
Navalvillar de Pela,0.011591148577449946,0.08786223497824276,0.015328602396716845,2.0602979070901825e-09,0.41818181818181815,2
Valdecaballeros,0.0073761854583772385,0.086579691633975,0.00028629433057395935,1.5554028875947708e-09,0.7142857142857143,1
Zalamea de la Serena,0.008429926238145416,0.08424323124722592,0.021564863981913436,5.70469545820987e-11,0.35714285714285715,2
Cheles,0.006322444678609061,0.06887792132384961,0.0,8.977939112537524e-12,1.0,1
Codosera (La),0.004214963119072708,0.07301685004231746,0.00011019038763150387,5.623647483530283e-12,0.6666666666666666,1
Corte de Peleas,0.018967334035827184,0.07752001306975985,0.020669783784460008,5.067396184152538e-11,0.5228758169934641,0
Villanueva de la Serena,0.009483667017913592,0.08501298933978321,0.01611145410371557,3.398556660518827e-10,0.4722222222222222,2
Puebla de Alcocer,0.009483667017913592,0.08847659891851575,0.009857770180447466,1.3154641127022062e-09,0.5833333333333334,0
Parra (La),0.015806111696522653,0.0741580057826053,0.001650420897744034,2.934780541055803e-11,0.6476190476190476,0
Herrera del Duque,0.01053740779768177,0.09132024634334103,0.02612007847347768,3.6146884740566373e-09,0.5777777777777777,0
Villafranca de los Barros,0.01791359325605901,0.07717957059206246,0.009267426110218783,4.600250576385595e-11,0.4852941176470588,2
Guareña,0.011591148577449946,0.08078658380863199,0.008011912651709002,1.1727996732976498e-10,0.5454545454545454,0
Hornachos,0.01053740779768177,0.07910970323441147,0.004016797779956715,2.381755958728427e-11,0.4444444444444444,2
Valle de Santa Ana,0.01685985247629083,0.07382341501361338,0.0029005295760638453,2.8623368898281222e-11,0.625,0
Llerena,0.011591148577449946,0.07671166437636408,0.004278314610990284,1.1401541509102558e-11,0.5272727272727272,0
Puebla de la Calzada,0.014752370916754477,0.07723610319850248,0.00496151117385387,4.4185492010177184e-11,0.5934065934065934,0
Santa Amalia,0.009483667017913592,0.08209342560553633,0.0019347885050387734,2.4674206620351823e-10,0.6388888888888888,0
Puebla de Sancho Pérez,0.01685985247629083,0.07607824274490942,0.006168717729598845,2.7956323046103406e-11,0.5583333333333333,0
Trujillanos,0.0136986301369863,0.08066298342541436,0.009934955636096861,1.0796612827430663e-10,0.5897435897435898,0
Monterrubio de la Serena,0.008429926238145416,0.08416851441241685,0.013223539817871024,9.222824614644559e-11,0.39285714285714285,2
Nava de Santiago (La),0.0136986301369863,0.08027406530197936,0.015552010946853583,1.404683563098143e-10,0.47435897435897434,2
Oliva de la Frontera,0.01685985247629083,0.07101698720347227,0.0035634631338541238,2.082480824078611e-11,0.5083333333333333,0
Valverde de Leganés,0.0136986301369863,0.07331015836230205,0.0016532533135508933,2.353904635570377e-11,0.6410256410256411,0
Roca de la Sierra (La),0.011591148577449946,0.07834557912986048,0.014572836996433572,5.4873560850381485e-11,0.4727272727272727,2
Pueblonuevo del Guadiana,0.011591148577449946,0.0768358837341106,0.0020282863672134296,3.517605836995925e-11,0.6,0
San Vicente de Alcántara,0.0031612223393045306,0.07341791737583166,8.561097565867209e-05,1.091564012620697e-11,0.6666666666666666,1
Siruela,0.008429926238145416,0.08946078431372549,0.006469054388323993,2.7496482615636154e-09,0.7142857142857143,1
Valencia del Ventoso,0.01791359325605901,0.07460691823899371,0.007044316898098584,2.557134542861645e-11,0.5441176470588235,0
Villanueva del Fresno,0.008429926238145416,0.06928018688859687,8.388385461591162e-06,1.1751124974720299e-11,0.8214285714285714,1
Zarza de Granadilla,0.008429926238145416,0.08605368153790352,0.0017865104907640217,2.1410896142727125e-08,0.5357142857142857,0
Alcántara,0.006322444678609061,0.07909651608601434,0.0005660418787508053,3.9580113745377556e-10,0.7333333333333333,1
Montánchez,0.011591148577449946,0.08396743939125818,0.023873164184956636,7.413865252504836e-10,0.4,2
Aldeanueva de la Vera,0.009483667017913592,0.09094393866794442,0.001969737276485917,1.2260003373296613e-07,0.5833333333333334,0
Guadalupe,0.0073761854583772385,0.09038095238095238,0.011566304717139939,8.635102677032902e-09,0.6190476190476191,0
Aliseda,0.01053740779768177,0.07882714511172025,0.006537872733171901,1.8531467670270804e-10,0.35555555555555557,2
Casatejada,0.01053740779768177,0.09273917717189485,0.02978339960335764,1.722315808363355e-07,0.4888888888888889,2
Malpartida de Cáceres,0.009483667017913592,0.08118049615055603,0.023534478754938023,3.249656748932117e-10,0.5,2
Navas del Madroño,0.008429926238145416,0.07972779971435773,0.0009710497484846834,4.70992415231882e-10,0.6071428571428571,0
Cabezuela del Valle,0.012644889357218123,0.09314880251276011,0.06207144802776028,1.262634624714778e-07,0.4393939393939394,2
Cáceres,0.0073761854583772385,0.08336261419536191,0.00340013202569319,9.254936885716895e-10,0.5238095238095238,0
Caminomorisco,0.009483667017913592,0.0861005262202867,0.005535311108509927,1.0599112582446403e-08,0.5,2
Campo Lugar,0.008429926238145416,0.08685703825736775,0.02577186134845896,2.7480585024044284e-09,0.4642857142857143,2
Cañaveral,0.01053740779768177,0.08379690949227372,0.024736232098072516,2.7236129453408754e-09,0.4888888888888889,2
Galisteo,0.008429926238145416,0.08290381759412947,0.000563864335281177,4.236555236827389e-09,0.6785714285714286,1
Castañar de Ibor,0.008429926238145416,0.09258536585365854,0.04758215423151803,1.0954144223768448e-07,0.5,2
Ceclavín,0.0073761854583772385,0.07838440571570165,0.0028307392070802805,6.170740975716335e-10,0.5714285714285714,0
Eljas,0.005268703898840885,0.07904381142761953,0.0016941487472638705,5.026147858262696e-10,0.6,0
Coria,0.011591148577449946,0.08294004544660025,0.004696111665194189,3.274840958673459e-09,0.4727272727272727,2
Gata,0.0073761854583772385,0.08280254777070063,0.0016363832274642013,1.2828189262104066e-09,0.5238095238095238,0
Guijo de Galisteo,0.01053740779768177,0.08294004544660025,0.0026024401215589627,4.2919966376394e-09,0.5333333333333333,0
Logrosán,0.009483667017913592,0.09040678289034962,0.020527488200287738,8.83631291988065e-09,0.5277777777777778,0
Madroñera,0.008429926238145416,0.0887081697513554,0.02981126089897352,8.581319472286811e-09,0.4642857142857143,2
Plasencia,0.01053740779768177,0.08791106993978694,0.027832382013244464,2.5022061159328747e-08,0.5111111111111111,0
Navalmoral de la Mata,0.009483667017913592,0.09282989337767779,0.023136154917267376,2.829737313779007e-07,0.5833333333333334,0
Rosalejo,0.009483667017913592,0.0924230619400078,0.008753838350031943,2.9729890824028684e-07,0.6111111111111112,0
Serradilla,0.008429926238145416,0.0876269621421976,0.009196847533176974,1.2725071325737359e-08,0.4642857142857143,2
Torreorgaz,0.0073761854583772385,0.08283868715083799,0.00535567983857714,5.925625658290469e-10,0.5714285714285714,0
Torrecillas de la Tiesa,0.008429926238145416,0.08993555724033359,0.038115416571672035,3.1581084937673483e-08,0.42857142857142855,2
Cesuras,0.0136986301369863,0.057746136059389074,0.002248251670142849,4.778499591454575e-12,0.6282051282051282,0
Ames,0.015806111696522653,0.0548364728995724,0.0031903810879141668,7.781905557363429e-12,0.4666666666666667,2
Aranga,0.012644889357218123,0.057682956479455386,0.0007887686699532228,3.927932881919268e-12,0.6515151515151515,1
Ferrol,0.01053740779768177,0.05570556468654614,0.00023188206272831661,2.349917715294811e-12,0.6888888888888889,1
Laracha (A),0.012644889357218123,0.05476369092273068,0.0014232762610729382,3.805327381353546e-12,0.5454545454545454,0
Boimorto,0.014752370916754477,0.05778129566488066,0.005453134136424436,6.130580809046782e-12,0.5384615384615384,0
Noia,0.014752370916754477,0.053932711979995454,0.000869539882902005,7.594781697046105e-12,0.5604395604395604,0
Miño,0.012644889357218123,0.055757931844888364,0.00041899222760519443,3.637522113690104e-12,0.6666666666666666,1
Paderne,0.014752370916754477,0.0577004924910318,0.0024118394099034448,4.457684657369746e-12,0.5934065934065934,0
Pobra do Caramiñal (A),0.0136986301369863,0.05391126512526274,0.00048649667885564336,8.399108769900619e-12,0.6153846153846154,0
Vedra,0.015806111696522653,0.05682975028444817,0.006438584703250354,9.88232125585691e-12,0.49523809523809526,2
Cabana de Bergantiños,0.008429926238145416,0.05201710151282613,9.79877144733765e-06,2.0982128415890525e-12,0.75,1
Muxía,0.008429926238145416,0.052034214277881345,1.3322037836518966e-05,2.2659894278434844e-12,0.7142857142857143,1
Cambre,0.0136986301369863,0.05576776165011459,0.003052883894099106,3.915661716814906e-12,0.5897435897435898,0
Dodro,0.014752370916754477,0.054820634278782275,0.0010145992475039639,9.32407559228025e-12,0.5824175824175825,0
Coristanco,0.011591148577449946,0.054751052904863554,0.003683223351149413,3.3969583489693826e-12,0.5818181818181818,0
Cariño,0.0073761854583772385,0.0584647609659931,0.00024319516842764835,8.291668167066126e-13,0.6666666666666666,1
Muros,0.01053740779768177,0.05206561694189938,3.011484585489078e-05,4.854028771733537e-12,0.6444444444444445,0
Cedeira,0.0073761854583772385,0.05561741780460646,1.8045792457305418e-05,1.2733603476216842e-12,0.7619047619047619,1
Cee,0.008429926238145416,0.052054193406834516,2.0442747646145116e-05,2.718460490030599e-12,0.7142857142857143,1
Tordoia,0.01685985247629083,0.05481746765249538,0.003416684043339769,6.228690313869373e-12,0.45,2
Pino (O),0.01685985247629083,0.057774260319006454,0.011010654110513976,7.022906130141551e-12,0.48333333333333334,2
Malpica de Bergantiños,0.0073761854583772385,0.05294281729428173,0.00028800487623876494,1.8799828753174337e-12,0.7619047619047619,1
Vicedo (O),0.009483667017913592,0.05854049719326383,0.0009104110790769216,9.281726281916297e-13,0.6111111111111112,0
Mazaricos,0.011591148577449946,0.05209133823690855,4.531474688206355e-05,4.3378564007574735e-12,0.6363636363636364,0
Melide,0.0136986301369863,0.05996461519019335,0.005352552995609383,6.223275711929786e-12,0.5256410256410257,0
Moeche,0.01053740779768177,0.05855133267522211,0.0005341152417936114,1.8873802573942843e-12,0.6222222222222222,0
Xermade,0.015806111696522653,0.05877252740447142,0.008958221719848588,3.069722924995297e-12,0.41904761904761906,2
Zas,0.011591148577449946,0.05207704549196071,3.85826714446161e-05,3.5022951404128605e-12,0.6363636363636364,0
Abadín,0.012644889357218123,0.06196943972835314,0.0025920454337773086,1.6231949574640644e-12,0.5151515151515151,0
Valadouro (O),0.01053740779768177,0.061767768810205674,0.004159075272704858,1.0705050347548961e-12,0.6222222222222222,0
Monterroso,0.014752370916754477,0.06098971722365039,0.007434688443769014,7.35846431766451e-12,0.4945054945054945,2
Castroverde,0.012644889357218123,0.06442634080108622,0.013157305358527075,2.75243710448246e-12,0.5151515151515151,0
Láncara,0.012644889357218123,0.06440447913131998,0.016680801814708216,3.786294109671451e-12,0.5303030303030303,0
Foz,0.008429926238145416,0.06166341780376868,0.0006001370172857313,8.813187392012242e-13,0.7857142857142857,1
Nogais (As),0.01053740779768177,0.06695357697192042,0.04276790574581422,2.050943558927694e-12,0.4222222222222222,2
Rábade,0.012644889357218123,0.060927067282999486,0.006214690622057066,3.7025852779210974e-12,0.45454545454545453,2
Incio (O),0.011591148577449946,0.06330464945634047,0.004857315564821746,4.036375454057354e-12,0.509090909090909,0
Cervo,0.008429926238145416,0.06165139998700708,0.001183913834988118,7.286570780218276e-13,0.75,1
Peroxa (A),0.015806111696522653,0.05992296520805708,0.007541768126305445,1.1084310220373525e-11,0.5333333333333333,0
Pol,0.012644889357218123,0.0644132220185977,0.012888860984643537,2.5743083712624442e-12,0.5303030303030303,0
Saviñao (O),0.012644889357218123,0.060938804340846336,0.001989061425445774,6.829842193074633e-12,0.5454545454545454,0
Fonsagrada (A),0.01053740779768177,0.0655703724176052,0.007810381731939968,2.1420241604197597e-12,0.5555555555555556,0
Friol,0.015806111696522653,0.0610014784341454,0.022096878781340378,5.624033194060362e-12,0.45714285714285713,2
Portomarín,0.0136986301369863,0.06336382453094745,0.023298206145070534,5.462285264614913e-12,0.5256410256410257,0
Lourenzá,0.012644889357218123,0.061924959216965746,0.008475772704693602,1.6156191347034015e-12,0.5303030303030303,0
Pantón,0.0136986301369863,0.06330042689434365,0.019212311599996583,7.0739453585857235e-12,0.5,2
Riotorto,0.012644889357218123,0.061953257605431515,0.0016787564208840622,1.7798406551397893e-12,0.5303030303030303,0
Ribas de Sil,0.011591148577449946,0.06318242343541944,0.009375224784729741,3.763548675158185e-12,0.43636363636363634,2
Sandiás,0.014752370916754477,0.05670411089866157,0.00015122192041950677,1.071011164487054e-11,0.6373626373626373,0
Bolo (O),0.01685985247629083,0.059892710634269486,0.0060227156941609974,1.3494310708981642e-11,0.5166666666666667,0
Arnoia (A),0.018967334035827184,0.05677195501316104,0.0032978451529673877,1.5669447628048128e-11,0.5424836601307189,0
Leiro,0.014752370916754477,0.056775351480705956,0.0007543813829119417,1.3286623098862224e-11,0.6153846153846154,0
Blancos (Os),0.011591148577449946,0.05656890796375775,3.784040431723571e-05,8.08284063872483e-12,0.7272727272727273,1
Muíños,0.012644889357218123,0.0566060244557113,9.28055847297211e-05,9.74042209826083e-12,0.7121212121212122,1
Baños de Molgas,0.01685985247629083,0.05977576215671454,0.007079814442550372,1.1058632991376495e-11,0.5,2
San Cibrao das Viñas,0.01685985247629083,0.05982097831568331,0.004543790357869963,1.321487272801735e-11,0.575,0
Cerdedo,0.015806111696522653,0.05679573882338859,0.0032507458931439674,1.2875134858189763e-11,0.5238095238095238,0
Celanova,0.014752370916754477,0.05671088801242978,7.239868619186935e-05,1.209701146354294e-11,0.7142857142857143,1
Monterrei,0.008429926238145416,0.05950962563491566,0.0013608228773854896,3.900993222780306e-12,0.6428571428571429,0
Trasmiras,0.01053740779768177,0.05958435361336096,0.0030298989078418855,6.146086738713163e-12,0.6444444444444445,0
Entrimo,0.01053740779768177,0.056545313710302095,0.00020191061891118857,8.413288720065927e-12,0.7111111111111111,1
Padrenda,0.01685985247629083,0.056744797895240374,0.002740707316349838,1.4037886657268404e-11,0.6083333333333333,0
Gudiña (A),0.009483667017913592,0.06291434632723415,0.007589871817983019,1.8022304071110043e-12,0.5,2
Dozón,0.014752370916754477,0.059972194135490396,0.014312686639373198,1.0638324628544963e-11,0.46153846153846156,2
Pobra de Trives (A),0.009483667017913592,0.06310259990690871,0.0041523230066544715,2.6200680107785174e-12,0.5555555555555556,0
Rúa (A),0.008429926238145416,0.0668451081214341,0.027281073673071417,1.6769138919103057e-12,0.5714285714285714,0
Riós,0.008429926238145416,0.059539494322103016,0.0010671040309295824,3.406536218327855e-12,0.6071428571428571,0
Viana do Bolo,0.008429926238145416,0.06288933068257124,0.002688953027955058,1.3757361285734571e-12,0.5714285714285714,0
Vila de Cruces,0.012644889357218123,0.05780241198684371,0.0028685118443252675,7.774379882065698e-12,0.48484848484848486,2
Arbo,0.014752370916754477,0.056663482206830665,0.0016549588527708786,1.2387066154874145e-11,0.5934065934065934,0
Nigrán,0.009483667017913592,0.053758567948790574,7.434189740050955e-05,7.064459140371688e-12,0.75,1
Portas,0.0136986301369863,0.05391126512526274,0.00015932795221476156,9.60473043438836e-12,0.6923076923076923,1
Moaña,0.0136986301369863,0.053865364967646726,0.0003002838936230626,1.0075155877466057e-11,0.6282051282051282,0
Cambados,0.0136986301369863,0.05389901743624695,0.0001771805295892891,9.55496306570893e-12,0.6666666666666666,1
Moraña,0.01685985247629083,0.05681273946360153,0.004335655634533926,1.2501519203125893e-11,0.5333333333333333,0
Covelo,0.01791359325605901,0.05669733540446888,0.0020173500215015685,1.4903338180492302e-11,0.5294117647058824,0
Soutomaior,0.01685985247629083,0.053932711979995454,0.00024644772837985617,1.3510549532210529e-11,0.5666666666666667,0
Rosal (O),0.004214963119072708,0.05117006362557964,0.0,2.8145900119446407e-12,1.0,1
Poio,0.014752370916754477,0.053932711979995454,0.00015572026739844145,1.0880198222721453e-11,0.6483516483516484,1
Mos,0.014752370916754477,0.053889835320840435,0.0010042297737027732,1.1553795822584611e-11,0.5934065934065934,0
Salceda de Caselas,0.011591148577449946,0.053856194313603084,0.0008514956724150329,9.046752431819908e-12,0.6545454545454545,1
Agoncillo,0.0136986301369863,0.08452084075525472,0.00787690493411073,9.561893401886994e-07,0.6666666666666666,1
Albelda de Iregua,0.012644889357218123,0.08505870753786861,0.029325350792949324,7.81788222624779e-07,0.6363636363636364,0
Lardero,0.0136986301369863,0.08509684361549498,0.029875068671764014,9.167045808984876e-07,0.6153846153846154,0
Rincón de Soto,0.015806111696522653,0.08470945282513613,0.009927973556069218,6.053788109480257e-07,0.6095238095238096,0
Castejón,0.015806111696522653,0.08702430077945897,0.02196274408153785,3.8086908659174597e-07,0.5428571428571428,0
Quel,0.0136986301369863,0.08473214285714285,0.030410772778460833,5.235196358714577e-07,0.6410256410256411,0
Nájera,0.009483667017913592,0.0868808935274192,0.016307739944638466,5.897924731144919e-07,0.6666666666666666,1
San Adrián,0.01685985247629083,0.08486094965572745,0.034696704496302744,8.12367796310049e-07,0.6,0
Haro,0.012644889357218123,0.08761887175699382,0.05288894504078923,1.1524418449690249e-06,0.5,2
Elciego,0.011591148577449946,0.08381911323087794,0.0038670829100031653,1.1369428263335592e-06,0.5818181818181818,0
Fitero,0.011591148577449946,0.0868649885583524,0.00950662201419752,2.552798673262732e-07,0.6909090909090909,1
Santo Domingo de la Calzada,0.009483667017913592,0.08680936699597512,0.010445825035598188,5.526807145971245e-07,0.6111111111111112,0
Sartaguda,0.015806111696522653,0.0839377321776048,0.011887028721911946,9.713553536062599e-07,0.6476190476190476,0
Ajalvir,0.023182297154899893,0.10412552117621242,0.0019098499399591144,8.533451247786359e-05,0.5757575757575758,0
Anchuelo,0.018967334035827184,0.10624720107478729,0.020092543012029878,6.307522471701752e-05,0.6470588235294118,0
Alcobendas,0.02845100105374078,0.10801274755292511,0.06295764605071305,0.0001027799586318901,0.4700854700854701,2
Móstoles,0.026343519494204423,0.10454996144100474,0.00650209080089388,0.00011469469130090809,0.55,0
Navas del Rey,0.023182297154899893,0.10606907343243545,0.017507501594046366,8.062771939381531e-05,0.5411255411255411,0
Collado Mediano,0.018967334035827184,0.10342197035745423,0.008331896121778733,6.008996511122258e-05,0.5947712418300654,0
Campo Real,0.023182297154899893,0.10606907343243545,0.005941368483108288,9.28895503329266e-05,0.5930735930735931,0
Chinchón,0.023182297154899893,0.10599798950072602,0.017060786658107924,8.809154309108711e-05,0.5411255411255411,0
Pozuelo de Alarcón,0.025289778714436245,0.10605721949038892,0.011290171256414634,0.0001074552321415038,0.5362318840579711,0
Manzanares el Real,0.018967334035827184,0.10521064301552106,0.011129533937840361,5.9853464009441206e-05,0.5620915032679739,0
Villanueva de la Cañada,0.022128556375131715,0.10580889731296689,0.015353106960007298,8.924273823082084e-05,0.5952380952380952,0
Lozoyuela-Navas-Sieteiglesias,0.012644889357218123,0.10387478108581435,0.05351487847107433,2.9957100295340363e-05,0.5909090909090909,0
Navalafuente,0.015806111696522653,0.10380660686939401,0.0033846232159749283,4.580021581913418e-05,0.638095238095238,0
Cadalso de los Vidrios,0.01685985247629083,0.10035956006768189,0.0014935837520157385,4.4430907555889665e-05,0.5833333333333334,0
Tielmes,0.02423603793466807,0.106080930024592,0.007405306666538742,8.541456829790844e-05,0.5375494071146245,0
Torrejón de la Calzada,0.02423603793466807,0.10532741398446172,0.00869535129945836,0.00010838214831923314,0.6007905138339921,0
Ciempozuelos,0.02423603793466807,0.10676116548543144,0.043345546077629325,0.00010284296183275018,0.5810276679841897,0
Galapagar,0.022128556375131715,0.10460758377425045,0.01218496074553873,7.56060840929631e-05,0.5523809523809524,0
Mejorada del Campo,0.02423603793466807,0.10623530728758536,0.00852022615198252,9.930387227470377e-05,0.5691699604743083,0
San Lorenzo de El Escorial,0.018967334035827184,0.1037612070850645,0.005005554707274546,6.263693289863524e-05,0.6274509803921569,0
Fuentidueña de Tajo,0.01685985247629083,0.10395443093438493,0.004117955694211611,4.9656681421477296e-05,0.575,0
Fresnedillas de la Oliva,0.02107481559536354,0.10544444444444444,0.025364296289446652,7.465581071768292e-05,0.5789473684210527,0
Getafe,0.0273972602739726,0.10731652154246296,0.03239046551139024,0.00012008413470716937,0.5353846153846153,0
Molar (El),0.01791359325605901,0.10417124039517014,0.0027637540367789265,5.515464281363546e-05,0.6176470588235294,0
Villanueva de Perales,0.023182297154899893,0.10682125168842864,0.036246452686315676,9.144124666333855e-05,0.5800865800865801,0
Rascafría,0.0136986301369863,0.10574994428348562,0.03926878521921182,3.147173917305506e-05,0.5641025641025641,0
Fortuna,0.015806111696522653,0.08306345733041576,0.006648199147477579,3.16611331010164e-07,0.5523809523809524,0
Blanca,0.012644889357218123,0.0863905325443787,0.006686050373234432,1.3433651059823885e-07,0.5606060606060606,0
Águilas,0.008429926238145416,0.07684210526315789,0.004129420213014735,4.056848074326442e-09,0.6071428571428571,0
Campos del Río,0.011591148577449946,0.0839080459770115,0.002100358504448988,9.037812926011219e-08,0.6545454545454545,1
Alguazas,0.015806111696522653,0.08478513356562137,0.014493223984835641,1.6976917904134855e-07,0.5238095238095238,0
Torre-Pacheco,0.011591148577449946,0.08052609249045396,0.002928617404793371,1.2170287703731534e-07,0.5454545454545454,0
Totana,0.01053740779768177,0.08091746248294679,0.01073663009652383,3.067342209944195e-08,0.5555555555555556,0
Librilla,0.012644889357218123,0.08147321428571429,0.0033967954613386294,7.617336393676753e-08,0.5757575757575758,0
Beniel,0.01791359325605901,0.08212184146763586,0.0028804964623207843,2.864933835451831e-07,0.5514705882352942,0
Bullas,0.009483667017913592,0.0843780563705877,0.001092215323680689,3.664011639657771e-08,0.6666666666666666,1
Calasparra,0.01053740779768177,0.08941021292632373,0.01488884500733122,4.4573639935595695e-08,0.4222222222222222,2
Caravaca de la Cruz,0.006322444678609061,0.08659549228944247,0.007971246377040166,1.6842678901489477e-08,0.5333333333333333,0
Unión (La),0.004214963119072708,0.07604166666666666,8.549320086234096e-05,1.8589984786980665e-08,0.8333333333333334,1
Fuente Álamo de Murcia,0.01053740779768177,0.0805397606721548,0.0012270230498277596,5.737976402983443e-08,0.5555555555555556,0
Jumilla,0.009483667017913592,0.087248322147651,0.004792806799750785,1.968081830694212e-07,0.3888888888888889,2
Lorca,0.009483667017913592,0.08125695693124411,0.006473981847673056,1.3896336652060414e-08,0.5,2
Mazarrón,0.009483667017913592,0.07782515991471216,0.0037082147118857518,1.859087131473944e-08,0.4722222222222222,2
Pliego,0.012644889357218123,0.08498253783469151,0.0056824743174650185,7.195514730775886e-08,0.5757575757575758,0
Puerto Lumbreras,0.009483667017913592,0.08060132495328691,0.009549156185363243,4.120591975565678e-09,0.5277777777777778,0
San Pedro del Pinatar,0.009483667017913592,0.07696050604168356,0.0005193283942164495,1.3139713258558712e-07,0.6666666666666666,1
Yecla,0.012644889357218123,0.08728041938747357,0.005115802103195318,6.839579934853303e-07,0.5606060606060606,0
Arróniz,0.018967334035827184,0.08247153906317893,0.010645236431400066,1.8343602989527676e-06,0.5163398692810458,0
Olazti/Olazagutía,0.018967334035827184,0.08045782111064011,0.004763472738696058,4.851410882958565e-06,0.5947712418300654,0
Villava/Atarrabia,0.011591148577449946,0.0800168634064081,0.0022760016566770055,1.0753241603575467e-06,0.5818181818181818,0
Aoiz/Agoitz,0.0073761854583772385,0.07936109717344038,0.00022650551154660727,4.568244633531897e-07,0.8571428571428571,1
Arbizu,0.018967334035827184,0.08041009998305372,0.0028928822179096598,4.354018209792726e-06,0.5751633986928104,0
Mendigorría,0.02107481559536354,0.08126391505394759,0.010770246864712597,1.8551737885516084e-06,0.4473684210526316,2
Estella/Lizarra,0.01791359325605901,0.08199412476239848,0.005831513579540274,2.576773576188459e-06,0.5073529411764706,0
Barañain,0.0136986301369863,0.08011143001857167,0.00193416181148632,1.438300457587921e-06,0.5641025641025641,0
Baztan,0.006322444678609061,0.07510288065843622,9.782609708508724e-05,8.072531566848514e-07,0.8,1
Lesaka,0.009483667017913592,0.07529953185749425,5.728153249417816e-05,1.9051462931554853e-06,0.8333333333333334,1
Fustiñana,0.0136986301369863,0.08774849745723533,0.011792452613686924,1.995415086125062e-07,0.5128205128205128,0
Marcilla,0.014752370916754477,0.08434805795040441,0.005228864045869191,5.689998861698713e-07,0.6153846153846154,0
Carcastillo,0.012644889357218123,0.08312894183601963,0.005787974799192032,4.009700618905606e-07,0.5303030303030303,0
Cáseda,0.009483667017913592,0.0830561876422195,0.00387042542490423,3.922635328480601e-07,0.6388888888888888,0
Ultzama,0.014752370916754477,0.07739988581681755,0.001778982578971382,2.3295746129876497e-06,0.5164835164835165,0
Lekunberri,0.020021074815595362,0.07749469214437367,0.0024574610543620953,4.074295808137591e-06,0.5380116959064327,0
Lerín,0.01685985247629083,0.08395258315640482,0.00827516601484244,1.054299765280697e-06,0.6083333333333333,0
Lumbier,0.008429926238145416,0.08302712160979878,0.0038571711754078046,3.6252202739071437e-07,0.7142857142857143,1
Tafalla,0.015806111696522653,0.08337726234405202,0.002674857301329137,8.164555825206181e-07,0.5619047619047619,0
Salvatierra/Agurain,0.018967334035827184,0.0811666096476223,0.008428608616376737,5.3335315291727085e-06,0.5816993464052288,0
Laudio/Llodio,0.022128556375131715,0.0822428286679955,0.005173841829134665,6.480520476048662e-06,0.638095238095238,0
Aretxabaleta,0.02423603793466807,0.08129175946547884,0.0058392979844484015,7.794897424266905e-06,0.5968379446640316,0
Campezo/Kanpezu,0.02107481559536354,0.08431058990760483,0.02389982335325521,3.651118742295425e-06,0.42105263157894735,2
Legutiano,0.023182297154899893,0.0835460868034158,0.014816436589008223,7.109915055394034e-06,0.5411255411255411,0
Urkabustaiz,0.018967334035827184,0.08431808085295424,0.007637564847564275,5.234117249110363e-06,0.5816993464052288,0
Valdegovía/Gaubea,0.0136986301369863,0.08696050581874828,0.04511075518739117,2.5690858762309695e-06,0.47435897435897434,2
Zarautz,0.020021074815595362,0.07714192814176557,0.001191524387830701,5.924596387172357e-06,0.6374269005847953,0
Irura,0.020021074815595362,0.07713565796960091,0.0006047759654416279,5.635105678581563e-06,0.6608187134502924,1
Lasarte-Oria,0.015806111696522653,0.07634754625905069,6.959052720167659e-05,4.251158308512355e-06,0.7142857142857143,1
Urretxu,0.02107481559536354,0.08019944223780952,0.0013985824839023628,6.654564501427638e-06,0.6789473684210526,1
Errenteria,0.0136986301369863,0.07541921640308352,0.00031995905043626994,3.2865727493917855e-06,0.717948717948718,1
Ordizia,0.022128556375131715,0.08113885088919288,0.003449142941374664,6.231955844379038e-06,0.6142857142857143,0
Azpeitia,0.022128556375131715,0.07919552699657849,0.002025954631101805,6.877160106440609e-06,0.6428571428571429,0
Deba,0.018967334035827184,0.07907674360469961,0.0006250422315893477,6.439784428397125e-06,0.7124183006535948,1
Eibar,0.023182297154899893,0.0802401285194893,0.001984113887205206,7.71566994436303e-06,0.6363636363636364,0
Hondarribia,0.009483667017913592,0.0752816119308266,7.854019811117097e-05,1.9389308390477565e-06,0.8055555555555556,1
Segura,0.02107481559536354,0.08112497862882544,0.0025183718704260252,6.410984970708118e-06,0.6631578947368421,1
Abadiño,0.026343519494204423,0.08095888073707558,0.007406474929564605,8.450848951824362e-06,0.5833333333333334,0
Santurtzi,0.01685985247629083,0.0789780292942743,0.00038784466117365655,4.691661762043141e-06,0.7583333333333333,1
Sondika,0.018967334035827184,0.0799292512423145,0.0017050770339769982,5.753892663544182e-06,0.7320261437908496,1
Galdakao,0.018967334035827184,0.07987543136099655,0.0005120844930413364,6.209741237395918e-06,0.7647058823529411,1
Areatza,0.02423603793466807,0.08324561403508772,0.0061896178724996755,7.65377335669985e-06,0.6007905138339921,0
Mungia,0.018967334035827184,0.07995618838992333,0.0017222874724368879,5.989264661092972e-06,0.738562091503268,1
Zalla,0.020021074815595362,0.08312894183601963,0.013502517363247176,4.9798241436140525e-06,0.6198830409356725,0
Plentzia,0.01685985247629083,0.07886645059419929,0.0005958078279814264,4.792464602058981e-06,0.75,1
Mundaka,0.01791359325605901,0.0797881284681352,0.0012560398505248648,5.963216820540633e-06,0.7279411764705882,1
Berriatua,0.02107481559536354,0.07910310911061098,0.0004924010684800343,7.159249253773768e-06,0.6736842105263158,1
Gernika-Lumo,0.022128556375131715,0.0799157894736842,0.0022600300356330045,7.2285030924204935e-06,0.6714285714285714,1
Tibi,0.018967334035827184,0.08327483327483327,0.003227368805384035,1.4037929857558472e-06,0.5686274509803921,0
Campello (el),0.011591148577449946,0.0788402425853618,0.00010412966467372888,7.496815484179074e-07,0.6909090909090909,1
Cox,0.01685985247629083,0.08245004344048654,0.0027793920204220047,3.753080864976183e-07,0.6166666666666667,0
Alcalalí,0.01053740779768177,0.0781648958075941,9.992152499576474e-06,1.000849833094688e-06,0.8444444444444444,1
Cocentaina,0.023182297154899893,0.08350932770151355,0.004318398864087723,2.2525007602392993e-06,0.5497835497835498,0
Nucia (la),0.012644889357218123,0.07895174708818635,0.00033687003793773614,1.0211777934640458e-06,0.6515151515151515,1
Benejúzar,0.014752370916754477,0.08149420352082438,0.0012481228670814283,3.6329251473691054e-07,0.7252747252747253,1
Fondó de les Neus (el)/Hondón de las Nieves,0.020021074815595362,0.08401947764497565,0.01350900111122767,6.966650742728633e-07,0.5087719298245614,0
Alicante/Alacant,0.015806111696522653,0.08041009998305372,0.0021271354533469915,7.438645214888778e-07,0.6,0
Novelda,0.018967334035827184,0.08312166068143996,0.004147652592524078,8.276638232207708e-07,0.5620915032679739,0
Bocairent,0.022128556375131715,0.08460372648658286,0.005934770847639594,2.202559981203122e-06,0.5619047619047619,0
Cañada,0.01685985247629083,0.0844005691924582,0.005330945572696314,1.5174126740657127e-06,0.65,1
Ondara,0.009483667017913592,0.07813915191436806,7.367743479392454e-06,8.71885131179994e-07,0.8611111111111112,1
Pobla del Duc (la),0.02423603793466807,0.0837451464878221,0.00451679002910752,2.693270985030901e-06,0.5691699604743083,0
Finestrat,0.014752370916754477,0.0791162984576907,0.0005001743774727295,1.219093217210148e-06,0.6263736263736264,0
Rojales,0.0136986301369863,0.07940758095556857,0.0009139063864749504,3.542149125826593e-07,0.7692307692307693,1
Teulada,0.006322444678609061,0.07702296891486081,0.0,4.730711258032439e-07,1.0,1
Onil,0.018967334035827184,0.08343590645331457,0.0033511480932278295,1.5006544887345831e-06,0.5816993464052288,0
Elche/Elx,0.014752370916754477,0.07890579529392201,0.00022730486918765027,5.360014913693733e-07,0.7252747252747253,1
Elda,0.020021074815595362,0.08352402745995423,0.010173676238095742,1.1231205408855571e-06,0.5321637426900585,0
Montesinos (Los),0.0136986301369863,0.0811041791299889,0.0005314181907946454,3.0325504649182254e-07,0.7435897435897436,1
Santa Pola,0.0136986301369863,0.07887956113373784,0.000820593332761816,4.4588932740121513e-07,0.7307692307692307,1
Albocàsser,0.01053740779768177,0.08169062580700698,0.07461017527908925,1.5872814924040568e-05,0.6222222222222222,0
Alcalà de Xivert,0.009483667017913592,0.07885989695861725,0.0013502956776757003,1.5799723192086727e-05,0.6944444444444444,1
Alcora (l'),0.011591148577449946,0.08253609323360585,0.07716576920699784,1.6323633523666086e-06,0.6,0
Almazora/Almassora,0.009483667017913592,0.08189506385916465,0.001238396925426132,8.020382717963163e-07,0.7777777777777778,1
Faura,0.015806111696522653,0.0834946331163118,0.005528520889635761,1.3904558246807486e-06,0.7142857142857143,1
Nules,0.0136986301369863,0.08234273318872018,0.021745073399755663,1.2451715056125554e-06,0.6538461538461539,1
Segorbe,0.015806111696522653,0.08473214285714285,0.0039660329780919394,1.263283903702331e-06,0.6476190476190476,0
Betxí,0.011591148577449946,0.08219296726138922,0.00755051409583935,1.008002197914467e-06,0.7090909090909091,1
Useras/Useres (les),0.01053740779768177,0.08153621445141335,0.025129197856052183,3.955762621742613e-06,0.5777777777777777,0
Villafranca del Cid/Vilafranca,0.0073761854583772385,0.08107646304997865,0.001184266534554193,3.8071625379901884e-06,0.8095238095238095,1
Càlig,0.009483667017913592,0.07848813166818294,0.0009395731015622568,5.6842440438970176e-05,0.6666666666666666,1
Pobla Tornesa (la),0.009483667017913592,0.07930803944509443,0.006271076956144459,3.2699140646136364e-06,0.6111111111111112,0
Jérica,0.014752370916754477,0.08575042920393965,0.042913132333598815,1.0739594108521752e-06,0.6153846153846154,0
Morella,0.009483667017913592,0.08129872355007282,0.02417334790272064,1.6270599993715557e-05,0.5277777777777778,0
Sant Mateu,0.01053740779768177,0.07892548236859614,0.00907187742731557,2.9518596902921504e-05,0.6222222222222222,0
Ademuz,0.005268703898840885,0.08779720603201036,0.04155945463228685,6.464438032846162e-08,0.3,2
Ador,0.018967334035827184,0.082708732787171,0.001552174614292575,2.133574820526376e-06,0.6535947712418301,1
Albaida,0.022128556375131715,0.08373036880183518,0.002705231460741884,2.413574946878289e-06,0.6,0
Quart de Poblet,0.020021074815595362,0.08433306673775882,0.0027496968246806734,2.315256648827173e-06,0.7017543859649122,1
Catarroja,0.02107481559536354,0.08434056167792392,0.005213302671631771,2.5183702080511733e-06,0.6578947368421053,1
Riola,0.020021074815595362,0.0848381905953871,0.003848484613349235,2.671758041885203e-06,0.6666666666666666,1
Bonrepòs i Mirambell,0.018967334035827184,0.08445314585743526,0.0069720533807578694,2.1442577092578827e-06,0.7124183006535948,1
Estivella,0.01685985247629083,0.08472457816266404,0.03082642719130529,1.5057490876352992e-06,0.6916666666666667,1
Gavarda,0.023182297154899893,0.08772416343131817,0.009187808993781143,2.937560436745276e-06,0.5930735930735931,0
Alborache,0.022128556375131715,0.08923366243535497,0.019469651366802315,2.4296935906357626e-06,0.5761904761904761,0
Pobla de Farnals (la),0.020021074815595362,0.08432557312955394,0.007434109292039836,2.1002396580904406e-06,0.6666666666666666,1
Guadassuar,0.02107481559536354,0.08503584229390682,0.008668869237069032,2.786152269992724e-06,0.6421052631578947,0
Alcúdia de Crespins (l'),0.02107481559536354,0.0861708889494234,0.003692188232984318,2.5968090027908587e-06,0.6421052631578947,0
Catadau,0.02107481559536354,0.08792736032613731,0.004316628388366205,2.6627041037481576e-06,0.6263157894736842,0
Benifaió,0.02107481559536354,0.08482302466928852,0.0031736590589006367,2.7627807614888956e-06,0.6526315789473685,1
Bellreguard,0.018967334035827184,0.082708732787171,0.001552174614292575,2.133574820526376e-06,0.6535947712418301,1
Chella,0.023182297154899893,0.08834481474585738,0.01088621181637867,2.742203400037999e-06,0.5714285714285714,0
Ayora,0.011591148577449946,0.09187723884209507,0.01718729581429976,1.0147132502825748e-06,0.4727272727272727,2
Benifairó de la Valldigna,0.020021074815595362,0.08342857142857144,0.002298887718458327,2.5191817422668344e-06,0.6608187134502924,1
Ènova (l'),0.018967334035827184,0.08415358694688303,0.0014298311784807821,2.515393191518609e-06,0.7254901960784313,1
Benaguasil,0.018967334035827184,0.08544161339695687,0.0011408732192471802,1.970553190565417e-06,0.7124183006535948,1
Eliana (l'),0.022128556375131715,0.08598351001177856,0.01065251547679651,2.323385586357253e-06,0.6333333333333333,0
Camporrobles,0.0073761854583772385,0.09268483250317414,0.03007022113512427,1.1954338239432678e-07,0.6666666666666666,1
Casinos,0.01791359325605901,0.08815606130980028,0.009652566281615099,1.7121061162698082e-06,0.6985294117647058,1
Chelva,0.0136986301369863,0.09077864932083413,0.07642670036682629,8.972442135255495e-07,0.47435897435897434,2
Chiva,0.020021074815595362,0.08984190097510177,0.03305747512201874,2.165170817341477e-06,0.6374269005847953,0
Font de la Figuera (la),0.018967334035827184,0.08780532938564027,0.006672418408371089,1.801851318090709e-06,0.5947712418300654,0
Jalance,0.012644889357218123,0.09245007306380906,0.0422519252438972,9.775953815625534e-07,0.4090909090909091,2
Olocau,0.018967334035827184,0.08573493540518565,0.006930921985304897,1.7917077915635568e-06,0.6797385620915033,1
Mogente/Moixent,0.020021074815595362,0.087441260480973,0.008869374117375615,2.0645700052508073e-06,0.5964912280701754,0
Montroy,0.022128556375131715,0.08788664567512502,0.0042556052728807605,2.7044554162207666e-06,0.6190476190476191,0
Utiel,0.011591148577449946,0.09187723884209507,0.019712205141509977,5.807384431383648e-07,0.4909090909090909,2
Siete Aguas,0.014752370916754477,0.08907452599962455,0.005131039592607389,1.421660534845877e-06,0.6703296703296703,1
Venta del Moro,0.009483667017913592,0.0930392156862745,0.03469164229777876,2.474388602513284e-07,0.5277777777777778,0
