Población;Latitud;Longitud
Abla;37,14114;-2,780104
Abrucena;37,13305;-2,797098
Adra;36,74807;-3,022522
Albox;37,38979;-2,147483
Alhama de Almería;36,95742;-2,570075
Almería;36,84016;-2,467922
Antas;37,24516;-1,917543
Arboleas;37,35025;-2,074867
Bédar;37,18964;-1,981898
Benahadux;36,92587;-2,455683
Berja;36,84644;-2,949425
Canjáyar;37,00973;-2,739681
Cantoria;37,35259;-2,193626
Carboneras;36,99659;-1,895012
Chirivel;37,5956;-2,264839
Cuevas del Almanzora;37,29709;-1,881476
Dalías;36,82121;-2,870697
Ejido (El);36,77506;-2,812738
Fiñana;37,17101;-2,840678
Fines;37,35888;-2,262964
Gádor;36,95393;-2,492936
Gallardos (Los);37,16948;-1,940099
Garrucha;37,17925;-1,821901
Gérgal;37,1207;-2,538305
Huércal-Overa;37,39063;-1,943684
Huércal de Almería;36,88415;-2,435978
Láujar de Andarax;36,99384;-2,88922
Lubrín;37,21585;-2,067055
Macael;37,33229;-2,304892
María;37,7111;-2,165795
Mojácar;37,13995;-1,851328
Mojonera (La);36,75254;-2,688159
Níjar;36,96576;-2,20651
Olula del Río;37,35212;-2,298121
Oria;37,48503;-2,295018
Pechina;36,91667;-2,440625
Pulpí;37,41183;-1,745502
Purchena;37,34855;-2,36155
Rioja;36,94406;-2,462424
Roquetas de Mar;36,76427;-2,614935
Serón;37,34361;-2,508077
Sorbas;37,09841;-2,126351
Tabernas;37,04945;-2,392681
Taberno;37,46729;-2,076205
Tíjola;37,34551;-2,439434
Turre;37,15225;-1,894899
Uleila del Campo;37,18548;-2,203801
Vélez-Blanco;37,69095;-2,095682
Vélez-Rubio;37,64802;-2,074232
Vera;37,24686;-1,868238
Viator;36,88963;-2,426541
Vícar;36,83145;-2,642515
Zurgena;37,34265;-2,039607
Alcalá de los Gazules;36,46045;-5,723718
Alcalá del Valle;36,90491;-5,173237
Algar;36,65533;-5,657418
Algeciras;36,12978;-5,447698
Algodonales;36,88092;-5,405773
Arcos de la Frontera;36,75078;-5,812395
Barbate;36,19282;-5,918903
Barrios (Los);36,18539;-5,492747
Benalup-Casas Viejas;36,34284;-5,8094
Bornos;36,81459;-5,743362
Bosque (El);36,75752;-5,506988
Cádiz;36,52969;-6,292657
Castellar de la Frontera;36,28621;-5,419937
Chiclana de la Frontera;36,41915;-6,149412
Chipiona;36,7408;-6,43587
Conil de la Frontera;36,27675;-6,088436
Espera;36,87319;-5,806213
Gastor (El);36,85509;-5,323623
Grazalema;36,75837;-5,366071
Jerez de la Frontera;36,68656;-6,137173
Jimena de la Frontera;36,43404;-5,453479
Línea de la Concepción (La);36,16118;-5,348256
Medina-Sidonia;36,46768;-5,927894
Olvera;36,93525;-5,267688
Paterna de Rivera;36,52333;-5,866053
Prado del Rey;36,78968;-5,555545
Puerto de Santa María (El);36,59695;-6,227526
Puerto Real;36,52912;-6,191895
Puerto Serrano;36,92159;-5,545621
Rota;36,61699;-6,358202
San Fernando;36,46572;-6,196626
San José del Valle;36,60554;-5,798952
San Roque;36,20975;-5,384572
Sanlúcar de Barrameda;36,77882;-6,354198
Setenil de las Bodegas;36,86406;-5,181413
Tarifa;36,01271;-5,602954
Trebujena;36,86951;-6,176695
Ubrique;36,67771;-5,446557
Vejer de la Frontera;36,25331;-5,962856
Villamartín;36,86132;-5,641834
Zahara;36,84053;-5,390547
Adamuz;38,02736;-4,524873
Aguilar de la Frontera;37,51503;-4,656057
Alcaracejos;38,38823;-4,967684
Almedinilla;37,439;-4,091205
Almodóvar del Río;37,80959;-5,019958
Añora;38,41099;-4,897461
Baena;37,61441;-4,326089
Belalcázar;38,57843;-5,167119
Belmez;38,27234;-5,208753
Benamejí;37,26732;-4,540418
Bujalance;37,89657;-4,383588
Cabra;37,47437;-4,425931
Cañete de las Torres;37,86741;-4,318819
Carcabuey;37,44359;-4,273436
Cardeña;38,27047;-4,32373
Carlota (La);37,67361;-4,932553
Carpio (El);37,94054;-4,498775
Castro del Río;37,68864;-4,481579
Córdoba;37,88473;-4,779152
Doña Mencía;37,55457;-4,357603
Dos Torres;38,44524;-4,894932
Encinas Reales;37,27488;-4,489717
Espejo;37,68211;-4,552363
Espiel;38,18865;-5,018202
Fernán-Núñez;37,67226;-4,723994
Fuente Obejuna;38,26675;-5,419834
Fuente Palmera;37,70319;-5,103904
Guadalcázar;37,75755;-4,94463
Hinojosa del Duque;38,50099;-5,148333
Hornachuelos;37,83084;-5,242984
Iznájar;37,25726;-4,308423
Lucena;37,40873;-4,485598
Luque;37,55932;-4,276523
Montalbán de Córdoba;37,58292;-4,749699
Montemayor;37,64862;-4,698889
Montilla;37,58963;-4,638313
Montoro;38,02617;-4,381874
Monturque;37,47332;-4,581713
Moriles;37,43526;-4,608767
Nueva Carteya;37,58566;-4,467291
Obejo;38,13433;-4,800506
Palenciana;37,2492;-4,583651
Palma del Río;37,70163;-5,283767
Pedro Abad;37,96708;-4,457226
Pedroche;38,42873;-4,763438
Peñarroya-Pueblonuevo;38,30304;-5,272851
Posadas;37,80041;-5,107038
Pozoblanco;38,37742;-4,848376
Priego de Córdoba;37,4389;-4,194839
Puente Genil;37,39051;-4,770465
Rambla (La);37,60816;-4,741319
Rute;37,32587;-4,371301
Santaella;37,56627;-4,845094
Torrecampo;38,4751;-4,679456
Valenzuela;37,77508;-4,219841
Victoria (La);37,88327;-4,784959
Villa del Río;37,98227;-4,290878
Villafranca de Córdoba;37,96193;-4,545728
Villanueva de Córdoba;38,32279;-4,628341
Villanueva del Duque;38,39297;-5,000132
Villanueva del Rey;38,19965;-5,151443
Villaralto;38,45571;-4,984371
Villaviciosa de Córdoba;38,07598;-5,014214
Viso (El);38,4827;-4,955392
Albolote;37,23085;-3,657415
Albuñol;36,79125;-3,203485
Albuñuelas;36,9282;-3,631472
Alfacar;37,23657;-3,570654
Algarinejo;37,32492;-4,158846
Alhama de Granada;37,00252;-3,988389
Alhendín;37,1076;-3,645584
Almuñécar;36,73454;-3,690736
Alpujarra de la Sierra;36,9815;-3,157129
Arenas del Rey;36,95771;-3,894323
Armilla;37,1401;-3,617981
Atarfe;37,2229;-3,687416
Baza;37,49065;-2,774473
Beas de Granada;37,21916;-3,481737
Benalúa;37,3503;-3,16904
Benalúa de las Villas;37,42758;-3,683473
Benamaurel;37,60913;-2,699214
Cádiar;36,94673;-3,180546
Cájar;37,13422;-3,570618
Campotéjar;37,48131;-3,616497
Caniles;37,43626;-2,722401
Castilléjar;37,7147;-2,642967
Castril;37,79573;-2,779088
Cenes de la Vega;37,15931;-3,537524
Chauchina;37,20142;-3,77254
Chimeneas;37,13137;-3,823198
Churriana de la Vega;37,14777;-3,64595
Cijuela;37,19989;-3,810801
Cogollos de la Vega;37,27486;-3,572908
Colomera;37,37206;-3,71382
Cortes de Baza;37,65493;-2,769917
Cortes y Graena;37,30363;-3,218777
Cuevas del Campo;37,60847;-2,931033
Cúllar;37,58368;-2,576282
Cúllar Vega;37,15327;-3,670436
Darro;37,35002;-3,292531
Deifontes;37,32524;-3,594484
Dílar;37,07499;-3,601624
Dúrcal;36,98793;-3,56616
Fonelas;37,41344;-3,173344
Freila;37,52869;-2,906795
Fuente Vaqueros;37,21957;-3,783053
Gabias (Las);37,135;-3,698333
Galera;37,74289;-2,551193
Gójar;37,10443;-3,606203
Granada;37,17649;-3,597929
Guadahortuna;37,55655;-3,400713
Guadix;37,3004;-3,134583
Guajares (Los);36,84568;-3,61165
Gualchos;36,74357;-3,389869
Güejar Sierra;37,15992;-3,438619
Güevéjar;37,25698;-3,597678
Huéneja;37,17693;-2,948596
Huéscar;37,80949;-2,539663
Huétor de Santillán;37,21823;-3,517399
Huétor Tájar;37,19463;-4,047139
Huétor Vega;37,15238;-3,575904
Illora;37,28843;-3,879782
Itrabo;36,79948;-3,638711
Iznalloz;37,3927;-3,527549
Jayena;36,94883;-3,822807
Jerez del Marquesado;37,18385;-3,159872
Jun;37,22064;-3,59443
Láchar;37,19508;-3,834064
Lanjarón;36,91806;-3,480488
Lecrín;36,9477;-3,550382
Loja;37,16884;-4,151471
Malahá (La);37,10146;-3,722502
Maracena;37,20568;-3,636805
Moclín;37,34158;-3,786422
Molvízar;36,78689;-3,607518
Monachil;37,13209;-3,539469
Montefrío;37,32097;-4,011364
Montejícar;37,57196;-3,5047
Montillana;37,50127;-3,672423
Moraleda de Zafayona;37,16977;-3,965147
Motril;36,74467;-3,516718
Nevada;37;-3,016667
Nigüelas;36,97741;-3,539319
Ogíjares;37,11991;-3,607937
Orce;37,72141;-2,479451
Órgiva;36,90224;-3,42399
Otívar;36,81491;-3,681497
Otura;37,09431;-3,635073
Padul;37,02432;-3,626719
Pedro Martínez;37,50168;-3,230659
Peligros;37,23122;-3,629415
Peza (La);37,2756;-3,284761
Píñar;37,44337;-3,439418
Pinar (El);37,44337;-3,439418
Pinos Genil;37,16339;-3,502635
Pinos Puente;37,25146;-3,750995
Polopos;36,79553;-3,297135
Puebla de Don Fadrique;37,9579;-2,43508
Pulianas;37,22264;-3,608163
Purullena;37,31759;-3,190274
Quéntar;37,19201;-3,468192
Salar;37,14882;-4,067732
Salobreña;36,74626;-3,587108
Santa Fe;37,18936;-3,719076
Ugíjar;36,96075;-3,054754
Valle (El);37,28611;-3,008889
Valle del Zalabí;37,28611;-3,008889
Vegas del Genil;37,16667;-3,7
Vélez de Benaudalla;36,83195;-3,516209
Villamena;36,99035;-3,588935
Villanueva Mesía;37,2142;-4,011248
Zafarraya;36,97551;-4,144421
Zubia (La);37,12061;-3,584668
Zújar;37,54015;-2,842817
Aljaraque;37,27111;-7,021585
Almonaster la Real;37,87181;-6,787901
Almonte;37,26254;-6,51724
Alosno;37,54936;-7,115428
Aracena;37,89417;-6,561207
Aroche;37,94426;-6,954265
Arroyomolinos de León;38,02604;-6,421104
Ayamonte;37,21466;-7,409819
Beas;37,42592;-6,792988
Bollullos Par del Condado;37,33615;-6,535758
Bonares;37,3219;-6,680697
Cala;37,97217;-6,31649
Calañas;37,65482;-6,878683
Campillo (El);37,69332;-6,630814
Cartaya;37,28314;-7,154979
Cerro de Andévalo (El);37,73519;-6,938734
Chucena;37,36157;-6,393946
Cortegana;37,90937;-6,820616
Cumbres Mayores;38,0637;-6,647074
Encinasola;38,13522;-6,872141
Escacena del Campo;37,41033;-6,389561
Galaroza;37,92757;-6,709221
Gibraleón;37,37495;-6,970141
Higuera de la Sierra;37,83819;-6,447579
Hinojos;37,29273;-6,376253
Huelva;37,2571;-6,949555
Isla Cristina;37,19943;-7,325246
Jabugo;37,91671;-6,729078
Lepe;37,25432;-7,203348
Lucena del Puerto;37,30394;-6,730086
Manzanilla;37,38773;-6,429422
Minas de Riotinto;37,69391;-6,591848
Moguer;37,27469;-6,836591
Nerva;37,69511;-6,550632
Niebla;37,3601;-6,6792
Palma del Condado (La);37,38784;-6,5534
Palos de la Frontera;37,2282;-6,893426
Paterna del Campo;37,42096;-6,401431
Paymogo;37,74063;-7,345994
Puebla de Guzmán;37,61144;-7,245831
Punta Umbría;37,18248;-6,967148
Rociana del Condado;37,30781;-6,598672
Rosal de la Frontera;37,9678;-7,220527
San Bartolomé de la Torre;37,44596;-7,106683
San Juan del Puerto;37,31416;-6,840784
Santa Bárbara de Casa;37,79655;-7,188633
Santa Olalla del Cala;37,90651;-6,229617
Trigueros;37,38319;-6,833752
Valverde del Camino;37,57339;-6,753376
Villablanca;37,30373;-7,341905
Villalba del Alcor;37,39729;-6,476595
Villanueva de los Castillejos;37,50046;-7,272443
Villarrasa;37,38945;-6,606914
Zalamea la Real;37,67891;-6,660578
Albanchez de Mágina;37,79165;-3,468285
Alcalá la Real;37,46358;-3,925078
Alcaudete;37,59106;-4,086735
Andújar;38,03675;-4,054391
Arjona;37,93648;-4,054891
Arjonilla;37,97355;-4,107027
Arquillos;38,18201;-3,430886
Arroyo del Ojanco;38,32092;-2,894979
Baeza;37,99343;-3,469237
Bailén;38,09588;-3,774859
Baños de la Encina;38,17133;-3,774258
Beas de Segura;38,25238;-2,889883
Bedmar y Garcíez;37,82271;-3,411761
Begíjar;37,98452;-3,53483
Bélmez de la Moraleda;37,7239;-3,38222
Cabra del Santo Cristo;37,70535;-3,286108
Cambil;37,67691;-3,565627
Campillo de Arenas;37,55593;-3,635789
Canena;38,04868;-3,482172
Cárcheles;37,6533;-3,635799
Carolina (La);38,27468;-3,615412
Castellar;38,25621;-3,131925
Castillo de Locubín;37,52826;-3,943678
Cazorla;37,91055;-3,002167
Chiclana de Segura;38,31147;-3,042188
Chilluévar;38,00106;-3,031099
Frailes;37,48515;-3,838214
Fuensanta de Martos;37,64784;-3,906
Fuerte del Rey;37,87396;-3,884589
Guardia de Jaén (La);37,74164;-3,692717
Guarromán;38,18151;-3,686501
Huelma;37,64524;-3,455428
Huesa;37,76411;-3,078167
Ibros;38,02261;-3,502375
Iruela (La);37,92038;-2,993985
Iznatoraf;38,15744;-3,032914
Jabalquinto;38,01932;-3,724704
Jaén;37,76574;-3,789518
Jamilena;37,74709;-3,912299
Jimena;37,84158;-3,476529
Jódar;37,84398;-3,352545
Lahiguera;37,97049;-3,989164
Linares;38,09362;-3,635844
Lopera;37,94367;-4,214694
Mancha Real;37,78617;-3,612393
Marmolejo;38,04433;-4,170608
Martos;37,72278;-3,966259
Mengíbar;37,96833;-3,808806
Montizón;38,34243;-3,103404
Navas de San Juan;38,18464;-3,315369
Noalejo;37,52939;-3,653675
Orcera;38,31738;-2,664912
Peal de Becerro;37,91332;-3,121655
Pegalajar;37,73797;-3,651098
Porcuna;37,87086;-4,184721
Pozo Alcón;37,70512;-2,93436
Puente de Génave;38,35323;-2,804408
Puerta de Segura (La);38,34861;-2,737147
Quesada;37,8451;-3,067591
Rus;38,04807;-3,462054
Sabiote;38,06915;-3,306595
Santa Elena;38,33911;-3,539236
Santiago-Pontones;38,1;-2,55
Santisteban del Puerto;38,24746;-3,206428
Santo Tomé;38,02818;-3,101844
Segura de la Sierra;38,29776;-2,651513
Siles;38,38734;-2,58131
Sorihuela del Guadalimar;38,23954;-3,054152
Torre del Campo;37,77657;-3,895521
Torreblascopedro;37,99618;-3,638916
Torredonjimeno;37,76543;-3,959263
Torreperogil;38,0345;-3,287597
Torres;37,78608;-3,510031
Torres de Albánchez;38,41451;-2,677051
Úbeda;38,00809;-3,368519
Valdepeñas de Jaén;37,59034;-3,819645
Vilches;38,20467;-3,507662
Villacarrillo;38,11541;-3,087194
Villanueva de la Reina;38,00499;-3,919512
Villanueva del Arzobispo;38,16934;-3,010099
Villardompardo;37,83969;-4,001286
Villares (Los);37,68932;-3,81857
Villatorres;37,9313;-3,692753
Alameda;37,20783;-4,658073
Alcaucín;36,90263;-4,114147
Alfarnate;36,99511;-4,260656
Algarrobo;36,77216;-4,039314
Alhaurín de la Torre;36,66836;-4,552967
Alhaurín el Grande;36,64186;-4,691447
Almáchar;36,80859;-4,217409
Almargen;37,00392;-5,021193
Almogía;36,82528;-4,540719
Álora;36,82264;-4,706715
Alozaina;36,72768;-4,85646
Antequera;37,01938;-4,562885
Archidona;37,09481;-4,387545
Ardales;36,87798;-4,846642
Arenas;36,81469;-4,043716
Arriate;36,79936;-5,140064
Benahavís;36,52446;-5,046305
Benalmádena;36,59523;-4,573368
Benamargosa;36,83208;-4,19239
Benamocarra;36,7912;-4,159968
Benaoján;36,71874;-5,25315
Borge (El);36,81446;-4,23489
Burgo (El);36,78993;-4,946407
Campillos;37,04541;-4,861525
Cañete la Real;36,95146;-5,024308
Canillas de Aceituno;36,87345;-4,082042
Cártama;36,71131;-4,630741
Casabermeja;36,89404;-4,428977
Casarabonela;36,78524;-4,842167
Casares;36,44333;-5,273519
Coín;36,65871;-4,760344
Colmenar;36,90502;-4,335212
Comares;36,84872;-4,247061
Cómpeta;36,833;-3,974872
Cortes de la Frontera;36,61691;-5,342681
Cuevas Bajas;37,23587;-4,489641
Cuevas de San Marcos;37,26963;-4,414079
Cuevas del Becerro;36,87637;-5,045729
Estepona;36,42477;-5,144903
Frigiliana;36,79252;-3,898076
Fuengirola;36,53901;-4,624353
Fuente de Piedra;37,13463;-4,729656
Gaucín;36,5183;-5,317524
Guaro;36,65645;-4,833355
Humilladero;37,11469;-4,703457
Istán;36,58216;-4,949401
Málaga;36,71965;-4,420019
Manilva;36,37706;-5,249271
Marbella;36,50994;-4,886352
Mijas;36,5957;-4,637619
Moclinejo;36,7712;-4,254001
Mollina;37,12564;-4,657106
Monda;36,63018;-4,831124
Montejaque;36,73365;-5,251382
Nerja;36,74503;-3,876649
Ojén;36,56424;-4,856492
Periana;36,92694;-4,187304
Pizarra;36,76717;-4,707456
Rincón de la Victoria;36,71566;-4,275504
Riogordo;36,91491;-4,293622
Ronda;36,74196;-5,166412
Sayalonga;36,79799;-4,011899
Sierra de Yeguas;37,12461;-4,868739
Teba;36,98348;-4,920274
Tolox;36,68674;-4,904676
Torremolinos;36,62179;-4,500273
Torrox;36,75845;-3,952617
Valle de Abdalajís;36,93133;-4,682709
Vélez-Málaga;36,77864;-4,100675
Villanueva de Algaidas;37,18628;-4,450837
Villanueva de Tapia;37,18035;-4,335978
Villanueva del Rosario;36,99622;-4,364309
Villanueva del Trabuco;37,02825;-4,338388
Viñuela;36,8628;-4,141331
Yunquera;36,73168;-4,920869
Aguadulce;37,25283;-4,991125
Alanís;38,03748;-5,715293
Albaida del Aljarafe;37,42702;-6,165926
Alcalá de Guadaíra;37,33833;-5,844032
Alcalá del Río;37,51827;-5,978236
Alcolea del Río;37,61416;-5,671293
Algaba (La);37,46177;-6,013736
Algámitas;37,01501;-5,149775
Almadén de la Plata;37,87345;-6,079766
Almensilla;37,30904;-6,113987
Arahal;37,2641;-5,542829
Aznalcázar;37,30518;-6,248415
Aznalcóllar;37,52354;-6,269565
Badolatosa;37,30871;-4,672858
Benacazón;37,35343;-6,199005
Bollullos de la Mitación;37,34011;-6,138757
Bormujos;37,37101;-6,070961
Brenes;37,55057;-5,873065
Burguillos;37,58725;-5,967274
Cabezas de San Juan (Las);36,98133;-5,940864
Camas;37,40087;-6,032911
Campana (La);37,56945;-5,425768
Cañada Rosal;37,59894;-5,210358
Cantillana;37,60867;-5,825826
Carmona;37,47102;-5,642328
Carrión de los Céspedes;37,36847;-6,328958
Casariche;37,29389;-4,759532
Castilblanco de los Arroyos;37,67459;-5,9893
Castilleja de Guzmán;37,40865;-6,057408
Castilleja de la Cuesta;37,38644;-6,051838
Castillo de las Guardas (El);37,6916;-6,314299
Cazalla de la Sierra;37,9296;-5,760799
Constantina;37,87227;-5,619115
Coria del Río;37,28506;-6,051814
Coripe;36,97023;-5,441308
Coronil (El);37,08228;-5,633467
Corrales (Los);37,09732;-4,98291
Cuervo de Sevilla (El);36,85136;-6,041625
Dos Hermanas;37,28318;-5,922242
Écija;37,54093;-5,079953
Espartinas;37,37997;-6,123577
Estepa;37,29147;-4,878506
Fuentes de Andalucía;37,46221;-5,348385
Gelves;37,33677;-6,025333
Gerena;37,52553;-6,157654
Gilena;37,25134;-4,913494
Gines;37,38713;-6,078264
Guadalcanal;38,09198;-5,821165
Guillena;37,53902;-6,052268
Herrera;37,36176;-4,850014
Huévar del Aljarafe;37,35599;-6,27659
Isla Mayor;37,13356;-6,162807
Lantejuela (La);37,35353;-5,222986
Lebrija;36,91951;-6,078367
Lora del Río;37,65923;-5,526284
Luisiana (La);37,52613;-5,248721
Mairena del Alcor;37,37316;-5,747595
Mairena del Aljarafe;37,34449;-6,065354
Marchena;37,32972;-5,416465
Marinaleda;37,37473;-4,953792
Martín de la Jara;37,10655;-4,962173
Molares (Los);37,15531;-5,719529
Montellano;36,99564;-5,570882
Morón de la Frontera;37,1223;-5,451869
Navas de la Concepción (Las);37,93347;-5,464808
Olivares;37,41868;-6,155926
Osuna;37,23697;-5,102748
Palacios y Villafranca (Los);37,15859;-5,924166
Palomares del Río;37,32256;-6,057716
Paradas;37,28981;-5,497219
Pedrera;37,22301;-4,896754
Pedroso (El);37,84222;-5,763515
Peñaflor;37,70726;-5,346412
Pilas;37,30167;-6,302449
Pruna;36,97364;-5,222943
Puebla de Cazalla (La);37,22441;-5,31227
Puebla de los Infantes (La);37,77852;-5,388995
Puebla del Río (La);37,26748;-6,062557
Real de la Jara (El);37,95061;-6,1559
Rinconada (La);37,4878;-5,979309
Roda de Andalucía (La);37,20099;-4,779276
Ronquillo (El);37,72555;-6,176963
Rubio (El);37,3557;-4,988925
Salteras;37,41824;-6,111633
San Juan de Aznalfarache;37,35838;-6,035451
Sanlúcar la Mayor;37,38578;-6,201977
Santiponce;37,43869;-6,038414
Saucejo (El);37,07005;-5,096187
Sevilla;37,38264;-5,996295
Tocina;37,60978;-5,733069
Tomares;37,37404;-6,045198
Umbrete;37,36993;-6,157722
Utrera;37,18142;-5,781507
Valencina de la Concepción;37,41601;-6,076959
Villamanrique de la Condesa;37,2463;-6,306533
Villanueva de San Juan;37,05036;-5,175473
Villanueva del Ariscal;37,39572;-6,141313
Villanueva del Río y Minas;37,6601;-5,714389
Villaverde del Río;37,58805;-5,873684
Viso del Alcor (El);37,38826;-5,719357
Aínsa-Sobrarbe;42,41556;0,1469093
Albalate de Cinca;41,72295;0,145821
Alcolea de Cinca;41,71719;0,1180138
Almudévar;42,03736;-0,5796334
Altorricón;41,80322;0,4131394
Ayerbe;42,27497;-0,6887537
Barbastro;42,0348;0,1239805
Belver de Cinca;41,68973;0,1784385
Benabarre;42,10639;0,4791799
Benasque;42,60514;0,5239731
Biescas;42,62798;-0,3246984
Binaced;41,82656;0,2010187
Binéfar;41,85286;0,2937235
Boltaña;42,44247;0,0698157
Fonz;42,01005;0,2583155
Fraga;41,52243;0,3489263
Grañén;41,93995;-0,3692021
Graus;42,19274;0,3389097
Gurrea de Gállego;42,01335;-0,7621484
Huesca;42,1401;-0,408898
Jaca;42,57101;-0,5494531
Lalueza;41,84184;-0,255536
Lanaja;41,77214;-0,32952
Monzón;41,91031;0,1946406
Sabiñánigo;42,5197;-0,3650786
Sallent de Gállego;42,77204;-0,3347842
Sariñena;41,79218;-0,1572419
Sotonera (La);42,25468;-0,5446912
Tamarite de Litera;41,86698;0,4220118
Tardienta;41,97935;-0,538924
Torrente de Cinca;41,47287;0,3348973
Zaidín;41,60407;0,266089
Albalate del Arzobispo;41,12081;-0,510963
Albarracín;40,40652;-1,444402
Alcañiz;41,04895;-0,1306302
Alcorisa;40,89169;-0,3806293
Andorra;40,97544;-0,4436573
Calaceite;41,01737;0,1883228
Calamocha;40,92026;-1,300972
Calanda;40,94182;-0,2341148
Cella;40,4551;-1,286764
Escucha;40,79532;-0,8095553
Híjar;41,17572;-0,451008
Mas de las Matas;40,83395;-0,2415907
Monreal del Campo;40,7903;-1,354099
Montalbán;40,83571;-0,7995237
Mora de Rubielos;40,25319;-0,7525505
Puebla de Híjar (La);41,2209;-0,443926
Santa Eulalia;40,56639;-1,312636
Sarrión;40,14188;-0,815191
Teruel;40,34411;-1,10691
Utrillas;40,81327;-0,843052
Valderrobres;40,87544;0,1556791
Ainzón;41,81704;-1,520205
Alagón;41,77036;-1,121953
Alfajarín;41,61547;-0,7004536
Alfamén;41,43915;-1,246699
Alhama de Aragón;41,29637;-1,894019
Almunia de Doña Godina (La);41,4774;-1,37605
Ariza;41,31088;-2,053553
Ateca;41,33101;-1,793537
Belchite;41,3061;-0,7543449
Biota;42,26216;-1,18699
Boquiñeni;41,84874;-1,249734
Borja;41,83517;-1,531878
Brea de Aragón;41,52528;-1,598545
Bujaraloz;41,49786;-0,1492837
Burgo de Ebro (El);41,57219;-0,7410918
Cadrete;41,55568;-0,960096
Calatayud;41,35432;-1,647009
Calatorao;41,52506;-1,344612
Cariñena;41,33694;-1,224118
Caspe;41,234;-0,0440777
Cuarte de Huerva;41,59271;-0,9310773
Daroca;41,11533;-1,413934
Ejea de los Caballeros;42,12921;-1,137434
Épila;41,60128;-1,2846
Escatrón;41,29251;-0,3247748
Fabara;41,17867;0,1670119
Figueruelas;41,76659;-1,175401
Fuentes de Ebro;41,51084;-0,6375385
Gallur;41,86982;-1,31786
Gelsa;41,40663;-0,4618234
Illueca;41,53632;-1,623442
Leciñena;41,79892;-0,6105711
Luceni;41,82837;-1,238942
Lumpiaque;41,63025;-1,300083
Maella;41,12497;0,1398754
Magallón;41,83311;-1,461193
Mallén;41,90051;-1,418496
Maluenda;41,28719;-1,614295
María de Huerva;41,53905;-0,9935882
Mequinenza;41,37765;0,3028557
Morata de Jalón;41,47309;-1,473444
Muel;41,46351;-1,086437
Muela (La);41,58038;-1,119097
Nonaspe;41,20777;0,2464202
Pastriz;41,61824;-0,7817926
Pedrola;41,79163;-1,214005
Pina de Ebro;41,48727;-0,5319692
Pinseque;41,73702;-1,103119
Puebla de Alfindén (La);41,6295;-0,7525974
Quinto;41,42392;-0,4982721
Remolinos;41,83844;-1,176524
Ricla;41,50775;-1,402532
Sádaba;42,28138;-1,272321
San Mateo de Gállego;41,8306;-0,7690734
Sástago;41,3213;-0,3509796
Tarazona;41,90277;-1,7254
Tauste;41,92117;-1,2554
Torres de Berrellén;41,75779;-1,066284
Utebo;41,71503;-0,9947444
Villamayor de Gállego;41,68518;-0,7733151
Villanueva de Gállego;41,76796;-0,8275479
Zaragoza;41,65629;-0,8765379
Zuera;41,86918;-0,7881644
Allande;43,26667;-6,616667
Aller;43,1497;-5,687873
Avilés;43,55577;-5,927617
Belmonte de Miranda;43,28253;-6,218905
Bimenes;43,3307;-5,564885
Boal;43,4296;-6,817878
Cabrales;43,3;-4,8
Cabranes;43,41804;-5,407559
Candamo;43,44661;-6,058167
Cangas de Onís;43,3485;-5,126967
Cangas del Narcea;43,17706;-6,549129
Carreño;43,54855;-5,789795
Caso;43,18333;-5,35
Castrillón;43,55;-5,967
Castropol;43,52812;-7,030118
Coaña;43,51527;-6,750185
Colunga;43,48529;-5,270611
Corvera de Asturias;43,51012;-5,869227
Cudillero;43,56096;-6,144997
Degaña;42,94008;-6,570541
Franco (El);43,55703;-6,87387
Gijón;43,54526;-5,661926
Gozón;43,60997;-5,789972
Grado;43,38855;-6,06973
Grandas de Salime;43,21853;-6,876276
Ibias;43,03333;-6,866667
Illas;43,5;-5,966667
Langreo;43,29636;-5,682541
Laviana;43,23576;-5,55625
Lena;43,15833;-5,829167
Llanera;43,46667;-5,933333
Llanes;43,41953;-4,750914
Mieres;43,25179;-5,776198
Morcín;43,28333;-5,883333
Muros de Nalón;43,5437;-6,099785
Nava;43,35816;-5,505977
Navia;43,5401;-6,723192
Noreña;43,39547;-5,706471
Oviedo;43,36026;-5,844759
Parres;43,37;-5,19
Peñamellera Baja;43,31;-4,59
Piloña;43,351;-5,363
Pravia;43,49004;-6,112017
Quirós;43,15;-5,966667
Regueras (Las);43,41374;-5,970489
Ribadedeva;43,37;-4,57
Ribadesella;43,46145;-5,059171
Ribera de Arriba;43,30809;-5,893434
Riosa;43,2;-5,9
Salas;43,40976;-6,260448
San Martín del Rey Aurelio;43,27671;-5,607564
Sariego;43,40997;-5,560419
Siero;43,383;-5,65
Somiedo;43,1;-6,25
Soto del Barco;43,53319;-6,069166
Tapia de Casariego;43,56975;-6,943604
Teverga;43,15;-6,1
Tineo;43,33509;-6,414816
Valdés;43,54389;-6,535833
Vegadeo;43,46476;-7,05106
Villaviciosa;43,48137;-5,435346
Villayón;43,44804;-6,705317
Alfoz de Lloredo;43,36666;-4,166667
Ampuero;43,34346;-3,41566
Arenas de Iguña;43,18615;-4,050034
Argoños;43,45803;-3,485922
Arnuero;43,47295;-3,562917
Astillero (El);43,40158;-3,818161
Bárcena de Cicero;43,41996;-3,505684
Bareyo;43,47031;-3,596607
Cabezón de la Sal;43,3074;-4,232392
Cabuérniga;43,20371;-4,30376
Camaleño;43,15001;-4,693898
Camargo;43,40667;-3,883333
Campoo de Enmedio;42,96667;-4,15
Cartes;43,32322;-4,069758
Castañeda;43,31572;-3,95332
Castro-Urdiales;43,38277;-3,21957
Cillorigo de Liébana;43,16667;-4,583333
Colindres;43,39538;-3,449363
Comillas;43,38564;-4,291507
Corrales de Buelna (Los);43,25957;-4,068241
Corvera de Toranzo;43,2129;-3,957237
Entrambasaguas;43,37997;-3,6846
Guriezo;43,35442;-3,325467
Hazas de Cesto;43,39733;-3,588164
Hermandad de Campoo de Suso;43,01667;-4,216667
Laredo;43,41148;-3,412477
Liendo;43,39421;-3,382125
Liérganes;43,34212;-3,742174
Limpias;43,36872;-3,398698
Marina de Cudeyo;43,41667;-3,75
Mazcuerras;43,29861;-4,206666
Medio Cudeyo;43,38139;-3,731667
Meruelo;43,45694;-3,573889
Miengo;43,42711;-3,99526
Molledo;43,15285;-4,042275
Noja;43,47997;-3,52139
Penagos;43,35154;-3,81413
Piélagos;43,38657;-3,957237
Polanco;43,385;-4,016194
Potes;43,15347;-4,6227
Puente Viesgo;43,29906;-3,964917
Ramales de la Victoria;43,25792;-3,465148
Rasines;43,30417;-3,428978
Reinosa;43,00071;-4,139154
Reocín;43,34273;-4,095572
Ribamontán al Mar;43,45555;-3,67
Ribamontán al Monte;43,40805;-3,661389
Rionansa;43,25472;-4,4025
Riotuerto;43,34002;-3,664777
Ruente;43,25963;-4,265683
Ruesga;43,2825;-3,56
San Felices de Buelna;43,27528;-4,048611
San Vicente de la Barquera;43,38593;-4,398091
Santa Cruz de Bezana;43,44282;-3,904777
Santa María de Cayón;43,31036;-3,854225
Santander;43,46096;-3,807934
Santillana del Mar;43,38897;-4,10918
Santiurde de Toranzo;43,23869;-3,940012
Santoña;43,44215;-3,453193
Selaya;43,21114;-3,804945
Soba;43,18806;-3,517222
Solórzano;43,37978;-3,586886
Suances;43,42658;-4,041966
Torrelavega;43,35146;-4,047017
Val de San Vicente;43,3775;-4,483611
Valdáliga;43,32917;-4,349167
Valdeolea;42,87778;-4,162222
Valderredible;42,80722;-3,939167
Villacarriedo;43,23019;-3,805764
Villaescusa;43,37305;-3,850833
Villafufre;43,26608;-3,89347
Voto;43,35583;-3,495556
Albacete;38,99765;-1,86007
Alcalá del Júcar;39,19346;-1,429671
Alcaraz;38,66966;-2,492647
Almansa;38,86941;-1,097517
Alpera;38,95939;-1,231247
Balazote;38,88408;-2,150826
Barrax;39,04573;-2,200169
Bogarra;38,58138;-2,214221
Bonete;38,8693;-1,348517
Bonillo (El);38,95073;-2,539598
Casas-Ibáñez;39,28518;-1,47113
Casas de Juan Núñez;39,10187;-1,557571
Caudete;38,70274;-0,9915481
Cenizate;39,3043;-1,661456
Chinchilla de Monte-Aragón;38,91862;-1,722758
Elche de la Sierra;38,44759;-2,048343
Fuente-Álamo;38,69322;-1,431773
Fuentealbilla;39,26686;-1,549186
Gineta (La);39,11287;-1,996003
Hellín;38,51216;-1,70331
Higueruela;38,96424;-1,445101
Letur;38,36555;-2,101964
Lezuza;38,94902;-2,353775
Liétor;38,5429;-1,952878
Madrigueras;39,23705;-1,800167
Mahora;39,21283;-1,725332
Minaya;39,27149;-2,319947
Molinicos;38,46796;-2,237843
Montealegre del Castillo;38,78697;-1,325303
Munera;39,03984;-2,482528
Nerpio;38,14801;-2,302496
Ontur;38,6147;-1,498491
Ossa de Montiel;38,96335;-2,745406
Peñas de San Pedro;38,72722;-2,004189
Pozo Cañada;38,80128;-1,736837
Pozohondo;38,72114;-1,911805
Riópar;38,49912;-2,41725
Roda (La);39,0013;-1,868604
San Pedro;38,82642;-2,186141
Socovos;38,33348;-1,983432
Tarazona de la Mancha;39,26531;-1,912836
Tobarra;38,58844;-1,693783
Valdeganga;39,13523;-1,677004
Villalgordo del Júcar;39,29626;-2,06341
Villamalea;39,36189;-1,599296
Villarrobledo;39,26726;-2,607643
Yeste;38,36583;-2,318711
Abenójar;38,87935;-4,357778
Agudo;38,97897;-4,873152
Albaladejo;38,61805;-2,806261
Alcázar de San Juan;39,38993;-3,210137
Alcolea de Calatrava;38,98661;-4,115491
Aldea del Rey;38,73823;-3,839462
Alhambra;38,89945;-3,053446
Almadén;38,77537;-4,839919
Almagro;38,8909;-3,706416
Almodóvar del Campo;38,70892;-4,17864
Arenas de San Juan;39,21769;-3,502934
Argamasilla de Alba;39,12871;-3,088472
Argamasilla de Calatrava;38,72688;-4,080076
Bolaños de Calatrava;38,90565;-3,666354
Brazatortas;38,66077;-4,296044
Calzada de Calatrava;38,70487;-3,777296
Campo de Criptana;39,40229;-3,12215
Carrión de Calatrava;39,01838;-3,817681
Carrizosa;38,84157;-2,992662
Castellar de Santiago;38,54034;-3,278269
Chillón;38,79689;-4,867012
Ciudad Real;38,9861;-3,927263
Corral de Calatrava;38,8587;-4,080987
Cózar;38,66079;-3,073008
Daimiel;39,07178;-3,616573
Fernán Caballero;39,12474;-3,902586
Fuencaliente;38,40664;-4,304459
Fuente el Fresno;39,23047;-3,774781
Herencia;39,36691;-3,354991
Malagón;39,17159;-3,854879
Manzanares;38,99636;-3,373172
Membrilla;38,97219;-3,348246
Miguelturra;38,96479;-3,891293
Montiel;38,69634;-2,862144
Moral de Calatrava;38,8303;-3,580616
Pedro Muñoz;39,40552;-2,947798
Piedrabuena;39,03277;-4,175645
Poblete;38,93584;-3,981476
Porzuna;39,14607;-4,153421
Pozuelo de Calatrava;38,91215;-3,837884
Puebla de Don Rodrigo;39,08641;-4,620681
Puerto Lápice;39,32433;-3,481053
Puertollano;38,68604;-4,112146
Retuerta del Bullaque;39,4612;-4,409563
Robledo (El);39,21893;-4,282607
San Carlos del Valle;38,84432;-3,241523
Santa Cruz de Mudela;38,64534;-3,467174
Socuéllamos;39,29322;-2,79432
Solana (La);38,94151;-3,23942
Tomelloso;39,15775;-3,020807
Torralba de Calatrava;39,01635;-3,750029
Torre de Juan Abad;38,58471;-3,060354
Torrenueva;38,64016;-3,362127
Valdepeñas;38,76053;-3,384104
Villahermosa;38,75026;-2,871385
Villamanrique;38,54818;-2,996742
Villanueva de la Fuente;38,69218;-2,694855
Villanueva de los Infantes;38,73712;-3,014678
Villarrubia de los Ojos;39,21914;-3,607883
Villarta de San Juan;39,24044;-3,422227
Viso del Marqués;38,52327;-3,562804
Alberca de Záncara (La);39,5143;-2,492847
Arcas del Villar;39,98858;-2,114739
Barajas de Melo;40,12273;-2,915822
Belmonte;39,55941;-2,70837
Campillo de Altobuey;39,61043;-1,795945
Casas de Benítez;39,36133;-2,130932
Casas de Fernando Alonso;39,35053;-2,329337
Casasimarro;39,39071;-2,036607
Cuenca;40,07183;-2,134005
Fuente de Pedro Naharro;39,92551;-3,010809
Hinojosos (Los);39,60409;-2,825801
Honrubia;39,61238;-2,284828
Horcajo de Santiago;39,84166;-3,001539
Huete;40,14595;-2,687307
Iniesta;39,44085;-1,749385
Landete;39,90768;-1,364534
Ledaña;39,35647;-1,718999
Mesas (Las);39,39007;-2,767518
Minglanilla;39,53357;-1,600453
Mota del Cuervo;39,50294;-2,873104
Motilla del Palancar;39,56567;-1,912222
Pedernoso (El);39,4872;-2,743056
Pedroñeras (Las);39,4494;-2,680383
Priego;40,44872;-2,314606
Provencio (El);39,38158;-2,575047
Quintanar del Rey;39,34257;-1,929375
San Clemente;39,40189;-2,424473
San Lorenzo de la Parrilla;39,84952;-2,357743
Sisante;39,41085;-2,202905
Talayuelas;39,84925;-1,284513
Tarancón;40,01054;-3,006447
Valeras (Las);39,78652;-2,154847
Valverde de Júcar;39,71869;-2,221901
Villalpardo;39,47199;-1,624603
Villamayor de Santiago;39,72784;-2,92358
Villanueva de la Jara;39,44291;-1,953522
Villar de Olalla;40,01356;-2,197358
Albalate de Zorita;40,3085;-2,841589
Almoguera;40,29783;-2,98217
Alovera;40,5967;-3,248165
Azuqueca de Henares;40,56503;-3,268549
Brihuega;40,75965;-2,870508
Cabanillas del Campo;40,63814;-3,238199
Casar (El);40,7035;-3,423473
Chiloeches;40,573;-3,162585
Cifuentes;40,78657;-2,622788
Fontanar;40,72714;-3,177209
Galápagos;40,69532;-3,338467
Guadalajara;40,62981;-3,166493
Horche;40,5683;-3,061644
Humanes;40,82745;-3,155397
Jadraque;40,92616;-2,925027
Loranca de Tajuña;40,4469;-3,113948
Marchamalo;40,66821;-3,200962
Molina de Aragón;40,84282;-1,882801
Mondéjar;40,32302;-3,115048
Pastrana;40,41794;-2,922605
Pioz;40,46357;-3,175737
Pozo de Guadalajara;40,49506;-3,182096
Sacedón;40,48108;-2,733063
Sigüenza;41,0696;-2,642236
Torija;40,74407;-3,030298
Torrejón del Rey;40,64526;-3,337636
Trijueque;40,77686;-2,995797
Trillo;40,70134;-2,593588
Uceda;40,84321;-3,461408
Valdeaveruelo;40,63712;-3,315817
Villanueva de la Torre;40,58433;-3,302191
Yunquera de Henares;40,75522;-3,165951
Ajofrín;39,71251;-3,982614
Alameda de la Sagra;40,01226;-3,796505
Alcaudete de la Jara;39,79322;-4,870331
Almorox;40,23307;-4,391364
Añover de Tajo;39,98945;-3,764771
Argés;39,80597;-4,057286
Bargas;39,94163;-4,01897
Belvís de la Jara;39,76008;-4,949282
Borox;40,06972;-3,740191
Burguillos de Toledo;39,79657;-3,992624
Burujón;39,90132;-4,298384
Cabañas de la Sagra;40,00811;-3,947354
Calera y Chozas;39,88144;-4,978609
Camarena;40,09217;-4,119881
Camuñas;39,42896;-3,459021
Carpio de Tajo (El);39,88752;-4,45466
Carranque;40,1697;-3,901091
Casar de Escalona (El);40,04669;-4,523818
Casarrubios del Monte;40,18575;-4,0358
Castillo de Bayuela;40,10114;-4,685131
Cazalegas;40,01085;-4,67746
Cebolla;39,9479;-4,569388
Cedillo del Condado;40,1137;-3,922378
Chozas de Canales;40,09974;-4,041364
Cobeja;40,02474;-3,857
Cobisa;39,80434;-4,024558
Consuegra;39,46046;-3,60672
Corral de Almaguer;39,76015;-3,166829
Cuerva;39,66404;-4,211058
Dosbarrios;39,88408;-3,476729
Escalona;40,1686;-4,403674
Escalonilla;39,92519;-4,348843
Esquivias;40,10413;-3,77008
Fuensalida;40,05297;-4,209178
Gálvez;39,70341;-4,274498
Gerindote;39,96661;-4,303091
Guadamur;39,81336;-4,147479
Guardia (La);39,78557;-3,477073
Huerta de Valdecarábanos;39,86433;-3,611917
Illescas;40,12416;-3,849206
Lagartera;39,90598;-5,20118
Lillo;39,72131;-3,305534
Lominchar;40,08976;-3,96732
Madridejos;39,46688;-3,523135
Magán;39,95749;-3,930584
Malpica de Tajo;39,89419;-4,546063
Mata (La);39,94268;-4,43835
Mazarambroz;39,69421;-4,021279
Mejorada;40,01009;-4,881894
Menasalbas;39,64199;-4,28475
Méntrida;40,23759;-4,190963
Miguel Esteban;39,52595;-3,075709
Mocejón;39,93911;-3,914589
Mora;39,68426;-3,773487
Nambroca;39,79691;-3,943745
Navahermosa;39,63567;-4,469614
Navalcán;40,06983;-5,092264
Navalmorales (Los);39,72627;-4,639593
Navalucillos (Los);39,666;-4,642211
Noblejas;39,98035;-3,439631
Nombela;40,15645;-4,502765
Novés;40,04707;-4,272139
Numancia de la Sagra;40,07499;-3,854127
Ocaña;39,96031;-3,499733
Olías del Rey;39,94308;-3,986718
Ontígola;40,00346;-3,572239
Orgaz;39,64753;-3,874646
Oropesa;39,91914;-5,173415
Pantoja;40,0439;-3,836551
Pepino;40,03209;-4,802787
Polán;39,78912;-4,1682
Portillo de Toledo;40,0639;-4,229168
Puebla de Almoradiel (La);39,59846;-3,118667
Puebla de Montalbán (La);39,8645;-4,358903
Pueblanueva (La);39,91259;-4,679905
Puente del Arzobispo (El);39,80316;-5,172055
Pulgar;39,69444;-4,152859
Quero;39,50893;-3,24591
Quintanar de la Orden;39,59079;-3,042736
Quismondo;40,10527;-4,324175
Real de San Vicente (El);40,13696;-4,690419
Recas;40,05353;-3,992467
San Pablo de los Montes;39,53926;-4,331608
San Román de los Montes;40,0689;-4,7318
Santa Cruz de la Zarza;39,98323;-3,185218
Santa Cruz del Retamar;40,11898;-4,241545
Santa Olalla;40,02426;-4,428266
Segurilla;40,0226;-4,864883
Seseña;40,10443;-3,697418
Sonseca;39,67621;-3,973744
Talavera de la Reina;39,9598;-4,834432
Tembleque;39,69833;-3,503289
Toboso (El);39,51261;-2,99514
Toledo;39,85678;-4,024476
Torre de Esteban Hambrán (La);40,16903;-4,217501
Torrijos;39,98128;-4,284419
Ugena;40,15582;-3,876736
Urda;39,41178;-3,716074
Valmojado;40,20454;-4,0909
Velada;39,98071;-4,979115
Ventas con Peña Aguilera (Las);39,61103;-4,230424
Ventas de Retamosa (Las);40,15533;-4,113943
Villa de Don Fadrique (La);39,61808;-3,2179
Villacañas;39,62555;-3,331701
Villafranca de los Caballeros;39,42597;-3,359463
Villaluenga de la Sagra;40,02728;-3,911721
Villanueva de Alcardete;39,6734;-3,012378
Villarrubia de Santiago;39,98702;-3,368908
Villaseca de la Sagra;39,96093;-3,882071
Villasequilla;39,87814;-3,73029
Villatobas;39,90173;-3,32405
Viso de San Juan (El);40,14274;-3,920716
Yébenes (Los);39,58142;-3,870618
Yeles;40,12237;-3,805358
Yepes;39,90262;-3,622163
Yuncler;40,04062;-3,903411
Yuncos;40,0842;-3,875736
Adrada (La);40,29935;-4,634857
Arenal (El);40,26487;-5,087197
Arenas de San Pedro;40,20872;-5,091141
Arévalo;41,06443;-4,721681
Ávila;40,65642;-4,700323
Barco de Ávila (El);40,35711;-5,523521
Barraco (El);40,47881;-4,638284
Burgohondo;40,41368;-4,786215
Candeleda;40,15509;-5,239784
Casavieja;40,28105;-4,766778
Cebreros;40,45507;-4,464714
Hoyo de Pinares (El);40,50175;-4,422359
Madrigal de las Altas Torres;41,08944;-4,998767
Mombeltrán;40,25992;-5,01777
Navaluenga;40,41096;-4,707685
Navas del Marqués (Las);40,60316;-4,326336
Pedro Bernardo;40,24287;-4,914765
Piedrahíta;40,46339;-5,328194
Piedralaves;40,31736;-4,69809
Sotillo de la Adrada;40,29404;-4,585647
Tiemblo (El);40,41628;-4,503831
Alfoz de Quintanadueñas;42,38503;-3,734942
Aranda de Duero;41,67171;-3,686569
Arcos;42,26453;-3,755465
Belorado;42,42041;-3,189796
Briviesca;42,55029;-3,323369
Burgos;42,34087;-3,699731
Cardeñadijo;42,2997;-3,665262
Condado de Treviño;42,7349;-2,74691
Espinosa de los Monteros;43,07687;-3,552301
Huerta de Rey;41,83988;-3,349127
Ibeas de Juarros;42,33124;-3,535495
Lerma;42,02583;-3,75596
Medina de Pomar;42,92837;-3,487223
Melgar de Fernamental;42,40352;-4,244519
Merindad de Río Ubierna;42,61666;-3,65
Miranda de Ebro;42,68734;-2,947593
Oña;42,73478;-3,414072
Pradoluengo;42,3237;-3,200787
Quintanar de la Sierra;41,98133;-3,040702
Roa;41,69711;-3,928005
Salas de los Infantes;42,02327;-3,286438
Sasamón;42,41784;-4,043491
Trespaderne;42,8019;-3,391455
Valle de Mena;43,1;-3,283333
Valle de Tobalina;42,792;-3,271
Villadiego;42,51575;-4,010096
Villagonzalo Pedernales;42,30135;-3,736424
Villarcayo de Merindad de Castilla la Vieja;42,9383;-3,572985
Astorga;42,4589;-6,063526
Bañeza (La);42,29755;-5,90192
Bembibre;42,61572;-6,416451
Benavides;42,5;-5,9
Boñar;42,86674;-5,322935
Bustillo del Páramo;42,44134;-5,791799
Cabañas Raras;42,62006;-6,640493
Cacabelos;42,59987;-6,72562
Camponaraya;42,58083;-6,670298
Carracedelo;42,55473;-6,734163
Carrizo;42,58697;-5,867041
Castrocalbón;42,1959;-5,978774
Castropodame;42,58004;-6,467308
Chozas de Abajo;42,50726;-5,686552
Cistierna;42,80286;-5,125302
Congosto;42,61791;-6,520012
Corullón;42,58038;-6,812983
Cuadros;42,71033;-5,639072
Cubillos del Sil;42,62387;-6,563678
Fabero;42,76797;-6,625144
Folgoso de la Ribera;42,64359;-6,319312
Garrafe de Torío;42,73277;-5,523663
Gradefes;42,62492;-5,227446
Hospital de Órbigo;42,46129;-5,884193
Igüeña;42,72905;-6,27664
Laguna de Negrillos;42,23968;-5,661668
León;42,59988;-5,571752
Mansilla de las Mulas;42,49752;-5,416444
Matallana de Torío;42,84385;-5,498035
Onzonilla;42,52478;-5,583355
Palacios del Sil;42,87659;-6,433007
Páramo del Sil;42,82024;-6,488228
Pola de Gordón (La);42,85498;-5,670204
Ponferrada;42,54633;-6,590833
Puente de Domingo Flórez;42,41438;-6,82406
Robla (La);42,80159;-5,628979
Sabero;42,83629;-5,150429
Sahagún;42,37203;-5,03044
San Andrés del Rabanedo;42,61139;-5,619493
San Justo de la Vega;42,4542;-6,014813
Santa Elena de Jamuz;42,26;-5,886668
Santa María del Páramo;42,35568;-5,747854
Santa Marina del Rey;42,51359;-5,858411
Santovenia de la Valdoncina;42,54325;-5,621881
Sariegos;42,65;-5,633333
Soto de la Vega;42,33125;-5,882584
Toreno;42,70055;-6,509904
Torre del Bierzo;42,5947;-6,324807
Turcia;42,53492;-5,876189
Valdefresno;42,59381;-5,492152
Valdepolo;42,57626;-5,22613
Valderas;42,07758;-5,442767
Valderrueda;42,81544;-4,948068
Valdevimbre;42,42081;-5,622447
Valencia de Don Juan;42,29401;-5,519861
Valverde de la Virgen;42,56865;-5,683748
Vega de Espinareda;42,72601;-6,655013
Vegas del Condado;42,68404;-5,366673
Villablino;42,93821;-6,320078
Villadangos del Páramo;42,51751;-5,766411
Villadecanes;42,57994;-6,759443
Villafranca del Bierzo;42,60765;-6,807748
Villamañán;42,3217;-5,582248
Villamanín;42,9384;-5,655591
Villaquilambre;42,63885;-5,557585
Villarejo de Órbigo;42,44614;-5,904218
Villasabariego;42,53359;-5,413929
Villaturiel;42,51855;-5,485187
Aguilar de Campoo;42,79245;-4,260221
Alar del Rey;42,65989;-4,311825
Astudillo;42,19241;-4,294691
Baltanás;41,93716;-4,245831
Barruelo de Santullán;42,90768;-4,28723
Carrión de los Condes;42,33895;-4,601765
Cervera de Pisuerga;42,86576;-4,499135
Dueñas;41,8762;-4,545815
Grijota;42,05277;-4,583137
Guardo;42,7889;-4,846615
Herrera de Pisuerga;42,59454;-4,33076
Magaz de Pisuerga;41,98265;-4,42814
Osorno la Mayor;42,41016;-4,361501
Palencia;42,01246;-4,531175
Paredes de Nava;42,15297;-4,694349
Saldaña;42,52224;-4,736195
Santibáñez de la Peña;42,80851;-4,730435
Torquemada;42,03398;-4,319597
Velilla del Río Carrión;42,82626;-4,84626
Venta de Baños;41,92121;-4,494053
Villada;42,25081;-4,966945
Villalobón;42,02964;-4,503937
Villamuriel de Cerrato;41,94826;-4,515538
Alba de Tormes;40,82463;-5,515934
Alberca (La);40,48907;-6,111216
Aldeadávila de la Ribera;41,21826;-6,620032
Aldeatejada;40,92322;-5,692632
Béjar;40,38356;-5,766045
Cabrerizos;40,9785;-5,612863
Calvarrasa de Abajo;40,94589;-5,553869
Cantalapiedra;41,12526;-5,183366
Cantalpino;41,05279;-5,328163
Carbajosa de la Sagrada;40,93298;-5,651256
Castellanos de Moriscos;41,01973;-5,592543
Ciudad Rodrigo;40,59715;-6,522775
Doñinos de Salamanca;40,96074;-5,746598
Fuente de San Esteban (La);40,80195;-6,257595
Fuentes de Oñoro;40,59302;-6,81143
Guijuelo;40,55514;-5,673656
Ledesma;41,09164;-5,998983
Lumbrales;40,93554;-6,717643
Macotera;40,83105;-5,287003
Monterrubio de Armuña;41,02808;-5,642549
Peñaranda de Bracamonte;40,90394;-5,202896
Salamanca;40,96497;-5,663047
Santa Marta de Tormes;40,95005;-5,633373
Terradillos;40,83985;-5,542461
Villamayor;41,00082;-5,68979
Villares de la Reina;41,00651;-5,647612
Villoria;40,9945;-5,374672
Vitigudino;41,00888;-6,43838
Ayllón;41,41933;-3,373922
Cantalejo;41,25864;-3,9281
Cantimpalos;41,0742;-4,158595
Carbonero el Mayor;41,12254;-4,266704
Coca;41,21833;-4,519117
Cuéllar;41,40251;-4,316654
Espinar (El);40,71771;-4,247441
Lastrilla (La);40,9687;-4,103292
Mozoncillo;41,40326;-3,517124
Nava de la Asunción;41,15579;-4,487045
Navalmanzano;41,21515;-4,258042
Navas de Oro;41,19619;-4,439495
Otero de Herreros;40,82013;-4,20911
Palazuelos de Eresma;40,93102;-4,059671
Riaza;41,28003;-3,477578
San Cristóbal de Segovia;40,95257;-4,076104
San Ildefonso;40,90373;-4,007106
Santa María la Real de Nieva;41,06889;-4,404407
Segovia;40,94943;-4,119209
Sepúlveda;41,29744;-3,749051
Torrecaballeros;40,99184;-4,024845
Turégano;41,15512;-4,007469
Villacastín;40,7799;-4,413782
Ágreda;41,85508;-1,920437
Almazán;41,48592;-2,533437
Arcos de Jalón;41,21495;-2,2713
Berlanga de Duero;41,46519;-2,861313
Burgo de Osma-Ciudad de Osma;41,58764;-3,06658
Covaleda;41,93584;-2,884975
Duruelo de la Sierra;41,95428;-2,932089
Golmayo;41,76519;-2,524221
Ólvega;41,77938;-1,985618
San Esteban de Gormaz;41,57364;-3,205283
San Leonardo de Yagüe;41,82905;-3,066409
Soria;41,7636;-2,464921
Vinuesa;41,91164;-2,762882
Alaejos;41,30723;-5,217235
Aldeamayor de San Martín;41,51191;-4,640789
Arroyo de la Encomienda;41,60952;-4,796458
Boecillo;41,5409;-4,699863
Cabezón de Pisuerga;41,73401;-4,645665
Campaspero;41,49291;-4,199188
Carpio;41,21339;-5,11081
Cigales;41,75821;-4,699579
Cistérniga;41,61322;-4,689145
Fresno el Viejo;41,19566;-5,145677
Fuensaldaña;41,70668;-4,764007
Íscar;41,36171;-4,535896
Laguna de Duero;41,58331;-4,721731
Matapozuelos;41,41465;-4,79148
Mayorga;42,16557;-5,265478
Medina de Rioseco;41,88319;-5,04281
Medina del Campo;41,30819;-4,921706
Mojados;41,43191;-4,66421
Montemayor de Pililla;41,5081;-4,453449
Nava del Rey;41,33257;-5,079111
Olmedo;41,28892;-4,683382
Pedraja de Portillo (La);41,47289;-4,643072
Pedrajas de San Esteban;41,33928;-4,580059
Peñafiel;41,59464;-4,118107
Portillo;41,47901;-4,588226
Quintanilla de Onésimo;41,62392;-4,363746
Renedo de Esgueva;41,65422;-4,627491
Rueda;41,41413;-4,957104
Santovenia de Pisuerga;41,69658;-4,688344
Seca (La);41,41461;-4,907119
Serrada;41,4593;-4,861142
Simancas;41,59023;-4,826713
Tordesillas;41,50165;-4,999127
Traspinedo;41,57597;-4,472253
Tudela de Duero;41,58638;-4,581106
Valdestillas;41,47604;-4,770289
Valladolid;41,65295;-4,728388
Viana de Cega;41,52876;-4,752031
Villabrágima;41,82352;-5,11295
Villalón de Campos;42,09926;-5,033988
Villanubla;41,69872;-4,841893
Villanueva de Duero;41,51768;-4,868396
Zaratán;41,661;-4,78407
Alcañices;41,69968;-6,347962
Benavente;42,00302;-5,67408
Bermillo de Sayago;41,36691;-6,112085
Coreses;41,54818;-5,622248
Corrales;41,35688;-5,728258
Fermoselle;41,31866;-6,39788
Fuentesaúco;41,22937;-5,496713
Galende;42,10423;-6,66264
Moraleja del Vino;41,46376;-5,656368
Morales de Toro;41,53684;-5,30874
Morales del Vino;41,44627;-5,730685
Puebla de Sanabria;42,05469;-6,633974
San Cristóbal de Entreviñas;42,04623;-5,63461
Santa Cristina de la Polvorosa;42,00021;-5,711788
Santibáñez de Vidriales;42,07348;-6,015193
Toro;41,52636;-5,394857
Trabazos;41,74718;-6,492951
Villalpando;41,86461;-5,411108
Villaralbo;41,4931;-5,682579
Zamora;41,50368;-5,743778
Abrera;41,51609;1,902142
Aiguafreda;41,76884;2,250261
Alella;41,49395;2,295461
Ametlla del Vallès (L');41,66976;2,261185
Arenys de Mar;41,57944;2,55148
Arenys de Munt;41,61026;2,541376
Argentona;41,55555;2,400564
Artés;41,79839;1,954726
Avià;42,07741;1,825308
Avinyó;41,86209;1,971941
Avinyonet del Penedès;41,3606;1,776485
Badalona;41,45014;2,24742
Badia del Vallès;41,50871;2,114864
Bagà;42,25188;1,863364
Balenyà;41,84387;2,251218
Balsareny;41,86267;1,873386
Barberà del Vallès;41,51596;2,124723
Barcelona;41,38792;2,169919
Begues;41,33101;1,921987
Berga;42,10144;1,8438
Bigues i Riells;41,67733;2,223527
Bruc (El);41,57993;1,78023
Cabrera d'Anoia;41,47944;1,704722
Cabrera de Mar;41,52623;2,393533
Cabrils;41,52552;2,368645
Calaf;41,73342;1,513498
Caldes d'Estrac;41,56946;2,526318
Caldes de Montbui;41,62976;2,165922
Calella;41,6134;2,657365
Calldetenes;41,92522;2,283792
Callús;41,78109;1,784008
Canet de Mar;41,58897;2,581924
Canovelles;41,61582;2,283456
Cànoves i Samalús;41,69384;2,353842
Canyelles;41,28708;1,721569
Capellades;41,53075;1,679613
Cardedeu;41,63816;2,354492
Cardona;41,91392;1,681348
Casserres;42,01234;1,845834
Castellar del Vallès;41,61618;2,085649
Castellbell i el Vilar;41,63389;1,863889
Castellbisbal;41,47467;1,981407
Castelldefels;41,28039;1,976774
Castellet i la Gornal;41,25391;1,592478
Castellgalí;41,67451;1,839598
Castellnou de Bages;41,83533;1,837383
Castellterçol;41,74788;2,12309
Castellví de la Marca;41,33242;1,594271
Castellví de Rosanes;41,45037;1,899479
Centelles;41,79659;2,221327
Cercs;42,15168;1,856175
Cerdanyola del Vallès;41,49137;2,140769
Cervelló;41,39615;1,957621
Collbató;41,56639;1,830136
Corbera de Llobregat;41,41764;1,932827
Cornellà de Llobregat;41,35561;2,070432
Cubelles;41,20835;1,672825
Dosrius;41,59482;2,405386
Esparreguera;41,53889;1,870692
Esplugues de Llobregat;41,37751;2,088085
Figaró-Montmany;41,72169;2,273113
Fogars de la Selva;41,72539;2,673566
Folgueroles;41,93813;2,31796
Fonollosa;41,76566;1,669017
Font-rubí;41,43423;1,591408
Franqueses del Vallès (Les);41,61889;2,298056
Garriga (La);41,68537;2,285918
Gavà;41,30317;2,003213
Gelida;41,44048;1,862745
Gironella;42,03363;1,8825
Granada (La);41,37685;1,719494
Granollers;41,60821;2,287789
Gualba;41,73145;2,502726
Guardiola de Berguedà;42,23344;1,879111
Gurb;41,95394;2,235545
Hospitalet de Llobregat (L');41,35958;2,099704
Hostalets de Pierola (Els);41,53416;1,765952
Igualada;41,57877;1,617193
Llagosta (La);41,51321;2,193246
Lliçà d'Amunt;41,60865;2,239443
Lliçà de Vall;41,59081;2,242733
Llinars del Vallès;41,63935;2,404427
Malgrat de Mar;41,64655;2,741634
Manlleu;41,99995;2,284165
Manresa;41,72517;1,823353
Martorell;41,47355;1,927682
Martorelles;41,52577;2,242882
Masies de Voltregà (Les);42,02114;2,234093
Masnou (El);41,47931;2,319244
Masquefa;41,50307;1,811926
Matadepera;41,5967;2,026747
Mataró;41,5375;2,445278
Mediona;41,48333;1,616667
Moià;41,81277;2,097428
Molins de Rei;41,41392;2,015836
Mollet del Vallès;41,54052;2,213529
Monistrol de Montserrat;41,60986;1,843154
Montcada i Reixac;41,48231;2,188504
Montgat;41,46645;2,279088
Montmeló;41,55146;2,248465
Montornès del Vallès;41,54255;2,263779
Navarcles;41,75158;1,903257
Navàs;41,90007;1,879363
Òdena;41,60673;1,640909
Olèrdola;41,32195;1,723056
Olesa de Bonesvalls;41,35301;1,849887
Olesa de Montserrat;41,5434;1,888153
Olivella;41,31034;1,812279
Olost;41,98582;2,095717
Palafolls;41,66497;2,749768
Palau-solità i Plegamans;41,58862;2,179233
Pallejà;41,42372;1,996701
Palma de Cervelló (La);41,41331;1,967154
Papiol (El);41,43895;2,010686
Parets del Vallès;41,57355;2,233794
Piera;41,51797;1,743268
Pineda de Mar;41,62751;2,689454
Pla del Penedès (El);41,41798;1,71032
Pobla de Claramunt (La);41,55298;1,675936
Pobla de Lillet (La);42,24344;1,97473
Polinyà;41,5575;2,156243
Pont de Vilomara i Rocafort (El);41,69987;1,870855
Prat de Llobregat (El);41,33047;2,093149
Prats de Lluçanès;42,00874;2,028578
Premià de Dalt;41,50655;2,343058
Premià de Mar;41,48958;2,356536
Puig-reig;41,97446;1,878855
Ripollet;41,49736;2,155674
Roca del Vallès (La);41,59053;2,326258
Roda de Ter;41,98597;2,311212
Rubí;41,49233;2,031262
Sabadell;41,54862;2,107421
Sallent;41,8242;1,89493
Sant Adrià de Besòs;41,4306;2,218239
Sant Andreu de la Barca;41,44718;1,975935
Sant Andreu de Llavaneres;41,57237;2,482367
Sant Antoni de Vilamajor;41,6737;2,400859
Sant Boi de Llobregat;41,34739;2,043103
Sant Cebrià de Vallalta;41,61977;2,600307
Sant Celoni;41,69019;2,49167
Sant Climent de Llobregat;41,33731;1,99578
Sant Cugat del Vallès;41,47186;2,082139
Sant Esteve de Palautordera;41,70347;2,435386
Sant Esteve Sesrovires;41,49455;1,872799
Sant Feliu de Codines;41,68893;2,164804
Sant Feliu de Llobregat;41,38094;2,045171
Sant Fost de Campsentelles;41,51452;2,234791
Sant Fruitós de Bages;41,74952;1,872885
Sant Hipòlit de Voltregà;42,01554;2,236254
Sant Iscle de Vallalta;41,62377;2,569127
Sant Joan de Vilatorrada;41,74549;1,805543
Sant Joan Despí;41,36769;2,056065
Sant Julià de Vilatorta;41,92231;2,324351
Sant Just Desvern;41,38576;2,075544
Sant Llorenç d'Hortons;41,46485;1,824399
Sant Llorenç Savall;41,67982;2,05931
Sant Martí de Centelles;41,76633;2,20482
Sant Martí de Tous;41,56214;1,522934
Sant Martí Sarroca;41,38578;1,611423
Sant Pere de Ribes;41,2591;1,775418
Sant Pere de Riudebitlles;41,45347;1,701628
Sant Pere de Torelló;42,07564;2,296003
Sant Pere de Vilamajor;41,68499;2,390498
Sant Pol de Mar;41,59945;2,615872
Sant Quintí de Mediona;41,46383;1,666462
Sant Quirze de Besora;42,10094;2,216611
Sant Quirze del Vallès;41,5308;2,086581
Sant Sadurní d'Anoia;41,42535;1,785673
Sant Salvador de Guardiola;41,6806;1,767125
Sant Vicenç de Castellet;41,66581;1,863849
Sant Vicenç de Montalt;41,58262;2,509926
Sant Vicenç de Torelló;42,06234;2,272757
Sant Vicenç dels Horts;41,39362;2,00987
Santa Coloma de Cervelló;41,36684;2,015083
Santa Coloma de Gramenet;41,45107;2,208978
Santa Eugènia de Berga;41,9003;2,282697
Santa Eulàlia de Riuprimer;41,9108;2,188852
Santa Eulàlia de Ronçana;41,65306;2,226111
Santa Margarida de Montbui;41,55719;1,604131
Santa Margarida i els Monjos;41,32087;1,662838
Santa Maria d'Oló;41,87207;2,035291
Santa Maria de Corcó;42,03559;2,368923
Santa Maria de Palautordera;41,6932;2,446227
Santa Perpètua de Mogoda;41,53486;2,178988
Santa Susanna;41,64069;2,716872
Santpedor;41,78357;1,839129
Sentmenat;41,61163;2,134932
Seva;41,83733;2,281063
Sitges;41,23478;1,811222
Subirats;41,38472;1,798056
Súria;41,83179;1,750768
Taradell;41,87363;2,287192
Teià;41,49969;2,320616
Terrassa;41,56095;2,01044
Tiana;41,48324;2,26898
Tona;41,84785;2,227755
Tordera;41,70206;2,71902
Torelló;42,04824;2,26272
Torre de Claramunt (La);41,53589;1,661657
Torrelavit;41,44635;1,729874
Torrelles de Foix;41,3891;1,567663
Torrelles de Llobregat;41,35389;1,97666
Ullastrell;41,52707;1,956931
Vacarisses;41,60627;1,919159
Vallbona d'Anoia;41,51962;1,708936
Vallgorguina;41,64832;2,509912
Vallirana;41,38872;1,932255
Vallromanes;41,5318;2,298065
Vic;41,93029;2,25435
Viladecans;41,31601;2,020199
Viladecavalls;41,55547;1,954526
Vilafranca del Penedès;41,34509;1,699849
Vilanova del Camí;41,57373;1,642982
Vilanova del Vallès;41,55407;2,288895
Vilanova i la Geltrú;41,22415;1,725568
Vilassar de Dalt;41,51669;2,358552
Vilassar de Mar;41,50181;2,390873
Vilobí del Penedès;41,38835;1,662088
Alp;42,37436;1,887394
Amer;42,0095;2,604287
Anglès;41,95515;2,638278
Arbúcies;41,81705;2,514368
Avinyonet de Puigventós;42,25051;2,913306
Banyoles;42,11812;2,764747
Begur;41,95374;3,208136
Besalú;42,20039;2,698663
Bescanó;41,96624;2,739396
Bisbal d'Empordà (La);41,96022;3,040184
Blanes;41,67427;2,792096
Bordils;42,04543;2,909822
Breda;41,74772;2,559948
Cadaqués;42,28896;3,278389
Caldes de Malavella;41,83933;2,809666
Calonge;41,86162;3,072578
Campdevànol;42,22223;2,167294
Camprodon;42,31283;2,364999
Cassà de la Selva;41,88774;2,875085
Castell-Platja d'Aro;41,818;3,067004
Castellfollit de la Roca;42,21913;2,550077
Castelló d'Empúries;42,25826;3,074442
Cellera de Ter (La);41,97058;2,620421
Celrà;42,02462;2,878967
Corçà;41,98789;3,015762
Cornellà del Terri;42,08915;2,816139
Cruïlles, Monells i Sant Sadurní de l'Heura;41,95469;2,991794
Escala (L');42,12479;3,132396
Figueres;42,2675;2,96084
Flaçà;42,05033;2,954067
Fontcoberta;42,14968;2,785791
Forallac;41,95794;3,057389
Fornells de la Selva;41,93181;2,812444
Girona;41,9818;2,8237
Hostalric;41,74648;2,635484
Jonquera (La);42,41669;2,873235
Llagostera;41,82928;2,893911
Llançà;42,36518;3,161217
Llers;42,29514;2,912382
Llívia;42,46312;1,979733
Lloret de Mar;41,69878;2,847584
Maçanet de la Selva;41,77703;2,73262
Mont-ras;41,90822;3,147037
Navata;42,22344;2,861938
Olot;42,18211;2,488189
Palafrugell;41,91719;3,163817
Palamós;41,84676;3,128636
Palau-saverdera;42,30775;3,147585
Pals;41,97121;3,148876
Peralada;42,30796;3,010452
Planes d'Hostoles (Les);42,0569;2,54012
Porqueres;42,12186;2,748212
Port de la Selva (El);42,33659;3,203688
Portbou;42,42653;3,15937
Preses (Les);42,14634;2,459791
Puigcerdà;42,43135;1,927728
Quart;41,93833;2,841294
Ribes de Freser;42,30637;2,169102
Riells i Viabrea;41,72167;2,551667
Ripoll;42,20079;2,190623
Riudarenes;41,82198;2,716726
Riudellots de la Selva;41,89329;2,804287
Roses;42,26297;3,174805
Salt;41,97416;2,792586
Sant Feliu de Guíxols;41,78058;3,030733
Sant Feliu de Pallerols;42,07827;2,509799
Sant Gregori;41,99061;2,759504
Sant Hilari Sacalm;41,87896;2,510884
Sant Joan de les Abadesses;42,23343;2,285532
Sant Joan les Fonts;42,2124;2,511678
Sant Julià de Ramis;42,02824;2,853541
Sant Julià del Llor i Bonmatí;41,97028;2,664303
Sant Pere Pescador;42,18796;3,082352
Santa Coloma de Farners;41,86081;2,667772
Santa Cristina d'Aro;41,81566;3,002927
Santa Pau;42,14638;2,569324
Sarrià de Ter;42,01446;2,824395
Serinyà;42,17041;2,744267
Sils;41,80917;2,743466
Torroella de Montgrí;42,04318;3,126361
Tossa de Mar;41,72018;2,932097
Ullà;42,05178;3,109733
Vall d'en Bas (La);42,11835;2,457001
Vall de Bianya (La);42,22944;2,44
Verges;42,06281;3,045836
Vidreres;41,79027;2,780014
Vilablareix;41,95639;2,773002
Viladrau;41,84894;2,391026
Vilafant;42,24642;2,937533
Vilajuïga;42,32461;3,090527
Vilamalla;42,21698;2,970136
Vilobí d'Onyar;41,88752;2,739902
Agramunt;41,78611;1,098811
Aitona;41,49576;0,4597391
Albatàrrec;41,57299;0,6057172
Albesa;41,75198;0,6582234
Alcarràs;41,56614;0,530272
Alcoletge;41,64909;0,6945253
Alfarràs;41,83093;0,5681205
Alguaire;41,73795;0,5897447
Almacelles;41,73101;0,4377279
Almenar;41,79552;0,5701049
Alpicat;41,66711;0,5552974
Anglesola;41,65731;1,086762
Arbeca;41,54045;0,9184976
Artesa de Lleida;41,55321;0,7055162
Artesa de Segre;41,89501;1,047474
Balaguer;41,7897;0,805238
Bell-lloc d'Urgell;41,6294;0,7808905
Bellcaire d'Urgell;41,75747;0,9065079
Bellpuig;41,62607;1,009216
Bellver de Cerdanya;42,37015;1,778271
Bellvís;41,67349;0,8210204
Benavent de Segrià;41,69626;0,633923
Borges Blanques (Les);41,52052;0,8692022
Bossòst;42,78545;0,6924253
Castelldans;41,49791;0,7652315
Castellserà;41,74613;0,9867843
Cervera;41,66832;1,275151
Corbins;41,69099;0,6974681
Fuliola (La);41,71503;1,017128
Gimenells i el Pla de la Font;41,65241;0,3896494
Golmés;41,63127;0,9324688
Guissona;41,7867;1,290763
Isona i Conca Dellà;42,11969;1,046651
Ivars d'Urgell;41,68353;0,9885827
Juneda;41,54811;0,8254097
Linyola;41,71127;0,9027762
Lleida;41,61415;0,6257825
Miralcamp;41,60421;0,8817882
Mollerussa;41,63004;0,8941285
Montferrer i Castellbò;42,34172;1,427727
Naut Aran;42,70889;0,9030556
Oliana;42,06369;1,312823
Palau d'Anglesola (El);41,65163;0,880874
Pobla de Segur (La);42,24765;0,9675135
Pont de Suert (El);42,40848;0,741766
Ponts;41,91546;1,184873
Puigverd de Lleida;41,54462;0,7346072
Rosselló;41,69844;0,5957855
Sant Guim de Freixenet;41,65536;1,419204
Sant Llorenç de Morunys;42,13683;1,590986
Seròs;41,46283;0,4108175
Seu d'Urgell (La);42,3567;1,459659
Solsona;41,99363;1,517701
Sort;42,41024;1,128763
Soses;41,53379;0,4879092
Tàrrega;41,64686;1,139215
Térmens;41,71759;0,7651012
Torà;41,81223;1,400911
Torrefarrera;41,67339;0,6067967
Torregrossa;41,58115;0,8252335
Torres de Segre;41,53406;0,5141932
Tremp;42,16858;0,8949026
Vall de Boí (La);42,5047;0,8036
Vallfogona de Balaguer;41,75269;0,813878
Verdú;41,61034;1,14266
Vielha e Mijaran;42,70165;0,7956383
Vilanova de Bellpuig;41,61481;0,9596246
Vilanova de la Barca;41,68935;0,7291372
Albinyana;41,24545;1,489753
Alcanar;40,54484;0,4811905
Alcover;41,26239;1,170159
Aldea (L');40,7418;0,6119037
Alforja;41,21133;0,9762403
Almoster;41,19719;1,112455
Altafulla;41,14274;1,373146
Ametlla de Mar (L');40,88507;0,8033742
Ampolla (L');40,81324;0,7095863
Amposta;40,71231;0,579972
Arboç (L');41,26535;1,603523
Ascó;41,18372;0,5671799
Banyeres del Penedès;41,27967;1,583377
Batea;41,09412;0,3120051
Bellvei;41,23992;1,577277
Benissanet;41,05704;0,6343785
Bisbal del Penedès (La);41,2802;1,488896
Borges del Camp (Les);41,17207;1,020467
Botarell;41,13564;0,9896871
Cabra del Camp;41,39497;1,275942
Calafell;41,20056;1,568441
Camarles;40,77134;0,672512
Cambrils;41,06705;1,056419
Castellvell del Camp;41,17999;1,098705
Catllar (El);41,17456;1,324055
Constantí;41,15104;1,216675
Corbera d'Ebre;41,07764;0,4780503
Cornudella de Montsant;41,26506;0,905523
Creixell;41,16623;1,440536
Cunit;41,19884;1,636739
Deltebre;40,71944;0,7083474
Espluga de Francolí (L');41,39481;1,09851
Falset;41,14634;0,8212665
Fatarella (La);41,16158;0,4733999
Flix;41,22744;0,5446956
Gandesa;41,05214;0,438685
Ginestar;41,0421;0,6326027
Horta de Sant Joan;40,95599;0,3153664
Llorenç del Penedès;41,2842;1,550656
Masdenverge;40,71414;0,5311569
Mont-roig del Camp;41,08556;0,9616579
Montblanc;41,37685;1,16147
Montbrió del Camp;41,12193;1,005617
Montmell (El);41,3175;1,454167
Móra d'Ebre;41,08859;0,6391603
Móra la Nova;41,10094;0,6511012
Morell (El);41,19229;1,206884
Pallaresos (Els);41,17577;1,272141
Perafort;41,19201;1,256016
Perelló (El);40,87543;0,7124032
Pinell de Brai (El);41,01736;0,5155108
Pla de Santa Maria (El);41,36256;1,293029
Pobla de Mafumet (La);41,18802;1,209718
Pobla de Montornès (La);41,17878;1,414619
Reus;41,15482;1,108676
Riba-roja d'Ebre;41,25058;0,4876638
Riera de Gaià (La);41,16825;1,360071
Riudecanyes;41,13054;0,9625295
Riudecols;41,16768;0,9759995
Riudoms;41,13861;1,055814
Roda de Barà;41,18538;1,456687
Roquetes;40,82109;0,5021107
Salou;41,07677;1,144041
Sant Carles de la Ràpita;40,6202;0,5928925
Sant Jaume d'Enveja;40,70399;0,7173735
Sant Jaume dels Domenys;41,29934;1,559053
Santa Bàrbara;40,71442;0,4922784
Santa Coloma de Queralt;41,53089;1,38148
Santa Oliva;41,25252;1,549377
Sarral;41,4454;1,246136
Secuita (La);41,20413;1,280623
Selva del Camp (La);41,21413;1,139606
Sénia (La);40,63339;0,2853313
Tarragona;41,11866;1,24533
Tivissa;41,03957;0,7331267
Torredembarra;41,14452;1,3971
Tortosa;40,811;0,5209974
Ulldecona;40,59736;0,4428432
Vallmoll;41,24361;1,249287
Valls;41,28728;1,251579
Vandellòs i l'Hospitalet de l'Infant;41,02011;0,8329072
Vendrell (El);41,22042;1,534845
Vila-rodona;41,30967;1,35811
Vila-seca;41,11095;1,145001
Vilallonga del Camp;41,209;1,20726
Vimbodí i Poblet;41,4008;1,048851
Vinyols i els Arcs;41,11338;1,039709
Xerta;40,90643;0,4906173
Aceuchal;38,64706;-6,487179
Ahillones;38,26235;-5,861972
Alange;38,78708;-6,243493
Albuera (La);38,71612;-6,822261
Alburquerque;39,21936;-7,001317
Alconchel;38,51668;-7,070871
Almendral;38,61327;-6,822295
Almendralejo;38,68982;-6,405679
Arroyo de San Serván;38,85286;-6,455208
Azuaga;38,25962;-5,677916
Badajoz;38,8786;-6,970284
Barcarrota;38,51441;-6,849041
Berlanga;38,28272;-5,829181
Bienvenida;38,29828;-6,21055
Bodonal de la Sierra;38,1479;-6,560087
Burguillos del Cerro;38,37848;-6,589302
Cabeza del Buey;38,72123;-5,219465
Cabeza la Vaca;38,08687;-6,422567
Calamonte;38,88998;-6,385029
Calera de León;38,10712;-6,336793
Campanario;38,86335;-5,617795
Campillo de Llerena;38,50023;-5,831132
Casas de Don Pedro;39,10563;-5,328635
Castilblanco;39,28229;-5,091
Castuera;38,72257;-5,545517
Cheles;38,51247;-7,281178
Codosera (La);39,20667;-7,169003
Coronada (La);38,9172;-5,669852
Corte de Peleas;38,72504;-6,67092
Don Benito;38,9543;-5,861752
Esparragalejo;38,94225;-6,439241
Esparragosa de la Serena;38,6495;-5,607008
Esparragosa de Lares;38,97508;-5,270102
Feria;38,51197;-6,564341
Fregenal de la Sierra;38,16476;-6,651353
Fuenlabrada de los Montes;39,13128;-4,935597
Fuente de Cantos;38,24661;-6,309231
Fuente del Maestre;38,52863;-6,449848
Fuentes de León;38,06809;-6,538614
Garrovilla (La);38,92122;-6,475953
Granja de Torrehermosa;38,31067;-5,597606
Guareña;38,86047;-6,104637
Haba (La);38,91763;-5,801109
Herrera del Duque;39,16891;-5,051313
Higuera de la Serena;38,64634;-5,741075
Higuera de Vargas;38,44587;-6,973897
Higuera la Real;38,14108;-6,689744
Hornachos;38,55511;-6,069669
Jerez de los Caballeros;38,31935;-6,771007
Llerena;38,23769;-6,015329
Lobón;38,84752;-6,625467
Maguilla;38,36658;-5,837015
Medellín;38,96302;-5,957706
Medina de las Torres;38,34339;-6,411753
Mérida;38,91586;-6,345606
Mirandilla;39,0017;-6,289864
Monesterio;38,08678;-6,274293
Montemolín;38,15512;-6,214543
Monterrubio de la Serena;38,5892;-5,443485
Montijo;38,90995;-6,617333
Nava de Santiago (La);39,06277;-6,50497
Navalvillar de Pela;39,09064;-5,469171
Oliva de la Frontera;38,27606;-6,91992
Oliva de Mérida;38,79173;-6,126723
Olivenza;38,68164;-7,101516
Orellana la Vieja;39,00505;-5,534274
Parra (La);38,5215;-6,6244
Peñalsordo;38,81918;-5,114106
Puebla de Alcocer;38,98521;-5,257938
Puebla de la Calzada;38,89429;-6,624558
Puebla de Obando;39,17762;-6,628193
Puebla de Sancho Pérez;38,39765;-6,399928
Pueblonuevo del Guadiana;38,92309;-6,755604
Quintana de la Serena;38,74163;-5,672316
Ribera del Fresno;38,55236;-6,241587
Roca de la Sierra (La);39,10997;-6,689936
Salvaleón;38,50986;-6,786355
Salvatierra de los Barros;38,49078;-6,685156
San Vicente de Alcántara;39,36045;-7,13695
Santa Amalia;39,01209;-6,01155
Santa Marta;38,61237;-6,629105
Santos de Maimona (Los);38,44897;-6,383959
Segura de León;38,12104;-6,528532
Siruela;38,97767;-5,051702
Solana de los Barros;38,72629;-6,538014
Talarrubias;39,03328;-5,236056
Talavera la Real;38,8765;-6,77358
Torre de Miguel Sesmero;38,61896;-6,796033
Torremayor;38,90372;-6,536332
Torremejía;38,78965;-6,381672
Trujillanos;38,9516;-6,259639
Usagre;38,35719;-6,164374
Valdecaballeros;39,24578;-5,191957
Valdelacalzada;38,88985;-6,701389
Valdetorres;38,91568;-6,068682
Valencia del Ventoso;38,265;-6,474613
Valle de la Serena;38,70062;-5,799649
Valle de Santa Ana;38,36528;-6,788002
Valverde de Leganés;38,67241;-6,981911
Valverde de Mérida;38,91176;-6,221605
Villafranca de los Barros;38,5623;-6,337831
Villagonzalo;38,86309;-6,196941
Villalba de los Barros;38,61292;-6,509777
Villanueva de la Serena;38,97399;-5,800302
Villanueva del Fresno;38,37597;-7,168993
Villar de Rena;39,07669;-5,811779
Villar del Rey;39,13239;-6,847796
Zafra;38,4258;-6,416446
Zahínos;38,33017;-6,955032
Zalamea de la Serena;38,64977;-5,656967
Zarza (La);38,81807;-6,217914
Ahigal;40,1902;-6,185196
Alcántara;39,71918;-6,886507
Alcuéscar;39,18246;-6,228958
Aldeanueva de la Vera;40,1274;-5,701673
Alía;39,44883;-5,217654
Aliseda;39,42412;-6,691398
Almaraz;39,81441;-5,676382
Almoharín;39,17651;-6,045032
Arroyo de la Luz;39,48631;-6,581785
Brozas;39,61208;-6,777935
Cabezuela del Valle;40,19462;-5,807104
Cáceres;39,47618;-6,37076
Caminomorisco;40,32347;-6,290466
Campo Lugar;39,19566;-5,770979
Cañamero;39,3801;-5,388996
Cañaveral;39,78916;-6,394412
Carcaboso;40,04923;-6,213867
Casar de Cáceres;39,56156;-6,416811
Casar de Palomero;40,29464;-6,256925
Casatejada;39,88761;-5,683491
Castañar de Ibor;39,6278;-5,416543
Ceclavín;39,82228;-6,770211
Cilleros;40,11362;-6,792156
Coria;39,98358;-6,539727
Eljas;40,21554;-6,84604
Galisteo;39,97344;-6,2659
Garganta la Olla;40,11181;-5,77565
Garrovillas de Alconétar;39,70975;-6,54906
Gata;40,23882;-6,595838
Guadalupe;39,45216;-5,330024
Guijo de Galisteo;40,09397;-6,409966
Hervás;40,2739;-5,866045
Jaraíz de la Vera;40,06082;-5,757348
Jarandilla de la Vera;40,12643;-5,658391
Jerte;40,21983;-5,755953
Logrosán;39,33704;-5,486933
Losar de la Vera;40,12332;-5,605157
Madrigal de la Vera;40,14826;-5,369092
Madrigalejo;39,13836;-5,628703
Madroñera;39,42639;-5,754245
Majadas;39,94258;-5,748076
Malpartida de Cáceres;39,44617;-6,505743
Malpartida de Plasencia;39,97929;-6,048531
Miajadas;39,15122;-5,907261
Montánchez;39,22698;-6,146751
Montehermoso;40,08851;-6,348759
Moraleja;40,06754;-6,657399
Navaconcejo;40,17633;-5,829202
Navalmoral de la Mata;39,88757;-5,560554
Navas del Madroño;39,62302;-6,651073
Nuñomoral;40,40713;-6,246152
Peraleda de la Mata;39,85395;-5,461355
Pesga (La);40,32642;-6,176128
Pinofranqueado;40,30349;-6,332713
Piornal;40,11704;-5,850621
Plasencia;40,0305;-6,088251
Riolobos;39,92095;-6,304895
Rosalejo;39,99511;-5,458256
Serradilla;39,83054;-6,138085
Sierra de Fuentes;39,43762;-6,275741
Talayuela;39,98579;-5,609766
Tornavacas;40,25297;-5,69185
Torrecillas de la Tiesa;39,56844;-5,742724
Torrejoncillo;39,89564;-6,466379
Torremocha;39,34707;-6,170862
Torreorgaz;39,38263;-6,247857
Trujillo;39,45842;-5,881428
Valdefuentes;39,27539;-6,12266
Valencia de Alcántara;39,41135;-7,246899
Valverde del Fresno;40,22512;-6,877804
Villanueva de la Vera;40,12963;-5,4642
Zarza de Granadilla;40,23764;-6,047421
Zarza la Mayor;39,87599;-6,86481
Zorita;39,28505;-5,700322
Abegondo;43,21667;-8,283333
Ames;42,9;-8,633333
Aranga;43,23333;-8,016667
Ares;43,4263;-8,247746
Arteixo;43,30451;-8,511387
Arzúa;42,92717;-8,164196
Baña (A);42,80187;-8,842805
Bergondo;43,31667;-8,233334
Betanzos;43,28106;-8,211315
Boimorto;43,008;-8,127
Boiro;42,65;-8,9
Boqueixón;42,817;-8,417
Brión;42,867;-8,678
Cabana de Bergantiños;43,21917;-8,98
Cabanas;43,41724;-8,16521
Camariñas;43,12862;-9,184929
Cambre;43,29416;-8,34498
Capela (A);42,69293;-8,792709
Carballo;43,21217;-8,691041
Cariño;43,73265;-7,877766
Carnota;42,82107;-9,0871
Carral;43,2297;-8,355897
Cedeira;43,66142;-8,05547
Cee;42,95541;-9,18975
Cerceda;43,16024;-8,473271
Cerdido;43,62384;-7,994961
Cesuras;43,17367;-8,197223
Coirós;43,25033;-8,164351
Corcubión;42,94464;-9,19431
Coristanco;43,19048;-8,760949
Coruña (A);43,37087;-8,395835
Culleredo;43,31584;-8,384923
Curtis;43,12437;-8,146308
Dodro;42,7175;-8,714723
Dumbría;43,00933;-9,11521
Fene;43,47521;-8,165961
Ferrol;43,48839;-8,222509
Fisterra;42,90507;-9,264338
Frades;43,04;-8,277223
Irixoa;43,28474;-8,058925
Laracha (A);43,25232;-8,584469
Laxe;43,21975;-9,005163
Lousame;42,75896;-8,846885
Malpica de Bergantiños;43,32416;-8,809312
Mañón;43,7692;-7,685581
Mazaricos;42,93893;-8,992199
Melide;42,91393;-8,014727
Mesía;43,11592;-8,244491
Miño;43,3475;-8,206388
Moeche;43,55053;-7,991225
Monfero;43,32491;-8,054685
Mugardos;43,46075;-8,253842
Muros;42,77432;-9,057509
Muxía;43,10466;-9,218463
Narón;43,53705;-8,180766
Neda;43,50128;-8,156269
Negreira;42,90954;-8,736245
Noia;42,78525;-8,888309
Oleiros;43,3335;-8,313619
Ordes;43,07674;-8,407746
Oroso;42,99442;-8,434846
Ortigueira;43,68634;-7,851941
Outes;42,85127;-8,926455
Oza dos Ríos;43,21533;-8,186943
Paderne;43,28677;-8,176355
Padrón;42,73898;-8,660538
Pino (O);42,98462;-8,313807
Pobra do Caramiñal (A);42,6033;-8,938943
Ponteceso;43,24269;-8,900965
Pontedeume;43,40258;-8,152691
Pontes de García Rodríguez (As);43,44582;-7,849446
Porto do Son;42,72468;-9,006695
Rianxo;42,65199;-8,81842
Ribeira;42,57627;-9,023945
Rois;42,76181;-8,706309
Sada;43,35093;-8,254611
San Sadurniño;43,56245;-8,054992
Santa Comba;43,0477;-8,814226
Santiago de Compostela;42,88045;-8,546304
Santiso;42,85;-8,05
Sobrado;43,042;-8,027381
Somozas (As);43,53605;-7,924339
Teo;42,80227;-8,586169
Toques;42,96787;-7,988449
Tordoia;43,088;-8,56
Touro;42,86709;-8,306829
Trazo;43,01667;-8,533333
Val do Dubra;43,0225;-8,638333
Valdoviño;43,6;-8,133056
Vedra;42,78234;-8,467377
Vilarmaior;43,34461;-8,15395
Vilasantar;43,06667;-8,1
Vimianzo;43,1103;-9,033895
Zas;43,09975;-8,916149
Abadín;43,36666;-7,483333
Alfoz;43,52817;-7,414435
Antas de Ulla;42,78225;-7,891078
Baleira;43,00167;-7,239167
Baralla;42,89286;-7,253127
Barreiros;43,53333;-7,233333
Becerreá;42,85341;-7,162147
Begonte;43,14534;-7,680204
Bóveda;42,62622;-7,479327
Burela;43,65594;-7,363514
Carballedo;42,51667;-7,833333
Castro de Rei;43,20859;-7,400369
Castroverde;43,03097;-7,327102
Cervantes;42,86984;-7,060073
Cervo;43,68209;-7,44769
Chantada;42,60867;-7,773468
Corgo (O);42,93829;-7,415542
Cospeito;43,23597;-7,558825
Folgoso do Courel;42,58882;-7,195468
Fonsagrada (A);43,12375;-7,06791
Foz;43,56639;-7,25667
Friol;43,02889;-7,79354
Guitiriz;43,18174;-7,900185
Guntín;42,88778;-7,697222
Incio (O);42,64861;-7,33
Láncara;42,86206;-7,348236
Lourenzá;43,4711;-7,297891
Lugo;43,01208;-7,555851
Meira;43,2131;-7,294944
Mondoñedo;43,4281;-7,362851
Monforte de Lemos;42,5185;-7,510688
Monterroso;42,79319;-7,836526
Navia de Suarna;42,96486;-7,003865
Nogais (As);42,80933;-7,109268
Ourol;43,55678;-7,636109
Outeiro de Rei;43,10213;-7,615168
Palas de Rei;42,87424;-7,868907
Pantón;42,51667;-7,6
Paradela;42,76667;-7,6
Páramo (O);42,8396;-7,535555
Pastoriza (A);43,30063;-7,351371
Pedrafita do Cebreiro;42,72624;-7,021226
Pobra do Brollón (A);42,55704;-7,392418
Pol;43,15272;-7,330053
Pontenova (A);43,34803;-7,192536
Portomarín;42,80775;-7,615518
Quiroga;42,47597;-7,271719
Rábade;43,12088;-7,621819
Ribadeo;43,53735;-7,043029
Ribas de Sil;42,44611;-7,297662
Riotorto;43,35972;-7,254445
Samos;42,73054;-7,325293
Sarria;42,77766;-7,414474
Saviñao (O);42,64709;-7,654811
Sober;42,46107;-7,586344
Taboada;42,71615;-7,762904
Trabada;43,44833;-7,194592
Valadouro (O);43,56673;-7,459773
Vicedo (O);43,73336;-7,672058
Vilalba;43,29541;-7,684412
Viveiro;43,66143;-7,594532
Xermade;43,35552;-7,813554
Xove;43,68557;-7,512421
Allariz;42,19012;-7,801597
Amoeiro;42,40992;-7,954321
Arnoia (A);42,25028;-8,133056
Avión;42,37632;-8,250866
Baltar;41,94975;-7,716806
Bande;42,03019;-7,976335
Baños de Molgas;42,24161;-7,672231
Barbadás;42,29916;-7,887585
Barco de Valdeorras (O);42,41542;-6,98196
Beariz;42,4678;-8,273106
Blancos (Os);41,99734;-7,752397
Boborás;42,43336;-8,142965
Bola (A);42,152;-7,915448
Bolo (O);42,4406;-8,006111
Calvos de Randín;41,94423;-7,897644
Carballeda de Avia;42,32087;-8,164418
Carballeda de Valdeorras;42,37857;-6,880474
Carballiño (O);42,42981;-8,077559
Cartelle;42,24883;-8,070292
Castrelo de Miño;42,28333;-8,116667
Castrelo do Val;41,9929;-7,42577
Castro Caldelas;42,37637;-7,411907
Celanova;42,15223;-7,958191
Cenlle;42,34312;-8,087995
Coles;42,40143;-7,836892
Cortegada;42,20771;-8,169045
Cualedro;41,99015;-7,595024
Entrimo;41,93333;-8,116667
Esgos;42,32457;-7,695685
Gomesende;42,16586;-8,103775
Gudiña (A);42,06117;-7,138263
Irixo (O);42,52346;-8,107206
Laza;42,06162;-7,461647
Leiro;42,36928;-8,123707
Lobeira;41,99889;-8,043056
Lobios;41,89356;-8,068343
Maceda;42,27217;-7,650074
Manzaneda;42,31055;-7,235425
Maside;42,41143;-8,025622
Melón;42,25759;-8,217762
Merca (A);42,22276;-7,904709
Mezquita (A);42,00964;-7,04605
Monterrei;41,94715;-7,449487
Muíños;41,95426;-7,985605
Nogueira de Ramuín;42,41308;-7,726115
Oímbra;41,88543;-7,47204
Ourense;42,34001;-7,864641
Paderne de Allariz;42,2775;-7,745833
Padrenda;42,13334;-8,15
Pereiro de Aguiar (O);42,34643;-7,801086
Peroxa (A);42,43982;-7,795459
Petín;42,38257;-7,125877
Piñor;42,49816;-8,004752
Pobra de Trives (A);42,33931;-7,2539
Porqueira;42,01787;-7,839515
Rairiz de Veiga;42,08272;-7,833268
Ramirás;42,18779;-8,022355
Ribadavia;42,28755;-8,143497
Riós;41,97426;-7,282634
Rúa (A);42,39249;-7,120533
Rubiá;42,44963;-6,948192
San Amaro;42,37314;-8,071692
San Cibrao das Viñas;42,29727;-7,873343
San Cristovo de Cea;42,4728;-7,985322
Sandiás;42,11305;-7,756991
Sarreaus;42,08629;-7,603325
Taboadela;42,2409;-7,825325
Toén;42,31652;-7,954854
Trasmiras;42,02463;-7,616568
Veiga (A);42,2506;-7,02599
Verea;42,1;-7,95
Verín;41,94045;-7,439122
Viana do Bolo;42,17919;-7,112754
Vilamarín;42,46451;-7,892807
Vilamartín de Valdeorras;42,41521;-7,059831
Vilar de Barrio;42,16056;-7,612335
Vilardevós;41,90748;-7,314034
Xinzo de Limia;42,06366;-7,724412
Xunqueira de Ambía;42,20422;-7,734962
Agolada;42,76227;-8,019424
Arbo;42,1145;-8,319313
Baiona;42,11809;-8,84958
Barro;42,525;-8,647223
Bueu;42,31977;-8,790135
Caldas de Reis;42,6055;-8,643308
Cambados;42,5138;-8,812893
Campo Lameiro;42,54222;-8,542778
Cangas;42,26471;-8,782845
Cañiza (A);42,21304;-8,27567
Catoira;42,66665;-8,722511
Cerdedo;42,53204;-8,391931
Cotobade;42,46667;-8,466667
Covelo;42,23195;-8,363334
Crecente;42,15374;-8,223059
Cuntis;42,63263;-8,563463
Dozón;42,57058;-8,04944
Estrada (A);42,68958;-8,491302
Forcarei;42,59233;-8,350904
Fornelos de Montes;42,34055;-8,453166
Gondomar;42,11078;-8,761466
Grove (O);42,49366;-8,865339
Guarda (A);41,90252;-8,873672
Illa de Arousa (A);42,56406;-8,873684
Lalín;42,66137;-8,110957
Lama (A);42,11277;-8,302681
Marín;42,39147;-8,699853
Meaño;42,45;-8,783333
Meis;42,51667;-8,7
Moaña;42,28551;-8,749413
Mondariz;42,23425;-8,455334
Moraña;42,56186;-8,560328
Mos;42,19545;-8,654388
Neves (As);42,08818;-8,415079
Nigrán;42,1452;-8,807062
Oia;42,00307;-8,875215
Pazos de Borbén;42,29383;-8,531596
Poio;42,44446;-8,715083
Ponte Caldelas;42,38924;-8,503109
Ponteareas;42,17637;-8,502382
Pontecesures;42,71667;-8,65
Pontevedra;42,43362;-8,648053
Porriño (O);42,16036;-8,619299
Portas;42,58333;-8,666667
Redondela;42,28379;-8,607425
Ribadumia;42,51466;-8,757588
Rodeiro;42,64951;-7,949817
Rosal (O);41,93539;-8,83549
Salceda de Caselas;42,10196;-8,558377
Salvaterra de Miño;42,08197;-8,499002
Sanxenxo;42,39948;-8,806928
Silleda;42,69791;-8,248382
Soutomaior;42,333;-8,567
Tomiño;41,98744;-8,745583
Tui;42,04621;-8,643768
Valga;42,69431;-8,639425
Vigo;42,23136;-8,712447
Vila de Cruces;42,79403;-8,170012
Vilaboa;42,34724;-8,646326
Vilagarcía de Arousa;42,59387;-8,765963
Vilanova de Arousa;42,56221;-8,82772
Agoncillo;42,44667;-2,290619
Albelda de Iregua;42,35826;-2,473416
Alberite;42,40607;-2,440523
Aldeanueva de Ebro;42,2292;-1,887112
Alfaro;42,17858;-1,749326
Arnedo;42,22784;-2,100014
Autol;42,21553;-2,006565
Baños de Río Tobía;42,33489;-2,761148
Calahorra;42,30372;-1,965034
Casalarreina;42,54792;-2,913199
Cenicero;42,48131;-2,641844
Cervera del Río Alhama;42,00699;-1,95191
Entrena;42,38834;-2,530942
Ezcaray;42,32673;-3,013395
Fuenmayor;42,467;-2,562578
Haro;42,57721;-2,846298
Lardero;42,42645;-2,461432
Logroño;42,46577;-2,449995
Murillo de Río Leza;42,40302;-2,324659
Nájera;42,41604;-2,734324
Nalda;42,33414;-2,486961
Navarrete;42,43074;-2,564667
Pradejón;42,33448;-2,068308
Quel;42,22894;-2,049811
Rincón de Soto;42,23453;-1,850801
San Asensio;42,49755;-2,748897
San Vicente de la Sonsierra;42,56242;-2,759273
Santo Domingo de la Calzada;42,44199;-2,95259
Villamediana de Iregua;42,4263;-2,419214
Ajalvir;40,53437;-3,481002
Álamo (El);40,22972;-3,992688
Alcalá de Henares;40,48166;-3,364136
Alcobendas;40,54754;-3,642091
Alcorcón;40,34912;-3,828811
Aldea del Fresno;40,32399;-4,202217
Algete;40,59642;-3,497902
Alpedrete;40,65875;-4,023713
Anchuelo;40,46549;-3,268585
Aranjuez;40,03209;-3,603288
Arganda del Rey;40,30095;-3,43808
Arroyomolinos;40,26884;-3,920291
Batres;40,21029;-3,922307
Becerril de la Sierra;40,71638;-3,989412
Belmonte de Tajo;40,13364;-3,339654
Boadilla del Monte;40,40525;-3,876992
Boalo (El);40,71746;-3,920084
Brunete;40,40554;-3,997736
Buitrago del Lozoya;40,99368;-3,636723
Bustarviejo;40,85811;-3,70969
Cabrera (La);40,86399;-3,615572
Cadalso de los Vidrios;40,30094;-4,443737
Camarma de Esteruelas;40,54861;-3,377597
Campo Real;40,33815;-3,380982
Carabaña;40,25669;-3,234641
Casarrubuelos;40,17114;-3,833068
Cenicientos;40,26463;-4,464909
Cercedilla;40,74145;-4,054667
Chapinería;40,37918;-4,20943
Chinchón;40,14019;-3,415684
Ciempozuelos;40,15934;-3,6184
Cobeña;40,56733;-3,504839
Collado Mediano;40,69389;-4,023123
Collado Villalba;40,62725;-4,008587
Colmenar de Oreja;40,10758;-3,387693
Colmenar del Arroyo;40,41858;-4,198538
Colmenar Viejo;40,65895;-3,766043
Colmenarejo;40,56101;-4,016842
Coslada;40,42594;-3,565464
Cubas de la Sagra;40,1917;-3,837347
Daganzo de Arriba;40,54481;-3,457924
Escorial (El);40,58508;-4,12952
Estremera;40,18403;-3,106115
Fresnedillas de la Oliva;40,48651;-4,172033
Fresno de Torote;40,59229;-3,41205
Fuenlabrada;40,28387;-3,800329
Fuente el Saz de Jarama;40,63877;-3,51129
Fuentidueña de Tajo;40,11819;-3,159549
Galapagar;40,57736;-4,00357
Getafe;40,30498;-3,732677
Griñón;40,21424;-3,856192
Guadalix de la Sierra;40,78483;-3,692719
Guadarrama;40,67348;-4,090732
Hoyo de Manzanares;40,62273;-3,90712
Humanes de Madrid;40,24954;-3,827206
Leganés;40,32642;-3,758988
Loeches;40,38393;-3,409393
Lozoyuela-Navas-Sieteiglesias;40,92643;-3,617723
Madrid;40,41669;-3,700346
Majadahonda;40,47283;-3,872304
Manzanares el Real;40,72705;-3,864914
Meco;40,5542;-3,328439
Mejorada del Campo;40,39701;-3,487864
Miraflores de la Sierra;40,81381;-3,766699
Molar (El);40,73291;-3,582258
Molinos (Los);40,71456;-4,072706
Moraleja de Enmedio;40,26033;-3,861412
Moralzarzal;40,68117;-3,97335
Morata de Tajuña;40,22751;-3,436966
Móstoles;40,32277;-3,865741
Navacerrada;40,72893;-4,0151
Navalafuente;40,82451;-3,673573
Navalagamella;40,46916;-4,12338
Navalcarnero;40,28781;-4,013766
Navas del Rey;40,38501;-4,250652
Nuevo Baztán;40,36552;-3,243183
Orusco de Tajuña;40,28515;-3,208557
Paracuellos de Jarama;40,50481;-3,53227
Parla;40,23754;-3,772741
Pedrezuela;40,74369;-3,603798
Pelayos de la Presa;40,35954;-4,334138
Perales de Tajuña;40,23453;-3,352198
Pinto;40,24454;-3,696013
Pozuelo de Alarcón;40,4352;-3,813062
Quijorna;40,42656;-4,057429
Rascafría;40,90381;-3,879398
Rivas-Vaciamadrid;40,3297;-3,516941
Robledo de Chavela;40,50089;-4,238043
Rozas de Madrid (Las);40,31007;-4,490765
San Agustín del Guadalix;40,67867;-3,615861
San Fernando de Henares;40,42553;-3,536694
San Lorenzo de El Escorial;40,59167;-4,149123
San Martín de la Vega;40,2078;-3,568544
San Martín de Valdeiglesias;40,36174;-4,397521
San Sebastián de los Reyes;40,54751;-3,626394
Santa María de la Alameda;40,5957;-4,257937
Santos de la Humosa (Los);40,50191;-3,254799
Serranillos del Valle;40,20465;-3,885819
Sevilla la Nueva;40,34781;-4,027501
Soto del Real;40,75428;-3,783356
Talamanca de Jarama;40,74688;-3,513244
Tielmes;40,24457;-3,314466
Titulcia;40,13673;-3,570501
Torrejón de Ardoz;40,4589;-3,479771
Torrejón de la Calzada;40,20154;-3,798929
Torrejón de Velasco;40,18713;-3,778751
Torrelaguna;40,82785;-3,538488
Torrelodones;40,57628;-3,929452
Torres de la Alameda;40,40473;-3,360132
Tres Cantos;40,59907;-3,712258
Valdeavero;40,63099;-3,332983
Valdemorillo;40,50208;-4,065841
Valdemoro;40,19269;-3,679874
Valdeolmos-Alalpardo;40,62949;-3,475017
Valdetorres de Jarama;40,69559;-3,514251
Valdilecha;40,29548;-3,303884
Velilla de San Antonio;40,36703;-3,488029
Vellón (El);40,76603;-3,582034
Venturada;40,79869;-3,622139
Villa del Prado;40,27678;-4,305642
Villaconejos;40,10424;-3,484903
Villalbilla;40,43228;-3,298869
Villamanta;40,29961;-4,110051
Villanueva de la Cañada;40,44681;-4,005355
Villanueva de Perales;40,34705;-4,101031
Villanueva del Pardillo;40,49063;-3,964322
Villar del Olmo;40,33669;-3,235551
Villarejo de Salvanés;40,16873;-3,275975
Villaviciosa de Odón;40,3571;-3,90059
Zarzalejo;40,54749;-4,181604
Abanilla;38,20628;-1,043499
Abarán;38,20514;-1,397181
Águilas;37,4038;-1,581161
Albudeite;38,02719;-1,384766
Alcantarilla;37,97068;-1,218209
Alcázares (Los);37,74362;-0,8498135
Aledo;37,79744;-1,573683
Alguazas;38,04954;-1,24202
Alhama de Murcia;37,85101;-1,424666
Archena;38,11435;-1,297061
Beniel;38,04591;-1,001894
Blanca;38,1792;-1,376201
Bullas;38,04808;-1,670956
Calasparra;38,22923;-1,701833
Campos del Río;38,04043;-1,351669
Caravaca de la Cruz;38,10899;-1,866033
Cartagena;37,60565;-0,9912944
Cehegín;38,09269;-1,798522
Ceutí;38,07917;-1,272099
Cieza;38,23907;-1,418767
Fortuna;38,18111;-1,12821
Fuente Álamo de Murcia;37,72334;-1,166995
Jumilla;38,47595;-1,322032
Librilla;37,88795;-1,353289
Lorca;37,67131;-1,698792
Lorquí;38,08183;-1,254943
Mazarrón;37,59907;-1,313669
Molina de Segura;38,05092;-1,210992
Moratalla;38,18645;-1,890504
Mula;38,04056;-1,486329
Murcia;37,98344;-1,12989
Pliego;37,99001;-1,506185
Puerto Lumbreras;37,56221;-1,810215
Ricote;38,15238;-1,367112
San Javier;37,80569;-0,8345491
San Pedro del Pinatar;37,83504;-0,7915859
Santomera;38,05997;-1,047485
Torre-Pacheco;37,74428;-0,9536195
Torres de Cotillas (Las);38,02786;-1,240312
Totana;37,77124;-1,501004
Unión (La);37,61675;-0,8800824
Villanueva del Río Segura;38,13569;-1,324307
Yecla;38,61524;-1,118017
Ablitas;41,97364;-1,638694
Allo;42,5673;-2,019259
Altsasu/Alsasua;42,89522;-2,168797
Andosilla;42,37699;-1,942034
Ansoáin;42,83389;-1,638431
Aoiz/Agoitz;42,78579;-1,36801
Aranguren;42,78961;-1,535561
Arbizu;42,9155;-2,039817
Arcos (Los);42,5709;-2,193216
Arguedas;42,17671;-1,598272
Arróniz;42,589;-2,091314
Artajona;42,59125;-1,764497
Ayegui;42,65673;-2,038433
Azagra;42,30789;-1,894474
Barañain;42,80492;-1,685519
Baztan;43,2;-1,467
Bera/Vera de Bidasoa;43,28069;-1,682699
Beriáin;42,7338;-1,645333
Berrioplano;42,85239;-1,692535
Berriozar;42,83624;-1,67493
Buñuel;41,98046;-1,443253
Burlada/Burlata;42,826;-1,615548
Cabanillas;42,03139;-1,525195
Cadreita;42,21754;-1,695602
Caparroso;42,34153;-1,649788
Cárcar;42,39011;-1,971613
Carcastillo;42,3798;-1,444428
Cascante;41,99897;-1,679192
Cáseda;42,52327;-1,367427
Castejón;42,16784;-1,690636
Cendea de Olza/Oltza Zendea;42,80423;-1,694407
Cintruénigo;42,08046;-1,805008
Cizur;42,78771;-1,676974
Corella;42,11428;-1,784595
Cortes;41,91969;-1,421934
Doneztebe/Santesteban;43,13093;-1,668722
Egüés;42,82426;-1,552572
Estella/Lizarra;42,67093;-2,031197
Esteribar;42,95;-1,533333
Etxarri-Aranatz;42,90774;-2,064756
Ezcabarte;42,851;-1,621
Falces;42,38772;-1,794073
Fitero;42,05658;-1,857999
Funes;42,31392;-1,802981
Fustiñana;42,0199;-1,486246
Galar;42,76156;-1,699125
Huarte/Uharte;42,83154;-1,590709
Irurtzun;42,91966;-1,8282
Lakuntza;42,92131;-2,023261
Larraga;42,55874;-1,848682
Larraun;42,9934;-1,939244
Leitza;43,07879;-1,914608
Lekunberri;43,0013;-1,891916
Lerín;42,48297;-1,972567
Lesaka;43,24679;-1,703853
Lodosa;42,42459;-2,078364
Lumbier;42,65289;-1,307247
Marcilla;42,32644;-1,739259
Mendavia;42,44454;-2,2009
Mendigorría;42,62843;-1,835484
Milagro;42,24124;-1,763065
Monteagudo;41,96272;-1,692299
Murchante;42,03039;-1,653715
Noáin (Valle de Elorz)/Noain (Elortzibar);42,7599;-1,633801
Olazti/Olazagutía;42,87633;-2,197067
Olite;42,48148;-1,651641
Orkoien;42,8228;-1,702052
Pamplona/Iruña;42,81721;-1,646767
Peralta;42,33884;-1,797463
Puente la Reina/Gares;42,67213;-1,815331
Ribaforada;41,99684;-1,511305
San Adrián;42,33271;-1,933409
Sangüesa/Zangoza;42,57694;-1,285476
Sartaguda;42,38142;-2,058642
Sesma;42,4778;-2,083364
Tafalla;42,53033;-1,674269
Tudela;42,06388;-1,605718
Ultzama;43;-1,678056
Valle de Yerri/Deierri;42,71667;-2
Valtierra;42,19593;-1,63384
Viana;42,51513;-2,371608
Villafranca;42,2793;-1,750145
Villatuerta;42,6594;-1,993951
Villava/Atarrabia;42,83096;-1,608811
Zizur Mayor/Zizur Nagusia;42,7868;-1,690832
Alegría-Dulantzi;42,84149;-2,513507
Amurrio;43,05265;-3,001022
Aramaio;43,054;-2,566
Artziniega;43,1222;-3,128209
Asparrena;42,89567;-2,321
Ayala/Aiara;43,08333;-3,063056
Campezo/Kanpezu;42,69194;-2,37
Elciego;42,51507;-2,618277
Iruña Oka/Iruña de Oca;42,81917;-2,807778
Labastida/Bastida;42,59042;-2,793166
Laguardia;42,55428;-2,584237
Laudio/Llodio;43,14333;-2,962985
Legutiano;42,97782;-2,642724
Okondo;43,16222;-3,018889
Oyón-Oion;42,50614;-2,436965
Ribera Baja/Erribera Beitia;42,71267;-2,918541
Salvatierra/Agurain;42,85244;-2,389455
Urkabustaiz;42,97194;-2,922222
Valdegovía/Gaubea;42,85;-3,1
Vitoria-Gasteiz;42,84641;-2,667893
Zigoitia;42,9682;-2,7183
Zuia;42,98167;-2,844
Aia;43,23692;-2,149008
Alegia;43,10002;-2,096273
Andoain;43,22048;-2,021122
Anoeta;43,16147;-2,070695
Antzuola;43,09944;-2,381747
Aretxabaleta;43,03625;-2,504542
Arrasate/Mondragón;43,06451;-2,487716
Asteasu;43,1952;-2,097548
Astigarraga;43,28065;-1,94756
Ataun;43;-2,166667
Azkoitia;43,1782;-2,31164
Azpeitia;43,1839;-2,265466
Beasain;43,04708;-2,204605
Berastegi;43,12403;-1,979426
Bergara;43,11822;-2,413358
Deba;43,29556;-2,353894
Donostia-San Sebastián;43,32074;-1,984421
Eibar;43,18418;-2,473289
Elgeta;43,13657;-2,487392
Elgoibar;43,21519;-2,415703
Errenteria;43,31275;-1,899633
Eskoriatza;43,01707;-2,52698
Getaria;43,30326;-2,204363
Hernani;43,26755;-1,975814
Hondarribia;43,36253;-1,791498
Ibarra;43,054;-2,566
Idiazabal;43,01178;-2,234214
Irun;43,33823;-1,789272
Irura;43,16569;-2,069617
Lasarte-Oria;43,26746;-2,020169
Lazkao;43,03432;-2,187379
Legazpi;43,05436;-2,333641
Legorreta;43,08579;-2,150909
Lezo;43,32113;-1,898775
Mendaro;43,26417;-2,3755
Mutriku;43,30707;-2,385083
Oiartzun;43,29928;-1,857874
Oñati;43,03289;-2,411348
Ordizia;43,0542;-2,178116
Orio;43,27832;-2,126597
Ormaiztegi;43,04274;-2,255848
Pasaia;43,32528;-1,921111
Segura;43,00922;-2,252519
Soraluze/Placencia de las Armas;43,17543;-2,412494
Tolosa;43,13698;-2,073914
Urnieta;43,2482;-1,990517
Urretxu;43,09228;-2,314383
Usurbil;43,27138;-2,049934
Villabona;43,18995;-2,052454
Zaldibia;43,03796;-2,150894
Zarautz;43,28036;-2,171588
Zegama;42,97568;-2,290072
Zestoa;43,23944;-2,258113
Zizurkil;43,19952;-2,074074
Zumaia;43,29726;-2,256849
Zumarraga;43,09048;-2,31322
Abadiño;43,15;-2,610278
Abanto y Ciérvana-Abanto Zierbena;43,31688;-3,087678
Alonsotegi;43,24519;-2,988702
Amorebieta-Etxano;43,2205;-2,733236
Areatza;43,12108;-2,767771
Arrigorriaga;43,20752;-2,887839
Atxondo;43,13034;-2,585079
Bakio;43,42778;-2,811389
Balmaseda;43,19287;-3,196942
Barakaldo;43,29683;-2,985259
Barrika;43,40638;-2,962425
Basauri;43,23333;-2,883333
Berango;43,3659;-2,996356
Bermeo;43,42042;-2,722158
Berriatua;43,31667;-2,466667
Berriz;43,18817;-2,593
Bilbao;43,25696;-2,923441
Busturia;43,383;-2,697
Derio;43,302;-2,881833
Dima;43,14339;-2,751464
Durango;43,16907;-2,632655
Elorrio;43,13039;-2,542155
Erandio;43,30746;-2,946418
Ermua;43,18664;-2,502607
Etxebarri;43,24718;-2,890139
Forua;43,33371;-2,678589
Galdakao;43,23056;-2,845833
Gamiz-Fika;43,31173;-2,810701
Gatika;43,36389;-2,871944
Gernika-Lumo;43,31707;-2,678975
Getxo;43,36229;-3,012567
Gordexola;43,17989;-3,071129
Gorliz;43,41667;-2,933333
Güeñes;43,21032;-3,095317
Igorre;43,16583;-2,776111
Iurreta;43,1767;-2,633777
Karrantza Harana/Valle de Carranza;43,22528;-3,359444
Larrabetzu;43,26097;-2,796175
Laukiz;43,35333;-2,906111
Leioa;43,3261;-2,987704
Lekeitio;43,36551;-2,503344
Lemoa;43,20876;-2,774117
Lemoiz;43,41324;-2,902253
Lezama;43,27217;-2,832167
Loiu;43,315;-2,938333
Mallabia;43,18965;-2,529969
Markina-Xemein;43,2706;-2,497155
Mundaka;43,40733;-2,698322
Mungia;43,35441;-2,846714
Muskiz;43,31667;-3,116667
Muxika;43,28967;-2,692941
Ondarroa;43,3207;-2,420475
Orozko;43,10861;-2,911111
Ortuella;43,31137;-3,055952
Otxandio;43,04045;-2,654584
Plentzia;43,40443;-2,950102
Portugalete;43,32066;-3,020252
Santurtzi;43,32871;-3,031772
Sestao;43,30964;-3,00694
Sondika;43,30047;-2,924341
Sopelana;43,37892;-2,983002
Sopuerta;43,26278;-3,1525
Ugao-Miraballes;43,17999;-2,902508
Urduliz;43,37967;-2,962
Urduña/Orduña;42,99445;-3,009623
Valle de Trápaga-Trapagaran;43,30311;-3,035548
Zaldibar;43,17097;-2,54713
Zalla;43,21401;-3,135223
Zamudio;43,28333;-2,866667
Zaratamo;43,21151;-2,873626
Zeanuri;43,09966;-2,749615
Zeberio;43,15278;-2,852778
Zierbena;43,34766;-3,086152
Agost;38,44117;-0,6395459
Aigües;38,49932;-0,3627366
Albatera;38,1806;-0,8696246
Alcalalí;38,75568;-0,046652
Alcoy/Alcoi;38,69763;-0,4730959
Alfàs del Pi (l');38,58055;-0,1032094
Algorfa;38,08587;-0,7957607
Algueña;38,33886;-1,003234
Alicante/Alacant;38,3452;-0,481006
Almoradí;38,10963;-0,7920032
Altea;38,60032;-0,0491708
Aspe;38,34857;-0,7694142
Banyeres de Mariola;38,71685;-0,6558753
Beneixama;38,69995;-0,7661394
Benejúzar;38,07839;-0,8384452
Benferri;38,14063;-0,9632033
Beniarbeig;38,82312;-0,0020653
Beniarrés;38,81952;-0,3782794
Benidoleig;38,79387;-0,0281963
Benidorm;38,53704;-0,1290771
Benijófar;38,07811;-0,73795
Benissa;38,71623;0,0533722
Benitachell/Poble Nou de Benitatxell (el);38,73225;0,1447876
Biar;38,6297;-0,7654974
Bigastro;38,06304;-0,8955043
Busot;38,48483;-0,4172711
Callosa d'En Sarrià;38,65133;-0,1225342
Callosa de Segura;38,12413;-0,8784829
Calpe/Calp;38,64483;0,0454063
Campello (el);38,42892;-0,3978871
Cañada;38,67524;-0,8098581
Castalla;38,59519;-0,6722506
Catral;38,16095;-0,8014995
Cocentaina;38,74228;-0,4384323
Cox;38,1416;-0,8870501
Crevillent;38,24703;-0,803492
Daya Nueva;38,11316;-0,7592378
Dénia;38,84043;0,1085751
Dolores;38,14058;-0,7692993
Elche/Elx;38,2655;-0,6984587
Elda;38,47803;-0,7904639
Finestrat;38,56909;-0,2107335
Fondó de les Neus (el)/Hondón de las Nieves;38,30504;-0,9341582
Formentera del Segura;38,08562;-0,7453506
Gata de Gorgos;38,77425;0,0812124
Granja de Rocamora;38,15253;-0,8909073
Guardamar del Segura;38,08615;-0,651254
Hondón de los Frailes;38,27319;-0,9276314
Ibi;38,62551;-0,5713521
Jacarilla;38,06133;-0,8686115
Jávea/Xàbia;38,79546;0,1166293
Jijona/Xixona;38,54006;-0,5077739
Llíber;38,74273;0,0063282
Monforte del Cid;38,37923;-0,7292369
Monóvar/Monòver;38,43725;-0,8294068
Montesinos (Los);38,02732;-0,743438
Muro de Alcoy;38,78075;-0,4402698
Mutxamel;38,41235;-0,4432408
Novelda;38,3853;-0,7653857
Nucia (la);38,61438;-0,1257095
Ondara;38,82607;0,0159034
Onil;38,62606;-0,6731591
Orba;38,78033;-0,0637978
Orihuela;38,08395;-0,9447829
Parcent;38,74553;-0,0661097
Pedreguer;38,79388;0,0345502
Pego;38,84324;-0,1175528
Petrer;38,47744;-0,7742523
Pilar de la Horadada;37,86538;-0,7925081
Pinós (el)/Pinoso;38,40112;-1,041577
Poblets (els);38,85391;0,018325
Polop;38,62263;-0,1259112
Rafal;38,10402;-0,8499723
Redován;38,11617;-0,9107296
Relleu;38,58733;-0,3110441
Rojales;38,08833;-0,7242546
Romana (la);38,38433;-0,9050398
Salinas;38,51891;-0,9121291
San Fulgencio;38,11422;-0,7179557
San Isidro;38,1702;-0,8401969
San Miguel de Salinas;37,97993;-0,7892857
San Vicente del Raspeig/Sant Vicent del Raspeig;38,39609;-0,5249284
Sant Joan d'Alacant;38,39817;-0,4345329
Santa Pola;38,1923;-0,5552066
Sax;38,53757;-0,8180652
Teulada;38,72881;0,1035751
Tibi;38,52938;-0,5830948
Torrevieja;37,97747;-0,6832271
Verger (el);38,33109;-0,5109846
Villajoyosa/Vila Joiosa (la);38,50775;-0,2326134
Villena;38,63634;-0,8661389
Xaló;38,73989;-0,0120761
Albocàsser;40,35626;0,0253618
Alcalà de Xivert;40,30459;0,2263053
Alcora (l');40,07278;-0,2130235
Almazora/Almassora;39,94497;-0,0633176
Almenara;39,7544;-0,222755
Alquerías del Niño Perdido;39,89653;-0,1134461
Altura;39,853;-0,5135517
Artana;39,89002;-0,2576374
Atzeneta del Maestrat;40,21661;-0,1706612
Benasal;40,37828;-0,1371356
Benicarló;40,4187;0,4231017
Benicasim/Benicàssim;40,05554;0,0656074
Benlloch;40,21074;0,0270846
Betxí;39,92623;-0,198169
Borriana/Burriana;39,88987;-0,0836936
Borriol;40,04169;-0,0664211
Cabanes;40,15477;0,0454299
Càlig;40,46129;0,356657
Castellnovo;39,86256;-0,4583924
Castellón de la Plana/Castelló de la Plana;39,98598;-0,0376709
Chilches/Xilxes;39,78072;-0,1875777
Coves de Vinromà (les);40,30804;0,1225409
Jérica;39,9134;-0,5725689
Lucena del Cid;40,1385;-0,279997
Moncofa;39,80862;-0,145778
Morella;40,619;-0,0977334
Nules;39,85245;-0,1586306
Onda;39,9653;-0,2626455
Oropesa del Mar/Orpesa;40,09225;0,1339877
Peníscola/Peñíscola;40,36029;0,4028515
Pobla Tornesa (la);40,10108;-0,0009881
Ribesalbes;40,02246;-0,2749309
Rossell;40,61636;0,2205459
Sant Joan de Moró;40,06081;-0,1371611
Sant Jordi/San Jorge;40,46417;0,3547123
Sant Mateu;40,46391;0,1782633
Segorbe;39,85328;-0,4849939
Sierra Engarcerán;40,26946;-0,0191436
Soneja;39,81681;-0,4289563
Torreblanca;40,22024;0,1955926
Traiguera;40,52502;0,2937722
Useras/Useres (les);40,22735;-0,080291
Vall d'Alba;40,17512;-0,0346116
Vall d'Uixó (la);39,82333;-0,2325619
Vila-real;39,93835;-0,1018287
Vilafamés;40,11403;-0,0529811
Vilavella (la);39,85938;-0,1835214
Villafranca del Cid/Vilafranca;40,4271;-0,2577482
Vinaròs;40,471;0,4747435
Viver;39,92135;-0,5944216
Ademuz;40,06174;-1,286526
Ador;38,91941;-0,2242898
Agullent;38,82132;-0,5489346
Aielo de Malferit;38,87661;-0,5921101
Alaquàs;39,45708;-0,4610681
Albaida;38,83701;-0,5156197
Albal;39,39709;-0,4121969
Albalat de la Ribera;39,2011;-0,3863965
Albalat dels Sorells;39,54219;-0,3473705
Albalat dels Tarongers;39,70299;-0,3364196
Alberic;39,11652;-0,5177308
Alborache;39,39252;-0,7718443
Alboraya;39,49935;-0,3497834
Albuixech;39,54437;-0,3226356
Alcàntera de Xúquer;39,06793;-0,5611053
Alcàsser;39,36931;-0,4428184
Alcúdia (l');39,19832;-0,507092
Alcúdia de Crespins (l');38,97096;-0,5911145
Aldaia;39,46505;-0,4613582
Alfafar;39,42323;-0,3898719
Alfara del Patriarca;39,54523;-0,3865961
Alfarp;39,27692;-0,5608942
Alfarrasí;38,90528;-0,4964219
Algemesí;39,19387;-0,4347581
Algimia de Alfara;39,75295;-0,3615205
Alginet;39,26482;-0,4673142
Almàssera;39,51298;-0,3551791
Almoines;38,94316;-0,1798222
Almussafes;39,29333;-0,4107316
Alqueria de la Comtessa (l');38,93595;-0,1537111
Alzira;39,15159;-0,4404637
Anna;39,02021;-0,6453875
Antella;39,07915;-0,5926116
Atzeneta d'Albaida;38,83666;-0,4960669
Ayora;39,05817;-1,057897
Barx;39,01262;-0,3010528
Barxeta;39,02132;-0,4157147
Bellreguard;38,94565;-0,1641707
Benaguasil;39,59147;-0,5890565
Benetússer;39,42465;-0,3974029
Beniarjó;38,93229;-0,1874941
Benifaió;39,28524;-0,4270781
Benifairó de la Valldigna;39,05379;-0,3022293
Benifairó de les Valls;39,7267;-0,2698895
Benigánim;38,94381;-0,4439618
Benimodo;39,21346;-0,52738
Beniparrell;39,38113;-0,4126262
Benirredrà;38,9611;-0,1935661
Benisanó;39,61292;-0,5767823
Bétera;39,58848;-0,4588638
Bocairent;38,76781;-0,6086135
Bolbaite;39,06267;-0,6746119
Bonrepòs i Mirambell;39,51847;-0,3648613
Buñol;39,41825;-0,7907688
Burjassot;39,51051;-0,4149856
Camporrobles;39,64718;-1,396582
Canals;38,96075;-0,5842204
Canet d'En Berenguer;39,67979;-0,2209121
Carcaixent;39,12122;-0,4496824
Càrcer;39,0689;-0,5652466
Carlet;39,22771;-0,5231268
Casinos;39,70164;-0,7095079
Castelló de Rugat;38,87589;-0,3830694
Catadau;39,27526;-0,5696288
Catarroja;39,40274;-0,4035184
Chella;39,04458;-0,6614693
Chelva;39,74751;-0,997679
Cheste;39,49511;-0,6845004
Chiva;39,47272;-0,717811
Corbera;39,15796;-0,3554173
Cullera;39,16514;-0,2559119
Daimús;38,97;-0,1538377
Eliana (l');39,56632;-0,5302467
Enguera;38,98003;-0,6884746
Ènova (l');39,04391;-0,4802662
Estivella;39,71229;-0,347827
Faura;39,72596;-0,2636878
Favara;39,12743;-0,2910376
Foios;39,53762;-0,3565129
Font d'En Carròs (la);39,48134;-0,3268051
Font de la Figuera (la);38,80746;-0,8817337
Fontanars dels Alforins;38,78442;-0,785831
Gandia;38,96902;-0,1851868
Gavarda;39,0915;-0,5596363
Genovés;38,98903;-0,4675873
Gilet;39,67611;-0,3244466
Godella;39,5223;-0,4171347
Godelleta;39,42506;-0,6861337
Guadassuar;39,18823;-0,4792251
Jalance;39,19175;-1,077386
Llanera de Ranes;38,99286;-0,5719063
Llaurí;39,14708;-0,3302556
Llíria;39,62458;-0,5947581
Llombai;39,28243;-0,5724804
Llosa de Ranes (la);39,01865;-0,5336824
Llutxent;38,94266;-0,3566575
Loriguilla;39,49041;-0,570056
Macastre;39,38176;-0,7852511
Manises;39,49073;-0,4558824
Manuel;39,05259;-0,4940807
Marines;39,67394;-0,5621002
Masalavés;39,14076;-0,5211942
Massalfassar;39,55756;-0,3263003
Massamagrell;39,56923;-0,3351273
Massanassa;39,4113;-0,4002014
Meliana;39,52907;-0,348772
Miramar;38,9516;-0,1387654
Mislata;39,47624;-0,4193065
Mogente/Moixent;38,87389;-0,751962
Moncada;39,54554;-0,3934617
Montaverner;38,88851;-0,4963465
Montesa;38,94968;-0,6511041
Montroy;39,34037;-0,6145464
Montserrat;39,3578;-0,6031014
Museros;39,56345;-0,3406455
Náquera;39,65884;-0,4257069
Navarrés;39,10121;-0,6936884
Oliva;38,91939;-0,1226779
Olleria (l');38,91419;-0,5494962
Olocau;39,69985;-0,5312006
Ontinyent;38,82102;-0,610547
Paiporta;39,42845;-0,4188691
Palma de Gandía;38,92455;-0,2206952
Paterna;39,50206;-0,4405986
Pedralba;39,60485;-0,7265272
Picanya;39,43625;-0,4346522
Picassent;39,36;-0,4626281
Piles;38,94081;-0,1345093
Pobla de Farnals (la);39,57779;-0,326051
Pobla de Vallbona (la);39,59043;-0,5529038
Pobla del Duc (la);38,90348;-0,4173577
Pobla Llarga (la);39,08592;-0,4755329
Polinyà de Xúquer;39,19607;-0,3696187
Potríes;38,91528;-0,1954594
Puçol;39,61639;-0,300809
Puig;39,59015;-0,3020956
Quart de les Valls;39,73926;-0,2714849
Quart de Poblet;39,48259;-0,4450733
Quartell;39,73771;-0,2632652
Quatretonda;38,94835;-0,4022922
Rafelbuñol/Rafelbunyol;39,58852;-0,3310583
Rafelcofer;38,93344;-0,1661192
Rafelguaraf;39,05197;-0,45462
Real de Gandía;38,95022;-0,1937845
Real de Montroi;39,33588;-0,609548
Requena;39,48788;-1,100322
Riba-roja de Túria;39,54548;-0,5667182
Riola;39,19768;-0,3343216
Rocafort;39,53096;-0,4104713
Rotglà i Corberà;39,00407;-0,565334
Rótova;38,9326;-0,2569871
Sagunto/Sagunt;39,68077;-0,2779768
San Antonio de Benagéber;39,56189;-0,5004753
Sedaví;39,42505;-0,3857862
Senyera;39,06372;-0,5105379
Serra;39,68616;-0,4296759
Siete Aguas;39,47197;-0,9170417
Silla;39,36135;-0,4126143
Simat de la Valldigna;39,04354;-0,3106008
Sinarcas;39,73395;-1,231574
Sollana;39,27798;-0,3814589
Sueca;39,20264;-0,3106423
Sumacàrcer;39,09618;-0,6296024
Tavernes Blanques;39,50699;-0,3655908
Tavernes de la Valldigna;39,07167;-0,2677154
Torrent;39,43688;-0,4653109
Tous;39,1381;-0,5867855
Tuéjar;39,76346;-1,039951
Turís;39,38978;-0,7114099
Utiel;39,56762;-1,203385
Valencia;39,47024;-0,3768049
Vallada;38,89553;-0,6917616
Venta del Moro;39,48389;-1,358879
Vilamarxant;39,56751;-0,6222726
Villalonga;38,88487;-0,209364
Villanueva de Castellón;39,07954;-0,5141599
Villar del Arzobispo;39,73537;-0,8277042
Vinalesa;39,54;-0,3699957
Xàtiva;38,98887;-0,5156137
Xeraco;39,0329;-0,2160497
Xeresa;39,0091;-0,2179918
Xirivella;39,46669;-0,4277937
Yátova;39,385;-0,808174