cod,nombre,categoria,tipo_dep,tipo_dep_cod,estado,titular,lat,lon,conectado,n_conexiones
B0602,BIF. CANAL DEL DUERO,S,Fin de línea,F,FS,AD,41.6972431861886,-4.67855377116181,NO,0
B1505,BIF. GRIJOTA,S,Bifurcación,B,EX,AD,42.0403633674337,-4.57055118053831,SI,2
C5441,KM 59.560,S,Cargadero,K,EX,AV,37.1363549964352,-4.21839658583821,SI,2
C5442,KM 86.520,S,Cargadero,K,EX,AD,37.232504046527,-3.98196925595885,SI,2
46A06,CENTRO TRATAMIENTO TECNICO VALENCIA FUENTE S. LUIS,S,Otro,O,EX,AD,39.4415564956113,-0.375689239720212,SI,2
80113,CAPARROSO,S,Túnel,T,EX,AD,42.3808863639216,-1.6451197127018,SI,2
33004,ROBLIZA (APD),S,Apartadero,Y,FS,AD,40.8813130820355,-5.98132923617038,SI,2
57003,IZNALLOZ,P,Túnel,T,EX,AD,37.3958776469817,-3.52788503735195,SI,2
57004,DEIFONTES,S,Túnel,T,EX,AD,37.3325964351588,-3.59650454039289,SI,2
57005,CALICASAS,S,Apartadero,Y,FS,AD,37.2908528554019,-3.66030628624367,SI,2
55001,CAMPILLOS,P,Apeadero,A,EX,AD,37.0321883086903,-4.86351165250712,SI,2
55002,TEBA (APD),S,Apartadero,Y,FS,AD,36.9945649782244,-4.92396826136573,SI,2
55005,SETENIL,P,Túnel,T,EX,AD,36.8624474515066,-5.12111402228989,SI,2
55010,BENAOJAN-MONTEJAQUE,P,Túnel,T,EX,AD,36.7137657440758,-5.24640150105862,SI,2
10201,SAN YAGO (APD),P,Punto KM,P,EX,AD,40.617857039112,-4.03111419148919,SI,2
22109,SALVATERRA,P,Túnel,T,EX,AD,42.0816024745733,-8.49521972420112,SI,2
22107,SELA (APD),P,Punto KM,P,EX,AD,42.0920415993558,-8.35598992580336,SI,2
22105,POUSA-CRECENTE (APD),P,Punto KM,P,EX,AD,42.1366713028804,-8.23491295663729,SI,2
22103,FILGUEIRA,P,Túnel,T,EX,AD,42.2199248153649,-8.18479219476023,SI,2
22108,AS NEVES,P,Túnel,T,EX,AD,42.0754460733044,-8.42011033299789,SI,2
22106,ARBO,P,Túnel,T,EX,AD,42.1070011751459,-8.30020542940331,SI,2
22104,FRIEIRA,P,Túnel,T,EX,AD,42.1548724603615,-8.2010382807622,SI,2
22203,AS GANDARAS,S,Estación,E,EX,AD,42.1101465964625,-8.62239306179703,SI,2
22201,O PORRIÑO,P,Túnel,T,EX,AD,42.1640735621258,-8.62199331258832,SI,2
22202,LOUREDO-VALOS,S,Túnel,T,EX,AD,42.234370417792,-8.59673382670591,SI,2
22302,CHAPELA (APD),S,Fin de línea,F,FS,AD,42.2681580107725,-8.6708826978235,NO,0
34002,CARDEÑOSA DE AVILA,P,Túnel,T,EX,AD,40.7391905281845,-4.75079750367474,SI,2
21007,BARALLOBRE (APD),P,Punto KM,P,EX,AD,43.4628811301127,-8.18861629302514,SI,2
A7229,CASTELLBISBAL-AGUJAS MOLINS,S,Bifurcación,B,EX,AD,41.4438970400872,1.99299938506089,SI,4
A5440,"MALAGA-AG.K191,4",S,Fin de línea,F,FS,AD,36.707180881578,-4.44157242589929,NO,0
37105,MANZANEQUE,S,Fin de línea,F,FS,AD,39.6347213156854,-3.80246085570906,NO,0
98305,AEROPUERTO-T4,S,Túnel,T,EX,AD,40.4924012430595,-3.59331044440918,SI,1
60911,ALACANT-TERMINAL,P,Estación,E,EX,AV,38.3445933673272,-0.495519555091917,SI,3
62105,ALACANT-BENALUA (CGD),S,Fin de línea,F,FS,AD,38.3377391100131,-0.493869524161477,NO,0
62001,BENIEL,P,Túnel,T,EX,AD,38.0447631176641,-0.999541584561299,SI,3
62002,ORIHUELA - MIGUEL HERNANDEZ,P,Túnel,T,EX,AD,38.077884126347,-0.944536601261412,SI,3
B0802,BIF. CAMBIADOR VALDESTILLAS,S,Bifurcación,B,EX,AV,41.4758771082847,-4.78479188277868,SI,3
C0809,"KM. 51,878",S,Cargadero,K,EX,AV,40.8510391254791,-3.91446710099452,SI,2
08004,SEGOVIA-GUIOMAR,P,Estación,E,EX,AV,40.9101849914655,-4.09486770240391,SI,2
C0812,"PK KM. 126,7",S,Cargadero,K,EX,AV,41.2307812248031,-4.61559097680813,SI,2
08009,VALDESTILLAS-A.V.,S,Estación,E,EX,AV,41.4610541371054,-4.79142061213817,SI,2
04007,GUADALAJARA-YEBES,P,Estación,E,EX,AV,40.5865201813872,-3.12650137024647,SI,2
C4002,"PK KM. 174,7",S,Cargadero,K,EX,AV,41.2034199960793,-2.14736195959642,SI,2
04030,GUALLAR,S,Estación,E,EX,AV,41.6561869613263,-1.0797837247921,SI,2
84100,COSCURITA,S,Punto KM,P,EX,AD,41.4399204377535,-2.46981461925259,SI,2
83009,CERVERA DEL RIO ALHAMA,S,Fin de línea,F,FS,AD,41.9786776960562,-1.86190491064018,NO,0
82100,SORIA,P,Estación,E,EX,AD,41.7552068621858,-2.47549778456111,SI,1
74207,SANTA MARIA Y LA PEÑA,P,Túnel,T,EX,AD,42.3803321147716,-0.695861382255671,SI,2
18102,"KM. 3,237",S,Cargadero,K,FS,AD,40.4271744324776,-3.69627945669243,SI,2
60401,ALCAZAR DE SAN JUAN E.C.,S,Apartadero,Y,FS,AD,39.395697282915,-3.20569466724141,SI,2
A0320,"BIF. JESUS-AGUJA KM. 396,7",S,Bifurcación,B,EX,AV,39.4543779004877,-0.381402179211209,SI,3
B4044,P. T. ZARAGOZA SUR,S,Estación,E,EX,AV,41.6510861408363,-0.894732815857062,SI,2
71908,RIU LLOBREGAT,S,Estación,E,EX,AD,41.4117337748349,2.00879253583186,SI,2
A7223,"AGUJA KM. 23,2",S,Fin de línea,F,FS,AD,41.5254403370758,2.18482464609788,NO,0
75112,GUARDIA DE TREMP (APD),P,Punto KM,P,EX,CA,42.101419684852,0.888155631751245,NO,0
34008,NARROS DEL CASTILLO (APD),P,Punto KM,P,EX,AD,40.8665712888607,-5.05280597698396,SI,2
67012,PUERTO DEL ALTO,S,Apartadero,Y,FS,AD,41.2388109697081,-1.26026223082037,SI,2
67203,PUEBLA DE VALVERDE,P,Túnel,T,EX,AD,40.2134335244929,-0.944616776658834,SI,2
67204,POZO DEL FRAILE,S,Apartadero,Y,FS,AD,40.1810346489278,-0.904747838494303,SI,2
67205,SARRION,P,Túnel,T,EX,AD,40.1462382080793,-0.823414874718275,SI,2
67206,MORA DE RUBIELOS (APT-CGD),P,Apeadero,A,EX,AD,40.1179371921987,-0.773381539805655,SI,2
40105,LLERENA,P,Túnel,T,EX,AD,38.2376630101653,-6.00980158314342,SI,2
40107,FUENTE DEL ARCO (APD),P,Punto KM,P,EX,AD,38.1635428735927,-5.90053485073336,SI,2
40115,PEDROSO,P,Apeadero,A,EX,AD,37.8373131460297,-5.76242971971498,SI,2
40119,VILLANUEVA DEL RIO-MINAS,P,Estación,E,EX,AD,37.6616364961306,-5.71217508311236,SI,2
20314,GUITIRIZ,P,Apeadero,A,EX,AD,43.1790694077496,-7.89512707438157,SI,2
B1050,EL PINAR SUR,S,Apartadero,Y,FS,AD,41.5660705991914,-4.75995194329222,SI,2
B1052,ARCAS REALES P. B.,S,Estación,E,EX,AD,41.5966893094985,-4.7508195959085,SI,2
B4045,P. T . ZARAGOZA NORTE,S,Estación,E,EX,AV,41.6297823054125,-0.863415109010836,SI,2
61011,KM. 399.3,S,Fin de línea,F,FS,AD,38.2724777382074,-1.52056978204504,NO,0
20001,ALFAGEME,S,Apartadero,Y,FS,AD,42.5844868640889,-5.59494770101588,SI,2
20101,OTERO DE ESCARPIZO (APD),S,Apartadero,Y,FS,AD,42.5137819673245,-6.05507263059977,SI,2
20107,LA SILVA,S,Apartadero,Y,FS,AD,42.6012997134737,-6.28044224034667,SI,2
20110,NAVALEO,S,Apartadero,Y,FS,AD,42.5899499630092,-6.37849886468897,SI,2
20108,ALBARES,S,Túnel,T,EX,AD,42.6148495552277,-6.28247399300276,SI,2
20112,VILLAVERDE DE LOS CESTOS (APD),S,Apartadero,Y,FS,AD,42.6089447820767,-6.48045267313404,SI,2
20113,SAN MIGUEL DE LAS DUEÑAS,P,Túnel,T,EX,AD,42.5864210377669,-6.52383634686338,SI,2
20111,BEMBIBRE,P,Túnel,T,EX,AD,42.6095921096491,-6.42219590839927,SI,2
39202,BIF. VALCORBA,S,Fin de línea,F,FS,AD,41.7609393493803,-2.42306419835674,NO,0
31009,CORESES (APD),S,Apartadero,Y,FS,AD,41.5350018662183,-5.61435303273911,SI,2
31210,VILAR DE BARRIO,S,Túnel,T,EX,AD,42.1633380335858,-7.59863630090335,SI,2
31211,BAÑOS DE MOLGAS,S,Túnel,T,EX,AD,42.2375663982635,-7.68300749101486,SI,2
31213,PADERNE CANTOÑA,S,Apartadero,Y,FS,AD,42.2564013911614,-7.75306367156689,SI,2
31305,BOBORAS (APD),S,Apartadero,Y,FS,AD,42.443995784461,-8.13175660243783,SI,2
31303,A FRIELA-MASIDE (APD),P,Punto KM,P,EX,AD,42.411366109221,-8.02894073543354,SI,2
13115,BAKIOLA (APD),S,Punto KM,P,EX,AD,43.1769787257788,-2.90909539103259,SI,2
13117,ARAKALDO (APD),S,Punto KM,P,EX,AD,43.1526322387389,-2.93861748806194,SI,2
13118,ABAROA-SAN MIGUEL (APD),S,Punto KM,P,EX,AD,43.2258387844003,-2.88733208461641,SI,2
13119,LA PEÑA DE BILBAO (APD),S,Punto KM,P,EX,AD,43.2400447300803,-2.9238375780108,SI,2
13121,AMURRIO IPARRALDE (APD),S,Punto KM,P,EX,AD,43.057729368044,-2.9962709881503,SI,2
13205,ZABALBURU (APD),S,Punto KM,P,EX,AD,43.2562507595059,-2.93261904684792,SI,2
13206,AMETZOLA (APD),P,Punto KM,P,EX,AD,43.2546437422395,-2.94366580055477,SI,2
13208,SAN MAMES (APD),S,Punto KM,P,EX,AD,43.261490074722,-2.9487925907278,SI,2
C0865,"KM. 70,136",S,Cargadero,K,EX,AV,42.7823412694393,-8.39102292865434,SI,2
10101,LAS MATAS,P,Túnel,T,EX,AD,40.5523612152444,-3.89674800010648,SI,3
10200,VILLALBA DE GUADARRAMA,P,Estación,E,EX,AD,40.6264759745424,-4.00806871066833,SI,3
A1112,"BIF. RUBENA-AG. KM. 377,3",S,Bifurcación,B,EX,AD,42.3740138868479,-3.62111370742361,SI,3
54300,LA RODA DE ANDALUCIA,S,Túnel,T,EX,AD,37.2093237101251,-4.77498475623834,SI,2
B1501,BIF.LEON CLAF.,S,Fin de línea,F,FS,AD,42.5717273383181,-5.58010486091761,NO,0
15300,LUGO DE LLANERA,S,Estación,E,EX,AD,43.4423010583743,-5.81592603553448,SI,3
15018,LEON-CLASIFICACION,S,Estación,E,EX,AD,42.5833963331763,-5.58017498816898,SI,1
B1507,BIF. RIO BERNESGA,S,Bifurcación,B,EX,AD,42.5496349269458,-5.57579649232101,SI,4
30216,LA BAÑEZA,S,Fin de línea,F,FS,AD,42.2982850307606,-5.90509884075063,NO,0
22200,GUILLAREI,P,Estación,E,EX,AD,42.0656620192489,-8.62253425859123,SI,3
A2240,"GUILLAREI-AG. KM. 0,9",S,Bifurcación,B,EX,AD,42.0688148138322,-8.62909931114097,SI,3
B4043,BIF. CANAL IMPERIAL,S,Bifurcación,B,EX,AV,41.5726946558645,-0.796600391090772,SI,3
B4100,BIF. ARTESA DE LLEIDA,S,Bifurcación,B,EX,AV,41.5651988462513,0.694007969692916,SI,3
31416,CERCEDA-MEIRAMA,P,Túnel,T,EX,AD,43.207672771125,-8.44663294780052,SI,3
11212,AGURAIN-SALVATIERRA DE ALAVA,P,Túnel,T,EX,AD,42.8464200745192,-2.38917739560006,SI,2
60902,VILLENA,P,Apeadero,A,EX,AD,38.6318358743299,-0.867675183013322,SI,2
54510,EL PINILLO (APD),S,Punto KM,P,EX,AD,36.609844578298,-4.51537611389464,SI,2
43017,ARROYO TAMARGUILLO,S,Apartadero,Y,FS,AD,37.43264427038,-5.98445129186267,SI,2
43010,VILLALBA DEL ALCOR,S,Apartadero,Y,FS,AD,37.3993891835486,-6.4903627069553,SI,2
81100,LOGROÑO,P,Estación,E,EX,AD,42.4577318484373,-2.4409029281391,SI,2
81001,SAN FELICES,S,Apeadero,A,EX,AD,42.6216309401232,-2.84590771054797,SI,2
81002,HARO,P,Túnel,T,EX,AD,42.5836265075875,-2.84927366692775,SI,2
70203,MALUQUE (APD),S,Apartadero,Y,FS,AD,40.7904813143548,-3.15759502631455,SI,2
70202,YUNQUERA DE HENARES,P,Apeadero,A,EX,AD,40.7470422852981,-3.16314344969986,SI,2
70204,HUMANES DE MOHERNANDO,P,Túnel,T,EX,AD,40.8311428425442,-3.13898778318243,SI,2
70207,ESPINOSA DE HENARES,P,Apeadero,A,EX,AD,40.9097028127947,-3.07316733407722,SI,2
70208,CARRASCOSA DE HENARES (APD),P,Punto KM,P,EX,AD,40.9058867186193,-3.01413579829707,SI,2
70209,JADRAQUE,P,Apeadero,A,EX,AD,40.9300173312,-2.93580094220735,SI,2
70210,MATILLAS,P,Túnel,T,EX,AD,40.9538325654149,-2.84324702095648,SI,2
70303,ALCUNEZA (APD),S,Apartadero,Y,FS,AD,41.1060534002367,-2.60064106752159,SI,2
70401,MEDINACELI,P,Túnel,T,EX,AD,41.1652426306424,-2.4212247762902,SI,2
70405,MONREAL DE ARIZA (APD),P,Punto KM,P,EX,AD,41.2986584056698,-2.10987735803734,SI,2
70501,CETINA (APD),P,Punto KM,P,EX,AD,41.2958865974881,-1.95992709819236,SI,2
70704,RUEDA DE JALON-LUMPIAQUE (APD),P,Punto KM,P,EX,AD,41.6391577539439,-1.28157692434029,SI,2
79108,GRANOLLERS MERCADERIES,S,Apartadero,Y,FS,AD,41.5975087913612,2.2915982836835,SI,2
78602,"KM. 305,022 ( ELS COMDALS )",S,Apartadero,Y,FS,AD,41.6986019031087,1.84387616177159,SI,2
78603,CASTELLGALI,S,Apartadero,Y,FS,AD,41.6820129178985,1.84759766501693,SI,2
B1112,BIF. RUBENA,S,Bifurcación,B,EX,AD,42.3828167115336,-3.58773281116429,SI,3
11109,BRIVIESCA,P,Estación,E,EX,AD,42.5427199182946,-3.31924928287945,SI,2
54400,BOBADILLA,P,Estación,E,EX,AD,37.0375586885324,-4.72774821090879,SI,4
55003,ALMARGEN-CAÑETE LA REAL,P,Apeadero,A,EX,AD,37.0010242568699,-5.02010932811717,SI,2
55007,RONDA,P,Estación,E,EX,AD,36.7484192301692,-5.16195843632561,SI,2
50400,ESPELUY,P,Túnel,T,EX,AD,38.0101319178536,-3.83228180544998,SI,2
50405,MARMOLEJO,S,Túnel,T,EX,AD,38.0189376501906,-4.16893661956683,SI,2
50505,HORNACHUELOS,S,Túnel,T,EX,AD,37.7739985376037,-5.20605719977291,SI,2
61402,ALUMBRES,S,Apartadero,Y,FS,AD,37.6132125515286,-0.914257731877726,SI,2
05001,SAN ISIDRO,S,Apartadero,Y,FS,AD,37.1938284989202,-3.64185051265369,SI,2
65406,VANDELLOS,S,Fin de línea,F,FS,AD,40.9533534880379,0.866400296353442,NO,0
B8801,BIF. VILANOVA,S,Bifurcación,B,EX,AD,41.3945870030975,2.18448644446993,SI,3
A5030,"ESPELUY-AGUJA KM. 338,8",S,Bifurcación,B,EX,AD,38.0021533869669,-3.80838802909341,SI,3
21011,FERROL PUERTO,S,Garita,G,EX,AD,43.4760861516688,-8.24467926970315,SI,1
60403,ARENALES,S,Apartadero,Y,FS,AD,39.3597258165628,-3.04097016964028,SI,2
69001,GENOVES (APD),P,Punto KM,P,EX,AD,38.9741825942297,-0.48512532910732,SI,2
69004,MONTABERNER (APD),P,Punto KM,P,EX,AD,38.8840895092688,-0.491499482784062,SI,2
69006,ALBAIDA (APD),P,Punto KM,P,EX,AD,38.845704711763,-0.518245417842628,SI,2
69007,AGULLENT (APD),P,Punto KM,P,EX,AD,38.8305169575873,-0.551208910509905,SI,2
69009,AGRES (APD),P,Punto KM,P,EX,AD,38.7968579430505,-0.521812637401866,SI,2
69010,COCENTAINA (APD),P,Punto KM,P,EX,AD,38.7556817838715,-0.451774719923144,SI,2
69101,EL ROMANI (APD),S,Punto KM,P,EX,AD,39.3029865109478,-0.394105854365826,SI,2
69102,SOLLANA,S,Túnel,T,EX,AD,39.2793019388744,-0.379283871542286,SI,2
69103,SUECA,S,Apeadero,A,EX,AD,39.2058070566123,-0.308249104560127,SI,2
69105,TAVERNES DE LA VALLDIGNA,S,Apeadero,A,EX,AD,39.0789422278428,-0.226346009443133,SI,2
65001,ROCA-CUPER (APD),P,Punto KM,P,EX,AD,39.5268123143397,-0.323573917264913,SI,2
42015,CALAÑAS,P,Apeadero,A,EX,AD,37.6519666591313,-6.87648814999393,SI,2
37500,MERIDA,P,Estación,E,EX,AD,38.9213910993284,-6.34307284956129,SI,3
65208,VILA-REAL,P,Estación,E,EX,AD,39.9330457911569,-0.0967401502659071,SI,2
65300,CASTELLO DE LA PLANA,P,Estación,E,EX,AV,39.9883107620613,-0.0522686745425961,SI,2
65301,LES PALMES,S,Túnel,T,EX,AD,40.0236377876158,-0.00168732877882592,SI,3
65304,ORPESA,P,Túnel,T,EX,AD,40.0922999198576,0.139823233596828,SI,2
65312,VINAROS,P,Estación,E,EX,AD,40.4716341416746,0.45567379258263,SI,2
65314,ULLDECONA-ALCANAR-LA SENIA (APT),P,Túnel,T,EX,AD,40.5959347810461,0.449319485816572,SI,2
65402,LALDEA-AMPOSTA-TORTOSA,P,Túnel,T,EX,AD,40.7535169992775,0.614266725956452,SI,3
B6541,BIF. CALAFAT,S,Fin de línea,F,FS,AD,40.9404879302486,0.85256835233366,NO,0
65409,CAMBRILS,P,Fin de línea,F,FS,AD,41.0693271381621,1.05294378729391,NO,0
65410,SALOU,P,Fin de línea,F,FS,AD,41.077444108619,1.12925533024795,NO,0
20211,O BARCO DE VALDEORRAS,P,Apeadero,A,EX,AD,42.4182345449611,-6.98508194508469,SI,2
20209,PUMARES (APD),S,Apartadero,Y,FS,AD,42.4044978091156,-6.85908427091726,SI,2
20212,VILAMARTIN DE VALDEORRAS,P,Túnel,T,EX,AD,42.4115576252749,-7.06146433589769,SI,2
B5103,BIF. UTRERA,S,Bifurcación,B,EX,AD,37.2101185371536,-5.8187387491303,SI,3
35107,ERUSTES,P,Túnel,T,EX,AD,39.9494955223635,-4.48754740858588,SI,2
31412,A CORUÑA,P,Estación,E,EX,AD,43.3528672199097,-8.40950765042964,SI,2
22005,OS PEARES,P,Túnel,T,EX,AD,42.4511733763215,-7.73560385922436,SI,2
22100,OURENSE,P,Estación,E,EX,AV,42.3503138562747,-7.87276441096287,SI,5
22102,RIBADAVIA,P,Túnel,T,EX,AD,42.2930644225645,-8.13918716091075,SI,2
A2230,BIF. CHAPELA,S,Bifurcación,B,EX,AD,42.279767493682,-8.6649023323343,SI,2
22303,VIGO,S,Fin de línea,F,FS,AV,42.2343510346337,-8.71344876532438,NO,0
A0801,"M-CHAMARTIN-AG. KM. 1,5",S,Bifurcación,B,EX,AV,40.4804259680666,-3.6780944156014,SI,3
B0740,BIFURCACIÓN MEDINA,S,Bifurcación,B,EX,AV,41.2735378599489,-4.68082438720637,SI,3
14112,ALAR DEL REY,P,Túnel,T,EX,AD,42.6568678846556,-4.31138288699329,SI,2
14113,MAVE (APD),P,Punto KM,P,EX,AD,42.7233870327087,-4.27560469341423,SI,2
14201,POZAZAL,S,Túnel,T,EX,AD,42.9190299684396,-4.12186172743124,SI,2
14227,SOPEÑA,S,Túnel,T,EX,AD,42.9510907297508,-4.13566675379363,SI,2
14234,PUJAYO (APD.),S,Punto KM,P,EX,AD,43.122630048246,-4.08264295718593,SI,2
14233,RIO EBRO (APD),S,Punto KM,P,EX,AD,43.0007481401329,-4.13440793770303,SI,2
14205,MONTABLIZ,S,Túnel,T,EX,AD,43.1021307516247,-4.09750451416417,SI,2
14203,LANTUENO-SANTIURDE,S,Túnel,T,EX,AD,43.0583305702226,-4.08401123813542,SI,2
14204,PESQUERA,S,Túnel,T,EX,AD,43.0823069273223,-4.07384105821354,SI,2
14208,SANTA CRUZ DE IGUÑA (APD),S,Punto KM,P,EX,AD,43.170122772443,-4.04508190313007,SI,2
14235,ARENAS DE IGUÑA (APD),S,Punto KM,P,EX,AD,43.1850710659123,-4.05007646247702,SI,2
14207,MOLLEDO-PORTOLIN (APD),S,Punto KM,P,EX,AD,43.1454955582276,-4.03907077737689,SI,2
14232,LOMBERA (APD),S,Punto KM,P,EX,AD,43.26580642235,-4.06759594276774,SI,2
20103,PORQUEROS,P,Túnel,T,EX,AD,42.5989543859288,-6.1083707358104,SI,2
20102,VEGA-MAGAZ,P,Túnel,T,EX,AD,42.5531630000287,-6.06801264539204,SI,2
31111,S. PEDRO DE LAS HERRERIAS,S,Apeadero,A,EX,AD,41.90912229569,-6.37986691857041,SI,2
31113,ROBLEDO DE SANABRIA (APD),S,Apartadero,Y,FS,AD,41.9824664759844,-6.54673288228277,SI,2
31112,LINAREJOS-PEDROSO,P,Túnel,T,EX,AD,41.946958595172,-6.48461167595274,SI,2
31109,CABAÑAS DE ALISTE (APD),P,Punto KM,P,EX,AD,41.8545939307614,-6.24633449960927,SI,2
31206,VILARIÑO DE CONSO-A CAPELA,S,Apeadero,A,EX,AD,42.0700453715361,-7.23419844591185,SI,2
31204,A MEZQUITA-VILAVELLA,S,Apeadero,A,EX,AD,42.0444591342869,-7.01929270947758,SI,2
31205,A GUDIÑA,P,Túnel,T,EX,AD,42.0606380860232,-7.13247040247801,SI,2
31304,O CARBALLIÑO,P,Estación,E,EX,AD,42.4314406094141,-8.0687950099176,SI,2
04003,MEJORADA DEL CAMPO,S,Estación,E,EX,AV,40.4065996656345,-3.49064676787067,SI,2
04011,LAS INVIERNAS,S,Estación,E,EX,AV,40.8972567146557,-2.70237854074398,SI,2
04013,ALCOLEA DEL PINAR,S,Estación,E,EX,AV,40.9922879423607,-2.52673348841411,SI,2
04018,ARIZA-A.V.,S,Estación,E,EX,AV,41.225946747556,-2.07019086354878,SI,2
04020,ALHAMA DE ARAGON- A.V.,S,Estación,E,EX,AV,41.2827655471242,-1.90644174939902,SI,2
04026,RICLA-A.V.,S,Estación,E,EX,AV,41.5259089142036,-1.40506354608975,SI,2
04046,PINA DE EBRO-A.V.,S,Estación,E,EX,AV,41.5316001103639,-0.521919120844364,SI,2
04048,BUJARALOZ,S,Estación,E,EX,AV,41.5331206115063,-0.353921439377704,SI,2
04052,BALLOBAR,S,Estación,E,EX,AV,41.5720141009968,0.108137569538063,SI,2
04055,MONTAGUT-A.V.,S,Estación,E,EX,AV,41.6297169448252,0.495703071762242,SI,2
04100,EL SEGRE,S,Estación,E,EX,AV,41.6027643165837,0.602308186083855,SI,2
04102,LESPLUGA DE FRANCOLI-A. V.,S,Estación,E,EX,AV,41.4053170418315,1.0810775759449,SI,2
37604,GUADIANA,P,Apeadero,A,EX,AD,38.9220109433352,-6.6893129586067,SI,2
10001,ARAVACA (APD),P,Punto KM,P,EX,AD,40.4484153411102,-3.78555208740313,SI,2
10007,MAJADAHONDA (APD),S,Punto KM,P,EX,AD,40.4743088925139,-3.84627103203567,SI,2
10010,EL BARRIAL-C.COM.- POZUELO (APD),S,Punto KM,P,EX,AD,40.4652864065256,-3.8078569891431,SI,2
10102,LOS PEÑASCALES,S,Apartadero,Y,FS,AD,40.561502430591,-3.90399190014536,SI,2
00003,LA GRANJUELA - KM. 45.9,S,Apartadero,Y,FS,AD,38.3673622496071,-5.34038858834965,SI,2
13401,SESTAO,S,Túnel,T,EX,AD,43.3084357986952,-2.99394817243163,SI,2
32002,EL CARPIO,P,Túnel,T,EX,AD,41.2154438074773,-5.1144672716316,SI,2
32005,CANTALPINO,S,Túnel,T,EX,AD,41.1181107159591,-5.30067109656353,SI,2
33006,ALDEHUELA DE LA BOVEDA,S,Túnel,T,EX,AD,40.8512083276171,-6.05296453002636,SI,2
33011,SANCTI-SPIRITUS,S,Túnel,T,EX,AD,40.7190550858804,-6.4004856482848,SI,2
33015,ESPEJA,S,Túnel,T,EX,AD,40.5592773152735,-6.7301822254408,SI,2
40104,VILLAGARCIA DE LA TORRE,S,Apartadero,Y,FS,AD,38.2859453249904,-6.09454039358188,SI,2
04307,FIGUERES-VILAFANT,P,Estación,E,EX,AV,42.2645806449081,2.94302836612114,SI,3
04304,VILOBI DONYAR,S,Estación,E,EX,AV,41.886453878351,2.76654425488442,SI,2
04302,LLINARS-A. V.,S,Estación,E,EX,AV,41.6491868048043,2.42166451519929,SI,2
50704,EL CAÑAMO (APD),S,Punto KM,P,EX,AD,37.4850027775545,-5.93432216284483,SI,2
72506,RIERA DE CALDES,S,Túnel,T,EX,AD,41.5209387309355,2.17116159800592,SI,2
78806,LA SAGRERA-MERIDIANA (APD),S,Punto KM,P,EX,AD,41.4236642364931,2.18696189330677,SI,2
72505,BELLATERRA,S,Otro,O,EX,AD,41.4831788959523,2.0853169135794,SI,2
72507,BIF. NUDO MOLLET,S,Bifurcación,B,EX,AD,41.5262533720266,2.20115298159226,SI,4
98302,AEROPUERTO DE BARAJAS,S,Fin de línea,F,FS,AD,40.4703734974262,-3.57509802645611,NO,0
79003,"AGUJA KM. 645,0",S,Bifurcación,B,EX,AV,41.5543223411695,2.26024861106167,SI,2
11522,INTXAURRONDO (APD),P,Punto KM,P,EX,AD,43.3201089801772,-1.95217582044325,SI,2
70807,ZARAGOZA-GOYA (APD),P,Punto KM,P,EX,AD,41.6439065322056,-0.891151137836598,SI,2
56310,HUERCAL-VIATOR,P,Túnel,T,EX,AD,36.8834893091987,-2.43620801691804,SI,2
57002,PIÑAR,S,Túnel,T,EX,AD,37.4002499618286,-3.42428510593332,SI,2
55012,CORTES DE LA FRONTERA,P,Túnel,T,EX,AD,36.5973703102506,-5.33280122190367,SI,2
55023,MIRAFLORES LA LINEA,S,Apartadero,Y,FS,AD,36.2019118564411,-5.4078309480314,SI,1
10204,ZARZALEJO,P,Túnel,T,EX,AD,40.5388261031896,-4.15808766351546,SI,2
15216,LA SILVOTA,S,Apartadero,Y,FS,AD,43.4238986520973,-5.80625023677455,SI,2
65012,VALENCIA PUERTO,S,Fin de línea,F,FS,AD,39.4619330313508,-0.324209310723602,NO,0
30007,HERVAS,S,Fin de línea,F,FS,AD,40.2703746214852,-5.85889271324713,NO,0
A9101,"AGUJA KM. 5,7",S,Fin de línea,F,FS,AD,39.997989733016,-3.89250244355641,NO,0
A3140,"CERCEDA-MEIRAMA-AG. KM. 000,729",S,Bifurcación,B,EX,AD,43.2043271901018,-8.45189047906135,SI,3
31409,MEIRAMA-PICARDEL,S,Túnel,T,EX,AD,43.2150733267579,-8.44954244725515,SI,1
31421,SOGAMA,S,Garita,G,EX,PA,43.1640422128116,-8.44563461831002,SI,2
61401,ESCOMBRERAS,S,Estación,E,EX,AD,37.5733609300187,-0.928643357687313,SI,2
15301,VILLABONA DE ASTURIAS,S,Túnel,T,EX,AD,43.4615125589626,-5.8263770883789,SI,3
15302,SERIN,S,Túnel,T,EX,AD,43.5048668033652,-5.78193330952456,SI,3
15402,GIJON-JOVELLANOS,S,Fin de línea,F,FS,AD,43.5392874826532,-5.67548709453208,NO,0
15403,GIJON-CERCANIAS,S,Fin de línea,F,FS,AD,43.5405271626461,-5.66687751014825,NO,0
15207,OLLONIEGO,S,Apeadero,A,EX,AD,43.296084699946,-5.818850547401,SI,2
B2001,BIF. ASTURIAS,S,Bifurcación,B,EX,AD,42.5904728325362,-5.59646405264815,SI,3
B1601,BIF. OLLONIEGO,S,Bifurcación,B,EX,AD,43.3054693214909,-5.83481805776364,SI,3
16002,TUDELA-VEGUIN,S,Apeadero,A,EX,AD,43.3310573030229,-5.77687316875808,SI,3
B1602,BIF. PEÑA RUBIA,S,Bifurcación,B,EX,AD,43.3343396964866,-5.76278129403979,SI,3
16011,EL ENTREGO,S,Apeadero,A,EX,AD,43.2872046630181,-5.64467948821477,SI,1
16400,NUBLEDO,S,Apeadero,A,EX,AD,43.5233874226538,-5.87023227889135,SI,3
16501,TRASONA,S,Estación,E,EX,PA,43.5553842292866,-5.86305790147959,SI,1
98003,FUENTE DE LA MORA (APD),S,Punto KM,P,EX,AD,40.484944646438,-3.66299305762938,SI,2
06008,ALCANTARILLA-LOS ROMANOS (APD),S,Punto KM,P,EX,AD,37.9642436839731,-1.21697427888194,SI,2
10004,EL PLANTIO-MAJADAHONDA,S,Apartadero,Y,FS,AD,40.4728933232546,-3.83740856213331,SI,2
00016,BALANZONA,S,Túnel,T,EX,AD,37.9737352868361,-4.75891576261637,SI,2
40108,GUADALCANAL,P,Túnel,T,EX,AD,38.0902596498712,-5.80347146736119,SI,2
40110,HAMAPEGA (APD),S,Apartadero,Y,FS,AD,38.0496760211469,-5.77892275430934,SI,2
64203,ALFAFAR-BENETUSSER,P,Apeadero,A,EX,AD,39.4223053991994,-0.392586088430886,SI,3
65013,VALENCIA-F.S.L.MERCANCIAS,S,Estación,E,EX,AD,39.4394334676979,-0.358314834372137,SI,3
B6505,BIF. PUERTO FSL,S,Bifurcación,B,EX,AD,39.4394503486567,-0.351752182832651,SI,3
B7943,"BIF. SAGRERA-AG.KM. 108,0",S,Bifurcación,B,EX,AD,41.4296582878048,2.20308568389948,SI,2
79200,MAÇANET-MASSANES,P,Túnel,T,EX,AD,41.7716486733035,2.67328370005189,SI,3
65002,VALENCIA-LA FONT DE SANT LLUIS,P,Estación,E,EX,AD,39.4414399997921,-0.369898775473023,SI,4
51006,ALCALA DE GUADAIRA-POLO DESARROLLO,S,Fin de línea,F,FS,AD,37.365368648875,-5.86262672583547,NO,0
A0427,"ANTEQUERA-STA.ANA-AGJ.KM. 50,4",S,Cargadero,K,EX,AD,37.0622856563275,-4.72110019374622,SI,6
A0426,"ANTEQUERA-STA.ANA-AGJ.KM. 48,3",S,Cargadero,K,EX,AD,37.0803725480104,-4.72907951291887,SI,3
02003,ANTEQUERA-SANTA ANA,P,Estación,E,EX,AV,37.0714488148423,-4.72019156371666,SI,6
B7800,BIF. CANFRANC,S,Bifurcación,B,EX,AV,42.079789803413,-0.42435816338967,SI,3
A7400,"HOYA DE HUESCA-AGUJA KM. 2,3",S,Bifurcación,B,EX,AD,42.0983994289361,-0.434784863619626,SI,3
B7801,BIF. HOYA DE HUESCA,S,Bifurcación,B,EX,AV,42.1005803006144,-0.418644002122498,SI,3
A7086,"BIF.PLAZA-AG.KM.8,9",S,Bifurcación,B,EX,AD,41.6230362787156,-0.985493261798117,SI,3
B7081,BIF. TERUEL,S,Bifurcación,B,FS,AD,41.6142106500419,-0.948980666361058,SI,3
A7083,"LA CARTUJA-AGUJA KM. 23,3",S,Bifurcación,B,EX,AD,41.5940316974499,-0.815828504906096,SI,3
A7087,"BIF.PLAZA-AG.KM.1,4",S,Bifurcación,B,EX,AD,41.6332490044882,-1.00917211048186,SI,3
B6402,"XATIVA-AGUJA KM.47,0",S,Fin de línea,F,FS,AD,38.9863135331042,-0.538504322178774,NO,0
64100,XATIVA,P,Estación,E,EX,AD,38.9921912519137,-0.524550018076029,SI,3
60913,SANT VICENT CENTRE (APD),P,Punto KM,P,EX,AD,38.3946211114756,-0.528732601135698,SI,2
69200,XIRIVELLA-LALTER (APD),S,Punto KM,P,EX,AD,39.4636779103017,-0.420925076462066,SI,1
95101,VILLAVERDE-MERCANCIAS,S,Estación,E,EX,AD,40.3436026896894,-3.68338357477706,SI,3
70110,TORREJON CARGAS,S,Apeadero,A,EX,AD,40.4414943627818,-3.47925808444317,SI,2
32001,CAMPILLO,P,Apeadero,A,EX,AD,41.2595101246255,-5.0178702781533,SI,2
32008,GOMECELLO,P,Apeadero,A,EX,AD,41.0417972505457,-5.54154751357251,SI,2
70802,UTEBO-MONZALBARBA,S,Apartadero,Y,FS,AD,41.7017280641135,-0.983139617937386,SI,2
71000,ZARAGOZA-EL PORTILLO,S,Apartadero,Y,FS,AD,41.6515533219708,-0.894615773284972,SI,2
04005,ALCALA DE HENARES-A.V.,S,Estación,E,EX,AV,40.4557453035543,-3.31442277082209,SI,2
04028,PLASENCIA DE JALON,S,Estación,E,EX,AV,41.6759923257978,-1.26238428767066,SI,2
04109,SANT VICENÇ DELS HORTS,S,Estación,E,EX,AV,41.4055116066026,2.01231802621069,SI,2
79607,TORDERA (APD),P,Punto KM,P,EX,AD,41.7071437260334,2.71930835248043,SI,2
79608,SANTA SUSANA (APD.),P,Punto KM,P,EX,AD,41.6301294110736,2.71630580856919,SI,2
80001,ALTSASU-PUEBLO (APD),P,Punto KM,P,EX,AD,42.8932818340122,-2.16743009461598,SI,2
A6031,"AGUJA KM. 146,1",S,Bifurcación,B,EX,AD,39.4094025978905,-3.2194499206442,SI,3
66200,UTIEL,S,Apeadero,A,EX,AD,39.5705778784259,-1.20243122520871,SI,1
04050,VALFARTA,S,Estación,E,EX,AV,41.5264471062787,-0.158547768727097,SI,2
13108,ARBIDE (APD),S,Punto KM,P,EX,AD,43.1631613210808,-2.92764568187468,SI,2
13110,UGAO-MIRABALLES,S,Túnel,T,EX,AD,43.1790702778153,-2.90271067316104,SI,2
65000,VALENCIA-ESTACIO DEL NORD,P,Estación,E,EX,AD,39.4660981541902,-0.377476004658702,SI,1
35407,"KM. 428,5 (FRONTERA)",S,Otro,O,EX,AD,39.4654771585945,-7.30722009920302,SI,1
36003,CARMONITA (APD),S,Fin de línea,F,FS,AD,39.1560316225921,-6.36662076973815,NO,0
B3002,"MONFRAGÜE-AGUJA KM.4,4",S,Bifurcación,B,EX,AD,39.9439379394843,-6.13768076323815,SI,3
30002,PLASENCIA,P,Estación,E,EX,AD,40.0221986763588,-6.09949167933521,SI,1
35607,MOSTOLES - EL SOTO,S,Túnel,T,EX,AD,40.3309622470518,-3.88242262409498,SI,1
35603,CUATRO VIENTOS,S,Estación,E,EX,AD,40.3777759691443,-3.79148076217314,SI,2
37002,GETAFE - CENTRO,S,Estación,E,EX,AD,40.3099237325133,-3.73402472832801,SI,2
B3700,BIF. PARLA,S,Fin de línea,F,FS,AD,40.2511645242886,-3.74154482647626,NO,0
37004,PARLA INDUSTRIAL,S,Fin de línea,F,FS,AD,40.2404660175258,-3.74335490027873,NO,0
14100,PALENCIA,P,Estación,E,EX,AV,42.0156590517638,-4.53398331562092,SI,5
15007,VILLADA,P,Apeadero,A,EX,AD,42.2452071975619,-4.97055572422086,SI,2
15009,SAHAGUN,P,Estación,E,EX,AD,42.3693524237636,-5.02265498408918,SI,2
15017,TORNEROS,S,Túnel,T,EX,AD,42.5172725577028,-5.55991495314448,SI,2
15015,PALANQUINOS (APD-CGD),P,Depósito,D,EX,AD,42.460636091889,-5.49746427401948,SI,2
60302,ALCAZAR DE SAN JUAN-MERCANCIAS,S,Estación,E,EX,AD,39.4027420896304,-3.21347394049143,SI,2
66005,SANTA CRUZ DE LA ZARZA (APD),P,Túnel,T,EX,AD,39.973129299566,-3.18045500765936,SI,2
15006,CISNEROS (APD),P,Punto KM,P,EX,AD,42.191084210686,-4.85023346091054,SI,2
15005,KM. 28.2,S,Cargadero,K,FS,AD,42.1783539004415,-4.78077704579319,SI,2
15004,PAREDES DE NAVA,P,Apeadero,A,EX,AD,42.1506975064874,-4.69751389450544,SI,2
15003,BECERRIL,P,Túnel,T,EX,AD,42.1047445885684,-4.64713239028236,SI,2
15008,GRAJAL (APD),P,Punto KM,P,EX,AD,42.3232311179375,-5.01342108021282,SI,2
15012,EL BURGO RANERO,P,Apeadero,A,EX,AD,42.4257273455705,-5.20850321105846,SI,2
15014,SANTAS MARTAS,P,Túnel,T,EX,AD,42.459977122165,-5.38667546197041,SI,2
15011,BERCIANOS DEL REAL CAMINO (APD),S,Apartadero,Y,FS,AD,42.4069305124831,-5.15727175201985,SI,2
15013,KM. 88.2,S,Cargadero,K,FS,AD,42.4663421151441,-5.29682712229806,SI,2
15010,KM. 67.7,S,Cargadero,K,FS,AD,42.4021907065274,-5.0787392580984,SI,2
15016,KM. 109.1,S,Cargadero,K,FS,AD,42.4809713982733,-5.53739273352824,SI,2
15101,LEON ESTACION CENTRO,S,Apartadero,Y,FS,AD,42.5963415504822,-5.59508247496152,SI,2
15103,SANTIBAÑEZ,S,Apeadero,A,EX,AD,42.6816371827596,-5.63343168685251,SI,2
15104,"KM 360,4",S,Cargadero,K,FS,AD,42.7125294257879,-5.63616094616667,SI,2
15110,CIÑERA (APD-CGD),S,Depósito,D,EX,AD,42.8891354151254,-5.64055299975445,SI,2
15112,VILLAMANIN,P,Túnel,T,EX,AD,42.9366325663059,-5.65771741274349,SI,2
15107,BUEN SUCESO (APD),S,Apartadero,Y,FS,AD,42.8325145988626,-5.65557763669303,SI,2
15111,VILLASIMPLIZ (APD),S,Apartadero,Y,FS,AD,42.9154199591852,-5.65523830455823,SI,2
04303,RIELLS-A. V.,S,Estación,E,EX,AV,41.7295429681624,2.57874010140378,SI,2
79010,BIF. GIRONA-MERCANCIAS,S,Fin de línea,F,FS,AV,41.9437867137472,2.79892654592224,NO,0
54105,MONTILLA,S,Estación,E,EX,AD,37.5788214582716,-4.63411190374715,SI,2
54405,ALORA,P,Túnel,T,EX,AD,36.8198149157075,-4.6996548759559,SI,2
54413,MALAGA MARIA ZAMBRANO,P,Estación,E,EX,AV,36.7115091901855,-4.4324110982723,SI,4
54001,CAMBIADOR CORDOBA,S,Fin de línea,F,FS,AV,37.878170047254,-4.80787643291938,NO,0
54517,MALAGA-CENT. ALAMEDA (APD),P,Punto KM,P,EX,AD,36.7153108313064,-4.42678123281178,SI,1
50302,JABALQUINTO,S,Túnel,T,EX,AD,38.0005686846217,-3.70856676743297,SI,2
50303,MENGIBAR-LAS PALOMERAS,S,Túnel,T,EX,AD,37.9892126413489,-3.78366554158651,SI,2
74001,GURREA DE GALLEGO,S,Fin de línea,F,FS,AD,42.0077348447397,-0.75674610245799,NO,0
17200,ARANDA DE DUERO-MONTECILLO,S,Estación,E,EX,AD,41.6687159351741,-3.69676090021101,SI,2
14236,VIOÑO (APD),S,Punto KM,P,EX,AD,43.3606288860765,-3.96480543604989,SI,2
14215,ZURITA (APD),S,Punto KM,P,EX,AD,43.3477010398813,-3.99101570353856,SI,2
14217,PARBAYON (APD),S,Punto KM,P,EX,AD,43.3767031605251,-3.8942404844485,SI,2
20008,VILLAVANTE (APD),P,Punto KM,P,EX,AD,42.4645773266066,-5.83885152952283,SI,2
31307,SAN XOAN DE VILANOVA (APD),S,Apartadero,Y,FS,AD,42.6122065010322,-8.11649891333723,SI,2
31311,BANDEIRA,S,Apeadero,A,EX,AD,42.7461664440821,-8.30442484090814,SI,2
31310,SILLEDA (APD),S,Apartadero,Y,FS,AD,42.7203247738936,-8.24322930767121,SI,2
31314,CANTERA DE CAMPOMARZO,S,Apeadero,A,EX,AD,42.7548336051585,-8.2896432673663,SI,2
31309,PONTE TABOADA,S,Túnel,T,EX,AD,42.6844170088147,-8.20692288547811,SI,2
31313,A SUSANA,S,Apeadero,A,EX,AD,42.8295544012877,-8.48615416269814,SI,2
31415,ORDES,P,Túnel,T,EX,AD,43.0380002292179,-8.44786431362603,SI,2
31411,UXES,P,Túnel,T,EX,AD,43.2974152891892,-8.44442258546493,SI,2
23002,ARCADE,P,Punto KM,P,EX,AD,42.3404364379376,-8.6104730327392,SI,2
23001,CESANTES (APD),P,Punto KM,P,EX,AD,42.3103501409688,-8.61656171750341,SI,2
23005,PORTELA,P,Túnel,T,EX,AD,42.5177564589106,-8.65453923966004,SI,2
23018,PONTEVEDRA UNIVERSIDAD (APD),P,Punto KM,P,EX,AD,42.4383135759277,-8.63004396548819,SI,2
23007,RUBIANS,S,Apartadero,Y,FS,AD,42.5762788069007,-8.72635864594373,SI,2
23009,CATOIRA,P,Túnel,T,EX,AD,42.6722155524745,-8.7253601901551,SI,2
23017,VILAGARCIA DE AROUSA-PRAIA (APD),S,Apartadero,Y,FS,AD,42.6082106165363,-8.76746527069869,SI,2
23010,PONTECESURES,P,Túnel,T,EX,AD,42.7229312458091,-8.65215276050665,SI,2
23019,BIF. ANGUEIRA,S,Fin de línea,F,FS,AD,42.7962831587527,-8.63878931392049,NO,0
23012,A ESCRAVITUDE,S,Apeadero,A,EX,AD,42.7810723990715,-8.65120334025691,SI,2
37104,MORA Y ORGAZ,S,Estación,E,EX,AV,39.6829210756545,-3.80122995381441,SI,2
37210,CALATRAVA,S,Estación,E,EX,AV,38.8035545937388,-4.07134194426415,SI,2
37414,BIOENERGETICA EXTREMEÑA,S,Apeadero,A,EX,AD,38.9083112090949,-6.09489877109144,SI,2
02000,LA MAROTA,S,Estación,E,EX,AV,37.7911891661266,-4.99946426108633,SI,2
02001,SANTAELLA,S,Estación,E,EX,AV,37.5897336762554,-4.89199916381756,SI,2
02004,ALORA-A. V.,S,Estación,E,EX,AV,36.8583341121583,-4.69162887462075,SI,2
04001,MADRID SUR,S,Estación,E,EX,AV,40.3468127847852,-3.6635346828306,SI,2
04002,VALLECAS-A. V.,S,Estación,E,EX,AV,40.3392593968365,-3.61511955370065,SI,2
04009,BRIHUEGA,S,Estación,E,EX,AV,40.7965019703507,-2.92976998506211,SI,2
80007,IZURDIAGA-IRUTZUN,S,Túnel,T,EX,AD,42.9094482095978,-1.83231454361665,SI,2
80115,VILLAFRANCA DE NAVARRA,P,Túnel,T,EX,AD,42.2807153741084,-1.74564612073914,SI,2
13112,BASAURI (APD),S,Punto KM,P,EX,AD,43.223384895575,-2.88222292676607,SI,2
10205,ROBLEDO DE CHAVELA,P,Túnel,T,EX,AD,40.5207085390933,-4.24675906560043,SI,2
10207,LAS NAVAS DEL MARQUES,P,Túnel,T,EX,AD,40.5892557703738,-4.36155645417716,SI,2
10208,NAVALPERAL,P,Túnel,T,EX,AD,40.5909639931644,-4.40870517979466,SI,2
10403,MINGORRIA,S,Túnel,T,EX,AD,40.7479131566532,-4.65316548178008,SI,2
10404,VELAYOS,S,Apartadero,Y,FS,AD,40.8293535763508,-4.60367893983693,SI,2
10405,SANCHIDRIAN,S,Apeadero,A,EX,AD,40.8863199652637,-4.60188915217753,SI,2
10406,ADANERO (APD),S,Apartadero,Y,FS,AD,40.9337810659169,-4.61500142179655,SI,2
10408,ORBITA-ESPINOSA (APD),S,Apartadero,Y,FS,AD,40.9980441770604,-4.65930554793393,SI,2
10412,GOMEZNARRO,S,Apartadero,Y,FS,AD,41.2444737772997,-4.85103392337094,SI,2
84002,KM. 18.6 (RADONA),S,Cargadero,K,FS,AD,41.2621368002623,-2.45847329102973,SI,2
84101,ALMAZAN-VILLA,P,Estación,E,EX,AD,41.4891536691242,-2.52544764767278,SI,2
83011,CINTRUENIGO,S,Fin de línea,F,FS,AD,42.0793990991919,-1.80214462089442,NO,0
74210,ORNA DE GALLEGO (APD),S,Apartadero,Y,FS,AD,42.441694296267,-0.401379801098744,SI,2
75107,SANT LLOREN DE MONTGAI (APD),P,Punto KM,P,EX,CA,41.8664252084303,0.83246534432127,NO,0
75108,VILANOVA DE LA SAL (APD),P,Punto KM,P,EX,CA,41.9120766279285,0.830296623819734,NO,0
75109,SANTA LINYA (APD),P,Punto KM,P,EX,CA,41.9318978887706,0.852539424672752,NO,0
75110,AGER (APD),P,Punto KM,P,EX,CA,42.0067381555879,0.851731764383693,NO,0
75114,TREMP,P,Túnel,T,EX,CA,42.1673009154635,0.891139736790752,NO,0
71102,EL BURGO DE EBRO (APD),S,Apartadero,Y,FS,AD,41.5663983801896,-0.739588303980652,SI,2
65204,CHILCHES,P,Punto KM,P,EX,AD,39.7826263627796,-0.190211438102915,SI,2
65305,CABANES,S,Apartadero,Y,FS,AD,40.1553080639846,0.162048130255883,SI,2
66204,SIETE AGUAS (APD),S,Punto KM,P,EX,AD,39.4572031134837,-0.902477055130132,SI,2
14211,LAS CALDAS DE BESAYA (APD),P,Punto KM,P,EX,AD,43.2986166842294,-4.07322770601598,SI,2
14212,VIERNOLES (APD),S,Punto KM,P,EX,AD,43.3244860107836,-4.0539998739616,SI,2
04054,VALLMANYA,S,Estación,E,EX,AV,41.6184955594978,0.370928453552925,SI,2
B4054,BIF. LES TORRES DE SANUI,S,Bifurcación,B,EX,AV,41.6255055769619,0.546308956173042,SI,3
04101,LES BORGES BLANQUES-A. V.,S,Estación,E,EX,AV,41.5389528870352,0.77735631273231,SI,2
04104,CAMP DE TARRAGONA,P,Estación,E,EX,AV,41.1921304239946,1.27192293287128,SI,3
B4103,BIF CBDOR RODA,S,Fin de línea,F,FS,AV,41.181998523991,1.41650750396316,NO,0
04106,LARBOÇ-A. V.,S,Estación,E,EX,AV,41.2785267659409,1.60501949094912,SI,2
75113,PALAU DE NOGUERA,P,Punto KM,P,EX,CA,42.1469661686065,0.892431809123712,NO,0
75115,SALAS DE PALLARS (APD),P,Punto KM,P,EX,CA,42.209693530757,0.948014341276859,NO,0
65205,MONCOFAR,P,Apeadero,A,EX,AD,39.8208436037313,-0.162609852195052,SI,2
65206,NULES-VILLAVIEJA,P,Punto KM,P,EX,AD,39.8531254361147,-0.152674163768213,SI,2
65207,BURRIANA-ALQUERIAS DEL N. P.,P,Estación,E,EX,AD,39.8964561739128,-0.103865421207826,SI,2
65209,ALMASSORA (APD),P,Punto KM,P,EX,AD,39.9548313663821,-0.0767755527892541,SI,2
65318,BENICASSIM,P,Túnel,T,EX,AD,40.0580949504459,0.057847801962556,SI,2
66018,CEMENTOS OCCIDENTALES (CGD),S,Garita,G,EX,AD,39.9661227908474,-3.40418226251038,SI,2
16012,CARGADERO DE CARROCERIA,S,Apartadero,Y,FS,AD,43.2878203407222,-5.63006451071786,SI,2
23013,OSEBE (APD),P,Túnel,T,EX,AD,42.8252685544755,-8.61584376567153,SI,2
17010,DIPUTACION,S,Apartadero,Y,FS,AD,40.5241667179951,-3.68966030566751,SI,2
37107,URDA,S,Estación,E,EX,AV,39.4190462305468,-3.82222635661695,SI,2
81103,ARRUBAL,S,Túnel,T,EX,AD,42.4310104878672,-2.25608515257837,SI,2
91001,ASLAND (CGD),S,Fin de línea,F,FS,AD,40.0060120917976,-3.89251067861403,NO,0
12004,COLLADO MEDIANO,P,Túnel,T,EX,AD,40.69273876675,-4.03587686247476,SI,2
12005,LOS MOLINOS-GUADARRAMA,P,Túnel,T,EX,AD,40.7066195554116,-4.06719160301823,SI,2
12008,GUDILLOS (APD),P,Punto KM,P,EX,AD,40.7169018074882,-4.15773372509912,SI,2
12009,SAN RAFAEL (APD),P,Punto KM,P,EX,AD,40.7149448642035,-4.18142497907655,SI,2
12010,EL ESPINAR,P,Túnel,T,EX,AD,40.7408301719667,-4.18955081264135,SI,2
15410,GIJON-SANZ CRESPO,P,Estación,E,EX,AD,43.5375637762569,-5.67571696041689,SI,3
F0706,EL MUGRON,S,Apartadero,Y,FS,AD,38.9061709605625,-1.49131034877616,SI,2
43002,CAMAS (APD),S,Punto KM,P,EX,AD,37.4178879326674,-6.04085435049928,SI,2
43026,VALENCINA-SANTIPONCE,S,Túnel,T,EX,AD,37.4267839189798,-6.05707243228351,SI,2
16403,AVILES,P,Estación,E,EX,AD,43.5612826348082,-5.92282517875126,SI,4
16405,SAN JUAN DE NIEVA,S,Estación,E,EX,AD,43.5879028882862,-5.93131905971448,SI,1
B1611,BIF. VIELLA,S,Bifurcación,B,EX,AD,43.3368587911376,-5.76637940237386,SI,3
16601,ABOÑO,S,Garita,G,EX,AD,43.5551091775772,-5.72356381618208,SI,2
16101,VIELLA,S,Apeadero,A,EX,AD,43.3889992938241,-5.78607033784974,SI,3
14107,OSORNO,P,Estación,E,EX,AD,42.4142004937713,-4.35736241999747,SI,2
14115,QUINTANILLA DE LAS TORRES (APD),P,Punto KM,P,EX,AD,42.8189163538851,-4.20272456719989,SI,2
14200,MATAPORQUERA,P,Estación,E,EX,AD,42.8711079388249,-4.16495833822874,SI,4
43027,SALTERAS,S,Estación,E,EX,AD,37.4106199950756,-6.09885652085018,SI,2
70304,HORNA (APD),S,Apartadero,Y,FS,AD,41.1303213489553,-2.54661648138955,SI,2
70502,ALHAMA DE ARAGON,P,Apeadero,A,EX,AD,41.2943278331197,-1.90432706611004,SI,2
70503,BUBIERCA (APD),P,Punto KM,P,EX,AD,41.317237359203,-1.85584367852542,SI,2
70504,ATECA (APD),P,Punto KM,P,EX,AD,41.3245373292392,-1.78519450705951,SI,2
70505,TERRER (APD),P,Punto KM,P,EX,AD,41.3222526595923,-1.70843521709359,SI,2
70601,EMBID DE LA RIBERA,S,Túnel,T,EX,AD,41.4015105773441,-1.61147662760745,SI,2
70602,EMBID DE JALON (APD),P,Punto KM,P,EX,AD,41.4213711019101,-1.59315299858138,SI,2
70603,PARACUELLOS-SAVIÑAN,P,Túnel,T,EX,AD,41.4293858260935,-1.56769392264661,SI,2
70604,SAVIÑAN (APD),P,Punto KM,P,EX,AD,41.4440588461923,-1.57114107676442,SI,2
70605,MORES,P,Túnel,T,EX,AD,41.4785533707355,-1.56618199055978,SI,2
70606,PURROY (APD),P,Punto KM,P,EX,AD,41.4771958200932,-1.5401843443023,SI,2
70701,CALATORAO (APD),P,Punto KM,P,EX,AD,41.5286540386925,-1.36060843634854,SI,2
50402,VILLANUEVA DE LA REINA,S,Túnel,T,EX,AD,38.0042042300382,-3.92390875260905,SI,2
50404,ARJONILLA,S,Túnel,T,EX,AD,38.0104940749862,-4.11698769336522,SI,2
50407,VILLA DEL RIO,P,Túnel,T,EX,AD,37.9829846542603,-4.28195215126238,SI,2
50408,MONTORO,S,Túnel,T,EX,AD,38.0079694804546,-4.38232809870374,SI,2
50409,PEDRO ABAD,S,Túnel,T,EX,AD,37.9556280225824,-4.44242762584312,SI,2
50410,EL CARPIO DE CORDOBA,S,Apeadero,A,EX,AD,37.9417830731272,-4.48882317017768,SI,2
50411,VILLAFRANCA DE CORDOBA,S,Túnel,T,EX,AD,37.949774740324,-4.53637466184103,SI,2
50412,LOS CANSINOS,S,Túnel,T,EX,AD,37.9111351023888,-4.60210186480572,SI,2
50413,ALCOLEA DE CORDOBA,P,Túnel,T,EX,AD,37.9330523141296,-4.67536143473978,SI,2
50415,LAS VEGAS,S,Apartadero,Y,EX,AD,37.9280598367559,-4.65144734545752,SI,2
50502,VILLARRUBIA DE CORDOBA,P,Túnel,T,EX,AD,37.8477350275107,-4.91406077363682,SI,2
50503,ALMODOVAR DEL RIO,S,Túnel,T,EX,AD,37.8137267236815,-5.00829587132667,SI,2
50504,POSADAS,P,Apeadero,A,EX,AD,37.8039457204606,-5.10633286870928,SI,2
56307,SANTA FE Y ALHAMA,S,Túnel,T,EX,AD,36.9722774176943,-2.52687524791112,SI,2
56308,GADOR,P,Túnel,T,EX,AD,36.9515735079445,-2.48746211105266,SI,2
34007,CRESPOS (APD),P,Punto KM,P,EX,AD,40.8700931113325,-4.96801484225361,SI,2
71802,BARNA.-PASSEIG DE GRACIA,P,Punto KM,P,EX,AD,41.3921488399008,2.16449417411042,SI,2
72002,LA SECUITA-PERAFORT (APD),S,Fin de línea,F,FS,AD,41.1937444288421,1.26158856160271,NO,0
40106,CASAS DE LA REINA,S,Apartadero,Y,FS,AD,38.201512163846,-5.9558312582663,SI,2
41001,ALCONERA,S,Apartadero,Y,FS,AD,38.3801059922056,-6.4815475151511,SI,2
03206,CAMPOS DEL PARAISO,S,Estación,E,EX,AV,40.0265733282499,-2.71179599065474,SI,2
06006,LORCA-SUTULLENA,P,Estación,E,EX,AD,37.6720612721699,-1.69625163307458,SI,2
06100,ALMENDRICOS (APD),S,Punto KM,P,EX,AD,37.474727033822,-1.77957735685619,SI,2
07004,AGUILAS,P,Apeadero,A,EX,AD,37.4097870352416,-1.57253038858349,SI,1
64108,FORD,S,Otro,O,EX,PA,39.3174982834739,-0.419377591752983,SI,1
65008,PUÇOL,P,Apeadero,A,EX,AD,39.6204616805235,-0.303093168925491,SI,2
65202,ALMENARA,P,Apeadero,A,EX,AD,39.7515452808274,-0.216311306235238,SI,2
84105,KM. 83.3,S,Cargadero,K,EX,AD,41.6906520919505,-2.53448360722868,SI,2
83001,KM. 8.4 (VELILLA DE LA SIERRA),S,Fin de línea,F,FS,AD,41.7845987446295,-2.39495139839892,NO,0
83002,ARANCON,S,Fin de línea,F,FS,AD,41.7930225658786,-2.286707714449,NO,0
83003,ALDEALPOZO,S,Fin de línea,F,FS,AD,41.7823642521281,-2.21061747156967,NO,0
83004,VALDEGENA,S,Fin de línea,F,FS,AD,41.8120376998807,-2.17285226290072,NO,0
83006,OLVEGA (APD),S,Fin de línea,F,FS,AD,41.8057901458167,-1.99751669423088,NO,0
83007,AGREDA,S,Fin de línea,F,FS,AD,41.8475534520811,-1.93241915254408,NO,0
83010,KM. 85.0 (FITERO),S,Fin de línea,F,FS,AD,42.0495712272236,-1.81560342965083,NO,0
66105,ARGUISUELAS (APD),P,Fin de línea,F,FS,AD,39.8385329456382,-1.8123120953754,NO,0
67105,SANTA EULALIA DEL CAMPO,P,Apeadero,A,EX,AD,40.5729044111934,-1.31300118434893,SI,2
60301,QUERO,P,Túnel,T,EX,AD,39.5042302122697,-3.26626297529114,SI,2
65404,LAMPOLLA-EL PERELLO-DELTEBRE (APD),P,Punto KM,P,EX,AD,40.8120119014527,0.708246554928984,SI,2
50101,CONSOLACION,S,Túnel,T,EX,AD,38.8913132662308,-3.39367403493447,SI,2
71121,EL ESPARTAL (CGD),S,Garita,G,EX,AD,41.5393120859653,-0.681846972105912,SI,2
73101,ALCOVER,P,Túnel,T,EX,AD,41.2615634637461,1.17416760533167,SI,2
67006,MUEL-MOZOTA,S,Apartadero,Y,FS,AD,41.4789210974978,-1.07615780898917,SI,2
67007,ARAÑALES DE MUEL,P,Túnel,T,EX,AD,41.4690390782733,-1.08607190549963,SI,2
67009,LONGARES (APD),P,Punto KM,P,EX,AD,41.4044503262887,-1.15885944986837,SI,2
67011,ENCINACORBA,P,Túnel,T,EX,AD,41.2889489011467,-1.27849183630311,SI,2
67005,BOTORRITA,S,Apartadero,Y,FS,AD,41.5115985709332,-1.03907451307177,SI,2
67013,VILLARREAL DE HUERVA,P,Apeadero,A,EX,AD,41.1961316865283,-1.28699115927496,SI,2
67014,VILLADOZ (APD),P,Punto KM,P,EX,AD,41.1654855131966,-1.27874091292919,SI,2
67017,FERRERUELA,P,Túnel,T,EX,AD,41.0634666828234,-1.23792554136174,SI,2
67018,CUENCABUENA (APD),P,Punto KM,P,EX,AD,41.00885983864,-1.25429055756485,SI,2
67019,LECHAGO (APD),P,Punto KM,P,EX,AD,40.9575704752258,-1.26909258186212,SI,2
67021,CALAMOCHA (APD),P,Punto KM,P,EX,AD,40.9034420160005,-1.30037276454036,SI,2
60201,LAS INFANTAS (APD),S,Apartadero,Y,FS,AD,39.997185166561,-3.68956090557648,SI,2
20202,POSADA DEL BIERZO (APD),S,Apartadero,Y,FS,AD,42.5401306756411,-6.71502937967432,SI,2
20205,PEÑAMALA,S,Apartadero,Y,FS,AD,42.5249321371201,-6.79435155908085,SI,2
20208,QUEREÑO,P,Apeadero,A,EX,AD,42.4206746938938,-6.82957245455474,SI,2
11506,URNIETA (APD),S,Punto KM,P,EX,AD,43.247525922962,-1.98843521072589,SI,2
11513,ATEGORRIETA (APD),P,Punto KM,P,EX,AD,43.3203049870328,-1.9598471960258,SI,2
13003,IZARRA,S,Apeadero,A,EX,AD,42.9513951384528,-2.90078750585488,SI,2
13103,LUIAONDO (APD),S,Punto KM,P,EX,AD,43.0935878899831,-2.99973311022997,SI,2
13109,ARRANKUDIAGA (APD),S,Punto KM,P,EX,AD,43.1698724322867,-2.9182407364163,SI,2
13116,IÑARRATXU (APD),S,Punto KM,P,EX,AD,43.0357972341194,-3.00390293674697,SI,2
34011,VILLAR DE GALLIMAZO (APD),P,Punto KM,P,EX,AD,40.9520276151228,-5.29604112353929,SI,2
67101,TORRIJO DEL CAMPO (APD),P,Punto KM,P,EX,AD,40.8260224279683,-1.34047064401207,SI,2
67202,PUERTO ESCANDON,P,Túnel,T,EX,AD,40.2732423070826,-0.985089472420995,SI,2
60704,BONETE,S,Apartadero,Y,FS,AD,38.8938041373833,-1.32886894080486,SI,2
64103,CARCAIXENT (APD),P,Punto KM,P,EX,AD,39.120490963517,-0.454444628842358,SI,2
64104,ALZIRA,P,Apeadero,A,EX,AD,39.1531584928347,-0.450657998574937,SI,2
64105,ALGEMESI,P,Estación,E,EX,AD,39.1932094708315,-0.440975088192808,SI,2
64107,BENIFAIO,P,Apeadero,A,EX,AD,39.2842560969193,-0.429985046808023,SI,2
64204,SILLA MERCANCIAS,S,Estación,E,EX,AD,39.3608799949569,-0.415862220756611,SI,2
64201,CATARROJA,P,Túnel,T,EX,AD,39.4000600475278,-0.399168995689536,SI,2
64202,MASSANASSA (APD),P,Punto KM,P,EX,AD,39.4091841924546,-0.395323207629921,SI,2
66001,ONTIGOLA (APD),P,Punto KM,P,EX,AD,40.0017078683245,-3.5737881959555,SI,2
66002,OCAÑA,P,Túnel,T,EX,AD,39.9645900918024,-3.48604306936524,SI,2
66003,NOBLEJAS  (APD),P,Punto KM,P,EX,AD,39.9725025237742,-3.44269495567784,SI,2
66009,PAREDES DE MELO,S,Fin de línea,F,FS,AD,40.0706596769455,-2.85134299945028,NO,0
66208,CHESTE,S,Túnel,T,EX,AD,39.4907802167632,-0.686262275105352,SI,2
65210,SIDMED,S,Apeadero,A,EX,AD,39.669386938571,-0.274455765472112,SI,2
61001,POZO CAÑADA,S,Túnel,T,EX,AD,38.8041994694994,-1.72433242497167,SI,2
35609,EMBAJADORES,S,Estación,E,EX,AD,40.4051261929125,-3.70264846182758,SI,2
35701,MENDEZ ALVARO (APD),S,Punto KM,P,EX,AD,40.3956250519756,-3.67821568982181,SI,2
15303,MONTEANA (APD),S,Punto KM,P,EX,AD,43.5208152925377,-5.74636405380452,SI,2
15401,CALZADA DE ASTURIAS (APD-CGD),P,Depósito,D,EX,AD,43.5353355324262,-5.69798347890877,SI,2
16001,STA. EULALIA DE MANZANEDA (APD),S,Punto KM,P,EX,AD,43.3173382324189,-5.8126185090761,SI,2
16010,CIAÑO (APD),S,Punto KM,P,EX,AD,43.2894048370745,-5.66869232099791,SI,2
16008,LA FELGUERA,S,Apeadero,A,EX,AD,43.3048232762495,-5.69281079318882,SI,2
16005,PEÑA RUBIA,S,Túnel,T,EX,AD,43.3213309514588,-5.72088189799004,SI,2
16009,SAMA,S,Apeadero,A,EX,AD,43.291811729766,-5.67944386351923,SI,2
16302,CANCIENES,S,Túnel,T,EX,AD,43.5073117971691,-5.86925512164207,SI,2
16301,FERROÑES (APD),S,Punto KM,P,EX,AD,43.4760235522598,-5.86161540453184,SI,2
16401,VILLALEGRE,S,Apeadero,A,EX,AD,43.5402705492843,-5.90220095743045,SI,2
16408,LOS CAMPOS,S,Punto KM,P,EX,AD,43.5367629555366,-5.88509718102766,SI,2
14104,FROMISTA,P,Túnel,T,EX,AD,42.2648952085131,-4.40245459840091,SI,2
17001,FUENCARRAL,S,Túnel,T,EX,AD,40.5025121134509,-3.68189576485308,SI,2
11521,PASAIA-PUERTO,S,Apeadero,A,EX,AD,43.3191942072018,-1.91793961615632,SI,2
57001,BOGARRE,S,Apartadero,Y,FS,AD,37.4124120554415,-3.36538236378416,SI,2
55021,ALGECIRAS-PUERTO (CGD),S,Garita,G,EX,AD,36.1247603405237,-5.44091714926335,SI,1
CT712,CENTRAL TERMICA,S,Fin de línea,F,FS,PA,40.9969659140642,-0.386871166732483,NO,0
B8100,BIF. CASTILLA,S,Bifurcación,B,EX,AD,42.6817524465259,-2.95800248591361,SI,3
65017,VALENCIA-PUERTO SUR,S,Apeadero,A,EX,OT,39.4288538794738,-0.327889033913944,SI,1
97201,RAMON Y CAJAL (APD),P,Punto KM,P,EX,AD,40.488308358978,-3.69466362356535,SI,2
10103,TORRELODONES,P,Túnel,T,EX,AD,40.574450975921,-3.9564447531421,SI,2
10104,GALAPAGAR-LA NAVATA (APD),P,Punto KM,P,EX,AD,40.6002686103018,-3.98225989594534,SI,2
22111,OURENSE-EMPALME E.C.,S,Apartadero,Y,FS,AD,42.3501033864787,-7.87223157257437,SI,2
22112,OURENSE-EMPALME CONTENEDORES,S,Apartadero,Y,FS,AD,42.3522288430391,-7.87490956042939,SI,1
15001,GRIJOTA (APD),P,Punto KM,P,EX,AD,42.049924026652,-4.58484496695666,SI,2
15102,LEON MERCANCIAS,S,Garita,G,EX,AD,42.5591448168574,-5.58065152809526,SI,2
10606,AZUCARERA DE CASTILLA,S,Apartadero,Y,FS,AD,41.9198921713785,-4.49423378979389,NO,0
11207,KM. 488.3,S,Apartadero,Y,FS,AD,42.8542963216669,-2.71895876440002,SI,2
B0860,BIF. COTO DA TORRE,S,Bifurcación,B,EX,AD,42.3560577498301,-7.88251930104952,SI,3
10600,VALLADOLID-CAMPO GRANDE,P,Estación,E,EX,AV,41.6421695017322,-4.72696681398984,SI,5
97100,PITIS,P,Estación,E,EX,AD,40.4955297910987,-3.72581091224414,SI,3
B9701,BIF. P. PIO,S,Bifurcación,B,EX,AD,40.5106333444353,-3.86742573805742,SI,4
97103,EL TEJAR (APD),S,Apartadero,Y,FS,AD,40.5110621698103,-3.85632168589543,SI,2
10100,PINAR DE LAS ROZAS,P,Estación,E,EX,AD,40.5222785547348,-3.88225218890798,SI,4
B1509,BIF. QUINTANA,S,Bifurcación,B,EX,AD,42.5640259169559,-5.58045026254201,SI,4
11600,IRUN,P,Estación,E,EX,AD,43.3394674622082,-1.80130534409504,SI,2
17006,MANZANARES-SOTO EL REAL,S,Túnel,T,EX,AD,40.7173785399585,-3.79357752517514,SI,2
A6141,"AGUJA KM. 0,8",S,Bifurcación,B,EX,AD,37.6133752900587,-0.964219962792991,SI,3
14210,LOS CORRALES DE BUELNA,P,Túnel,T,EX,AD,43.2551209373767,-4.06398894014683,SI,2
54107,FUENSEQUILLA,S,Apartadero,Y,FS,AD,37.8100571444908,-4.79834492163007,SI,2
07002,CANTERA JARAVIA,S,Apartadero,Y,FS,AD,37.3879600603207,-1.69585425519279,SI,2
40121,ALCOLEA DEL RIO (APD),S,Punto KM,P,EX,AD,37.6350385896439,-5.73108191812589,SI,2
70702,SALILLAS DE JALON (APD),P,Punto KM,P,EX,AD,41.5680951048532,-1.32548370276166,SI,2
70703,EPILA,P,Túnel,T,EX,AD,41.6096360994567,-1.30096766778804,SI,2
78303,TAMARITE-ALTORRICON,S,Apeadero,A,EX,AD,41.7790204362514,0.374986703381297,SI,2
78305,RAIMAT,S,Apeadero,A,EX,AD,41.6869383370364,0.474517350354556,SI,2
73002,JUNEDA,P,Túnel,T,EX,AD,41.5439019027374,0.825521623405242,SI,2
73003,LES BORGES BLANQUES,P,Túnel,T,EX,AD,41.5217329209894,0.877256747103239,SI,2
73004,LA FLORESTA (APD),P,Punto KM,P,EX,AD,41.5042015149977,0.924432041347571,SI,2
73021,CANAL DURGEL,S,Estación,E,EX,AD,41.4825775386531,0.951023575250897,SI,2
73006,VIMBODI I POBLET (APD),P,Punto KM,P,EX,AD,41.4027037867956,1.0459843950858,SI,2
73007,LESPLUGA DE FRANCOLI,P,Túnel,T,EX,AD,41.4006197651656,1.10331607963559,SI,2
73008,MONTBLANC,P,Túnel,T,EX,AD,41.3765645479428,1.16552859289981,SI,2
73009,VILAVERD,P,Túnel,T,EX,AD,41.3376496089359,1.17647762596275,SI,2
73010,LA RIBA (APD),P,Punto KM,P,EX,AD,41.3184618915728,1.18128445391947,SI,2
76003,NULLES-BRAFIM (APD),P,Punto KM,P,EX,AD,41.2502881213539,1.29749376453249,SI,2
76002,VILABELLA (APD),P,Punto KM,P,EX,AD,41.2395423650492,1.31746115355388,SI,2
76001,SALOMO,P,Túnel,T,EX,AD,41.2234593661871,1.37658199451348,SI,2
56006,KM. 61.9 (QUESADA),S,Cargadero,K,FS,AD,37.839679840256,-3.24060923177254,SI,2
B5119,BIF. S. BERNARDO,S,Bifurcación,B,EX,AD,37.4167048253245,-5.95314069813171,SI,4
51007,FACT. SEAT,S,Fin de línea,F,FS,AD,37.3622618393921,-5.9577438042343,NO,0
20310,RABADE,P,Apeadero,A,EX,AD,43.1213631512776,-7.6247502668753,SI,2
20319,CESURAS,P,Punto KM,P,EX,AD,43.1730339934117,-8.20053159580426,SI,2
20315,ARANGA (APD),S,Apartadero,Y,FS,AD,43.1796455694154,-7.98176222077277,SI,2
20318,PIÑOI (APD),P,Punto KM,P,EX,AD,43.1453011212837,-8.19120504512202,SI,2
20317,CURTIS,P,Estación,E,EX,AD,43.1271998684664,-8.14317692986532,SI,2
20320,OZA DOS RIOS,P,Apeadero,A,EX,AD,43.2187000526033,-8.18700387153356,SI,2
20316,TEIXEIRO,P,Apeadero,A,EX,AD,43.1413770760054,-8.03766585909861,SI,2
20402,CECEBRE (APD),P,Punto KM,P,EX,AD,43.2879181763335,-8.30775416258557,SI,2
20404,O BURGO-SANTIAGO,P,Apeadero,A,EX,AD,43.3178745506442,-8.36864979280139,SI,2
20403,CAMBRE,P,Punto KM,P,EX,AD,43.2905000434385,-8.35211172800329,SI,2
20410,EL VIÑA-UNIVERSIDADE (APD),P,Punto KM,P,EX,AD,43.3352281765358,-8.4130049993646,SI,2
69002,BENIGANIM (APD),P,Punto KM,P,EX,AD,38.9384595939666,-0.453262134699615,SI,2
65003,VALENCIA-CABANYAL (APD),P,Punto KM,P,EX,AD,39.4700775042407,-0.334655304647959,SI,2
50201,PEÑALAJO,S,Túnel,T,EX,AD,38.5751326945254,-3.49424209125874,SI,2
50202,ALMURADIEL-VISO DEL MARQUES,P,Apeadero,A,EX,AD,38.5142874621141,-3.5017695224326,SI,2
50204,LAS CORREDERAS,S,Túnel,T,EX,AD,38.3738270505651,-3.50155422315319,SI,2
50205,SANTA ELENA,S,Túnel,T,EX,AD,38.3312537185802,-3.50125189248035,SI,2
50206,CALANCHA,S,Túnel,T,EX,AD,38.2888167332569,-3.47904498485792,SI,2
50207,VILCHES,P,Apeadero,A,EX,AD,38.2156996014413,-3.51750607079694,SI,2
50301,LAS MADRIGUERAS,S,Túnel,T,EX,AD,38.0199831035116,-3.63716070318613,SI,2
35009,ZARZAQUEMADA (APD),S,Punto KM,P,EX,AD,40.3406812570552,-3.74821761017919,SI,2
35010,LA SERNA-FUENLABRADA (APD),S,Punto KM,P,EX,AD,40.2967842037936,-3.79261887829616,SI,2
35011,PARQUE POLVORANCA (APD),S,Punto KM,P,EX,AD,40.312771771949,-3.78338836558577,SI,2
01006,OJUELOS-LANTEJUELO,S,Apartadero,Y,FS,AD,37.3148060867936,-5.29630163268996,SI,2
B2052,BIF. SAN CRISTOBAL,S,Bifurcación,B,EX,AD,43.3362803368695,-8.4173483936067,SI,3
A2220,"GUILLAREI-AG. KM. 141,6",S,Bifurcación,B,EX,AD,42.0750705086067,-8.62120269669557,SI,3
22300,REDONDELA,P,Estación,E,EX,AD,42.2860241739863,-8.61942561115803,SI,3
04110,EL PRAT DE LLOBREGAT-AV,S,Estación,E,EX,AV,41.3305850460532,2.0894082389042,SI,2
80005,UHARTE-ARAKIL,P,Túnel,T,EX,AD,42.9205275330886,-1.9748040786244,SI,2
72210,CASTELLBISBAL,S,Estación,E,EX,AD,41.4733762259796,1.9677408803652,SI,2
37311,CABEZA DEL BUEY,P,Túnel,T,EX,AD,38.7240140703678,-5.22661294475715,SI,2
37400,ALMORCHON,P,Túnel,T,EX,AD,38.6965995854468,-5.2904191096938,SI,3
37600,ALJUCEN,P,Túnel,T,EX,AD,38.9364122419639,-6.40787558355602,SI,3
37606,BADAJOZ,P,Estación,E,EX,AD,38.890664134341,-6.98173974610854,SI,2
94004,ALMAGRO,P,Apeadero,A,EX,AD,38.8954472680261,-3.70975230752446,SI,2
65016,VALENCIA-PUERTO NORTE,S,Apeadero,A,EX,OT,39.4381799550064,-0.334893561285894,SI,1
70108,COSLADA,P,Túnel,T,EX,AD,40.4237256148184,-3.56102549579261,SI,2
54527,"AGUJA KM. 8,5 (PB)",S,Bifurcación,B,EX,AD,36.6732023346133,-4.48106586792631,SI,2
54522,"AGUJA KM. 12,9 (P.B.)",S,Bifurcación,B,EX,AD,36.6413552034616,-4.49373586952692,SI,2
54521,"AGUJA KM. 11,3 (P.B.)",S,Bifurcación,B,EX,AD,36.6512623947943,-4.48258769766722,SI,2
XX016,KM. 7/300,S,Fin de línea,F,FS,AD,41.9421804184586,-0.767966014739233,NO,0
60205,EL CASAR DE LA GUARDIA (APD),S,Apartadero,Y,FS,AD,39.7817414545608,-3.60612261933834,SI,2
60207,EL ROMERAL,P,Túnel,T,EX,AD,39.694035852312,-3.43004129648103,SI,2
60208,LA MESA,S,Apartadero,Y,FS,AD,39.758394625074,-3.54600299138462,SI,2
60405,CORCOLES,S,Apartadero,Y,FS,AD,39.3039837007419,-2.86809649044959,SI,2
60703,HIGUERUELA,S,Apartadero,Y,FS,AD,38.9147755501233,-1.4121734044217,SI,2
50521,BASE DE MONTAJE (CGD),S,Garita,G,EX,AD,37.8214142196054,-4.98527453624341,SI,2
61202,BENIAJAN,S,Fin de línea,F,FS,AD,37.9763250083034,-1.06874769744873,NO,0
61203,TORREAGUERA,S,Fin de línea,F,FS,AD,37.9835470084438,-1.05354220781062,NO,0
61300,LOS RAMOS-ALQUERIAS,S,Fin de línea,F,FS,AD,37.9980717922058,-1.02907918209465,NO,0
61301,"KM. 479,1",S,Apartadero,Y,FS,AD,37.9653866363305,-0.946050833353244,SI,2
35602,LAS AGUILAS (APD),S,Punto KM,P,EX,AD,40.3811996889792,-3.78026901706593,SI,2
35608,LAGUNA,S,Estación,E,EX,AD,40.398982834278,-3.74416512038374,SI,2
31301,SANTA CRUZ DE ARRABALDO,S,Túnel,T,EX,AD,42.352770225293,-7.98960186867159,SI,2
81102,AGONCILLO (APD),P,Punto KM,P,EX,AD,42.4435876040504,-2.2916175410753,SI,2
81106,FECULAS-NAVARRA,P,Apeadero,A,EX,AD,42.411099451794,-2.09822169392836,SI,2
81109,RINCON DE SOTO,P,Túnel,T,EX,AD,42.2301756207212,-1.84775247014208,SI,2
81110,ALFARO,P,Túnel,T,EX,AD,42.1864953658025,-1.74822569001604,SI,2
11204,LA PUEBLA DE ARGANZON (APD),P,Punto KM,P,EX,AD,42.765210790058,-2.83013051752156,SI,2
11304,ZEGAMA (APD),S,Apartadero,Y,FS,AD,42.9756996416573,-2.31352149412841,SI,2
11404,BEASAIN,P,Estación,E,EX,AD,43.0462469068813,-2.20235192530588,SI,2
11405,ORDIZIA (APD),P,Punto KM,P,EX,AD,43.0527137095158,-2.17919998751858,SI,2
11407,LEGORRETA,S,Túnel,T,EX,AD,43.0857251353523,-2.14089769556294,SI,2
11408,IKAZTEGIETA (APD),S,Punto KM,P,EX,AD,43.0940231310222,-2.12557652829686,SI,2
11409,ALEGIA (APD),S,Punto KM,P,EX,AD,43.1017306934723,-2.09718688441001,SI,2
11411,GABIRIA,S,Túnel,T,EX,AD,43.0588081475719,-2.27867076521126,SI,2
11501,TOLOSA-ERDIA (APD),P,Punto KM,P,EX,AD,43.1393458134278,-2.07409335696495,SI,2
11502,ANOETA (APD),S,Punto KM,P,EX,AD,43.1625953369821,-2.07039803719536,SI,2
11503,VILLABONA-ZIZURKIL,P,Túnel,T,EX,AD,43.1891734561457,-2.05532465673618,SI,2
11504,ANDOAIN-ERDIA (APD),P,Punto KM,P,EX,AD,43.2155473943988,-2.02045579794471,SI,2
11505,ANDOAIN,S,Túnel,T,EX,AD,43.2219838749125,-2.01565978540524,SI,2
11507,HERNANI-ERDIA (APD),P,Punto KM,P,EX,AD,43.2655640857597,-1.97320622158817,SI,2
11508,HERNANI,S,Túnel,T,EX,AD,43.2725143385512,-1.96374064450321,SI,2
11509,MARTUTENE (APD),S,Punto KM,P,EX,AD,43.2990866873695,-1.95619915340469,SI,2
11510,LOIOLA / TXOMIN ENEA(APD),S,Punto KM,P,EX,AD,43.3046401693564,-1.96362246997839,SI,2
11512,GROS (APD),P,Punto KM,P,EX,AD,43.3217988876938,-1.97353582701926,SI,2
11514,HERRERA / ALTZA(APD),P,Punto KM,P,EX,AD,43.319351822227,-1.93705047323003,SI,2
56313,ALMERIA-PUERTO,S,Fin de línea,F,FS,AD,36.8366379215994,-2.47839208993396,NO,0
51411,CADIZ-PUERTO,S,Otro,O,EX,AD,36.5395581935073,-6.29006786311777,SI,1
XX005,TALLERES,S,Otro,O,EX,AD,41.3426646596911,2.12059571766557,SI,1
35012,HUMANES,P,Túnel,T,EX,AD,40.2557031836207,-3.82861578573841,SI,2
35004,GRIÑON,S,Túnel,T,EX,AD,40.2081812455485,-3.85613592735366,SI,2
35005,ILLESCAS,P,Túnel,T,EX,AD,40.1208394291778,-3.84235113689848,SI,2
03210,INIESTA,S,Estación,E,EX,AV,39.523275767838,-1.80829120904746,SI,2
03215,CHIVA-A. V.,S,Estación,E,EX,AV,39.4732022403259,-0.629256452753867,SI,2
05020,LAS MARAVILLAS,S,Apartadero,Y,FS,AD,37.0434729938671,-4.69474296738873,SI,2
10003,EL PLANTIO,S,Apartadero,Y,FS,AD,40.4719949851615,-3.83101831025474,SI,2
05764,BARRILLOS,P,Punto KM,P,EX,AD,42.8123888888474,-5.28311388915228,SI,2
05805,BARRIO DE LAS OLLAS,P,Punto KM,P,EX,AD,42.8646166668484,-5.33445555557966,SI,2
05455,BASURTO HOSPITAL,P,Estación,E,EX,AD,43.2594499999528,-2.95259722216024,SI,3
05323,BEIFAR,P,Punto KM,P,EX,AD,43.470047222776,-6.09883333345924,SI,2
05557,BELMONTE DE PRIA,P,Punto KM,P,EX,AD,43.4398111103177,-4.98220555537693,SI,2
05415,BENDICION,P,Estación,E,EX,AD,43.3635250006266,-5.68041111112658,SI,2
05677,BERANGA,P,Estación,E,EX,AD,43.4137305555115,-3.57680000031792,SI,2
05730,BERCEDO MONTIJA,P,Punto KM,P,EX,AD,43.0884555548523,-3.45724166693256,SI,2
05605,BEZANA,P,Estación,E,EX,AD,43.4407388888084,-3.8995083341621,SI,2
05165,BIDUEIROS,P,Punto KM,P,EX,AD,43.6967305549277,-7.46889722247773,SI,2
05451,BILBAO LA CONCORDIA,P,Estación,E,EX,AD,43.2595166665261,-2.92697499923973,SI,1
05439,BLIMEA,P,Punto KM,P,EX,AD,43.2708555553929,-5.59041111102137,SI,2
05480,BOLUMBURU,P,Punto KM,P,EX,AD,43.1999499993879,-3.15034999943927,SI,2
05766,BOÑAR,P,Estación,E,EX,AD,42.8626916667819,-5.32860555617694,SI,2
05609,BOO DE PIELAGOS,P,Punto KM,P,EX,AD,43.4317055549341,-3.94618055603032,SI,2
05171,BURELA,P,Estación,E,EX,AD,43.6602000001265,-7.3608416672345,SI,2
05385,CABAÑAQUINTA,P,Estación,E,EX,AD,43.1606500004606,-5.62491111147262,SI,2
05739,CABAÑAS DE VIRTUS,P,Punto KM,P,EX,AD,42.9963916667629,-3.85836666622247,SI,2
05637,CABEZON DE LA SAL,P,Estación,E,EX,AD,43.3078027779797,-4.23181666606349,SI,2
05377,CABORANA,P,Punto KM,P,EX,AD,43.1760750003741,-5.75490277726313,SI,2
05727,CADAGUA,P,Punto KM,P,EX,AD,43.068000000691,-3.34744166635014,SI,2
05267,CADAVEDO,P,Punto KM,P,EX,AD,43.542822222009,-6.39167222202455,SI,2
05555,CAMANGO,P,Punto KM,P,EX,AD,43.4483583333541,-5.01896944489896,SI,2
05789,CAMPOHERMOSO,P,Punto KM,P,EX,AD,42.8559055559024,-5.4289083323887,SI,2
05211,CANDAS,P,Estación,E,EX,AD,43.5846361107289,-5.77263333310222,SI,2
05210,CANDAS APD,P,Punto KM,P,EX,AD,43.5864333329774,-5.76802500067543,SI,2
05271,CANERO,P,Punto KM,P,EX,AD,43.541772222361,-6.44601111106293,SI,2
05173,CANGAS DE FOZ,P,Punto KM,P,EX,AD,43.6260750004189,-7.33335555614611,SI,2
05529,CARANCOS,P,Estación,E,EX,AD,43.3554694445037,-5.43436111149213,SI,2
05417,CARBAYIN,P,Estación,E,EX,AD,43.3508749994454,-5.63415000013118,SI,2
05435,CARROCERA,P,Punto KM,P,EX,AD,43.287716666009,-5.6264277775591,SI,2
05951,CARTAGENA PZ BAS,P,Estación,E,EX,AD,37.6036388887196,-0.976733333696883,SI,1
05289,CARTAVIO,P,Punto KM,P,EX,AD,43.5507527778979,-6.7896666659816,SI,2
05631,CASAR DE PERIEDO,P,Estación,E,EX,AD,43.3388750002327,-4.17476944441783,SI,2
05750,CASTREJON DE LA PEÑA,P,Punto KM,P,EX,AD,42.8121111115835,-4.60200000049054,SI,2
05371,CAUDALIA,P,Punto KM,P,EX,AD,43.2281638890653,-5.78291111155403,SI,2
05603,CAZOÑA,P,Punto KM,P,EX,AD,43.4546611109293,-3.84068055550482,SI,2
05527,CECEDA,P,Punto KM,P,EX,AD,43.3561472224381,-5.45109722278141,SI,2
05667,CECEÑAS,P,Punto KM,P,EX,AD,43.3765388888567,-3.7180305553577,SI,2
05567,CELORIO,P,Punto KM,P,EX,AD,43.4247694444385,-4.81128055605243,SI,2
05204,CENTRO DE TRASPORTES,P,Punto KM,P,EX,AD,43.5311055553519,-5.70666111120777,SI,2
05127,CERDIDO,P,Estación,E,EX,AD,43.5870638891545,-7.9344944446074,SI,2
05799,CEREAL DE LA GUZPEÑA,P,Punto KM,P,EX,AD,42.7798194443576,-5.0056388890082,SI,2
05431,CIAÑO ESCOBIO,P,Punto KM,P,EX,AD,43.2907861110463,-5.66779166633868,SI,2
05681,CICERO,P,Punto KM,P,EX,AD,43.4169611112154,-3.49036666594238,SI,2
05747,CILLAMAYOR,P,Punto KM,P,EX,AD,42.8576277780555,-4.27906666587427,SI,2
05761,CISTIERNA,P,Estación,E,EX,AD,42.8031638885248,-5.13089444353652,SI,2
05477,COLEGIO,P,Punto KM,P,EX,AD,43.2108527777324,-3.13868055483635,SI,2
05389,COLLANZO,P,Estación,E,EX,AD,43.1241083328181,-5.5663194448259,SI,1
05485,LA CALZADA,P,Punto KM,P,EX,AD,43.1899916660988,-3.19750833424193,SI,2
05658,LA CANTABRICA,P,Punto KM,P,EX,AD,43.3977555555559,-3.81508333378172,SI,2
05291,LA CARIDAD,P,Punto KM,P,EX,AD,43.5471333327126,-6.82747500026731,SI,2
05511,LA CARRERA DE SIERO,P,Punto KM,P,EX,AD,43.3869722220768,-5.67535555505182,SI,2
05669,LA CAVADA,P,Punto KM,P,EX,AD,43.3503388889183,-3.707272222466,SI,2
05798,LA DEVESA,P,Punto KM,P,EX,AD,42.8201027775882,-5.3022194445474,SI,2
05763,LA ERCINA,P,Estación,E,EX,AD,42.808911111368,-5.21395277827022,SI,2
05961,LA ESPERANZA,P,Punto KM,P,EX,AD,37.613805554899,-0.89139722197824,SI,2
05756,LA ESPINA,P,Estación,E,EX,AD,42.7868249999832,-4.90535555549509,SI,2
05425,LA FELGUERA VEGA,P,Fin de línea,F,FS,AD,43.310363889087,-5.68576388851286,NO,0
05411,LA FLORIDA,P,Estación,E,EX,AD,43.4347527772239,-5.71003333356054,SI,2
05481,LA HERRERA,P,Punto KM,P,EX,AD,43.2033166663994,-3.17050833278894,SI,2
05755,LA LLAMA DE LA GUZPEÑA,P,Punto KM,P,EX,AD,42.7701555558854,-5.04132222137849,SI,2
05765,LA LOSILLA,P,Punto KM,P,EX,AD,42.8385527781711,-5.31820000013966,SI,2
05249,LA MAGDALENA,P,Punto KM,P,EX,AD,43.559172221483,-6.18497777722501,SI,2
05223,LA MARUCA MERCANCIAS,S,Estación,E,EX,AD,43.5720388884923,-5.92648333300221,SI,3
05793,LA MATA DE LA RIBA,P,Punto KM,P,EX,AD,42.8585888890978,-5.33954166750009,SI,2
05465,LA QUADRA,P,Punto KM,P,EX,AD,43.2227277773557,-3.0249333340191,SI,2
05794,LA RAYA,P,Punto KM,P,EX,AD,42.6380694449311,-5.55698055507502,SI,2
05965,LA UNION,P,Estación,E,EX,AD,37.6155499997286,-0.875102778535874,SI,2
05963,LA UNION VIEJA,P,Punto KM,P,EX,AD,37.6154527776952,-0.881700000116251,SI,2
05769,LA VALCUEVA,P,Punto KM,P,EX,AD,42.849680555169,-5.48701666636409,SI,2
05767,LA VECILLA,P,Estación,E,EX,AD,42.8550750001226,-5.41208333276331,SI,2
05123,LABACENGOS,P,Punto KM,P,EX,AD,43.5653138886788,-7.9802583340423,SI,2
05163,LAGO,P,Punto KM,P,EX,AD,43.6870472215551,-7.48191111163509,SI,2
05117,LAMAS,P,Punto KM,P,EX,AD,43.5473416663224,-8.0490888891905,SI,2
05470,LAMBARRI,P,Punto KM,P,EX,AD,43.2059583328937,-3.0826472225693,SI,2
05302,LAS CAMPAS,P,Punto KM,P,EX,AD,43.3638583328614,-5.88334722162609,SI,2
05297,LAS CAMPAS DE CASTROPOL,P,Punto KM,P,EX,AD,43.5204194450977,-6.97706388841943,SI,2
05303,LAS MAZAS,P,Punto KM,P,EX,AD,43.3603777778011,-5.88889722265518,SI,2
05742,LAS ROZAS DE VALDEARROYO,P,Punto KM,P,EX,AD,42.9736194441599,-4.02982222286479,SI,2
05443,LAVIANA,P,Estación,E,EX,AD,43.250830555545,-5.56490277806499,SI,1
05387,LEVINCO,P,Punto KM,P,EX,AD,43.151058333458,-5.60039444444904,SI,2
05517,LIERES,P,Estación,E,EX,AD,43.3804916668287,-5.58260000055078,SI,2
05671,LIERGANES,P,Estación,E,EX,AD,43.3449972225167,-3.74191666604894,SI,1
05685,LIMPIAS,P,Punto KM,P,EX,AD,43.371302778409,-3.44675833319648,SI,2
05522,LLAMES,P,Punto KM,P,EX,AD,43.3688055560494,-5.52519166727561,SI,2
05571,LLANES,P,Estación,E,EX,AD,43.4207611107111,-4.75899999933253,SI,2
05741,LLANO,P,Punto KM,P,EX,AD,42.9883944450924,-3.98165277800761,SI,2
05969,LLANO DEL BEAL,P,Punto KM,P,EX,AD,37.6260222216257,-0.836227778150226,SI,2
05219,LLARANES,P,Punto KM,P,EX,AD,43.554283333775,-5.89651666653497,SI,2
05551,LLOVIO,P,Estación,E,EX,AD,43.440572221888,-5.05585555621409,SI,3
05143,LOIBA,P,Punto KM,P,EX,AD,43.7303472222745,-7.75000277831835,SI,2
05744,LOS CARABEOS,P,Estación,E,EX,AD,42.9102555555961,-4.07522500081939,SI,2
05977,LOS NIETOS,P,Estación,E,EX,AD,37.651894444618,-0.796927777977327,SI,1
05287,LOZA,P,Punto KM,P,EX,AD,43.5512555554035,-6.77154999970207,SI,2
05275,LUARCA,P,Estación,E,EX,AD,43.5379027778678,-6.53644722239742,SI,2
05169,MADEIRO,P,Punto KM,P,EX,AD,43.686199999977,-7.41260833372094,SI,2
05655,MALIAÑO VIDRIERA,P,Estación,E,EX,AD,43.4167527780619,-3.8412944445585,SI,3
05773,MANZANEDA,P,Punto KM,P,EX,AD,42.7547277774686,-5.51642777835485,SI,2
05615,MAR,P,Punto KM,P,EX,AD,43.3982444447725,-4.01011944419258,SI,2
05687,MARRON,P,Estación,E,EX,AD,43.3465472222315,-3.42103888881914,SI,2
05179,MARZAN,P,Punto KM,P,EX,AD,43.5746916669952,-7.26941666658963,SI,2
05770,MATALLANA,P,Estación,E,EX,AD,42.8412111105141,-5.52210277850843,SI,3
05786,MATUECA,P,Punto KM,P,EX,AD,42.7715333331889,-5.51189722225693,SI,2
05285,MEDAL,P,Punto KM,P,EX,AD,43.5456194451623,-6.75292777813653,SI,2
05953,MEDIA LEGUA,P,Punto KM,P,EX,AD,37.6078194445259,-0.953644445273314,SI,2
05724,MERCADILLO VILLASANA,P,Estación,E,EX,AD,43.1055138884475,-3.26287777808551,SI,2
05507,MERES,P,Estación,E,EX,AD,43.3810222228055,-5.7485305559653,SI,2
05369,MIERES VASCO,P,Estación,E,EX,AD,43.2504111106013,-5.78037777782025,SI,2
05484,MIMETIZ,P,Punto KM,P,EX,AD,43.2158138888802,-3.13125555582224,SI,2
05121,MOECHE,P,Estación,E,EX,AD,43.5621222218904,-8.00271388898556,SI,2
05611,MOGRO,P,Estación,E,EX,AD,43.4250555552906,-3.96044444433406,SI,2
05743,MONTES CLAROS,P,Punto KM,P,EX,AD,42.9320805556128,-4.04238055630204,SI,2
05379,MOREDA DE ALLER,P,Estación,E,EX,AD,43.1706055559516,-5.74184999968221,SI,2
05607,MORTERA,P,Punto KM,P,EX,AD,43.435222221968,-3.91738055577243,SI,2
05149,MOSENDE,P,Punto KM,P,EX,AD,43.7060861102795,-7.6362055558538,SI,2
05787,NAREDO,P,Punto KM,P,EX,AD,42.8334583336025,-5.52298333343624,SI,2
05523,NAVA,P,Estación,E,EX,AD,43.3612750000528,-5.50906111052154,SI,2
05283,NAVIA,P,Estación,E,EX,AD,43.5364138891426,-6.72003055619251,SI,2
05975,NIETOS PESCAD,P,Punto KM,P,EX,AD,37.6493388893207,-0.787938889000629,SI,2
05973,NIETOS VIEJOS,P,Punto KM,P,EX,AD,37.6469222214045,-0.791875000367232,SI,2
05175,NOIS,P,Punto KM,P,EX,AD,43.6102944445099,-7.31224722200927,SI,2
05413,NOREÑA,P,Punto KM,P,EX,AD,43.3940805554349,-5.70342777845159,SI,2
05259,NOVELLANA,P,Punto KM,P,EX,AD,43.557649999438,-6.2895138883472,SI,2
05559,NUEVA,P,Estación,E,EX,AD,43.4405583328163,-4.93545833255734,SI,2
05651,NUEVA MONTAÑA,P,Estación,E,EX,AD,43.4400805552716,-3.84955000079241,SI,2
05108,O ALTO DO CASTIÑEIRO,P,Punto KM,P,EX,AD,43.5031416671142,-8.19562499974333,SI,2
05145,O BARQUEIRO,P,Punto KM,P,EX,AD,43.735683333679,-7.7027222225686,SI,2
05106,O PONTO,P,Punto KM,P,EX,AD,43.5147861115197,-8.17742222183385,SI,2
05147,O VICEDO,P,Punto KM,P,EX,AD,43.7309833334106,-7.67298055516224,SI,2
05218,OFICINAS,P,Punto KM,P,EX,AD,43.5543611113207,-5.88273333349565,SI,2
05635,ONTORIA,P,Punto KM,P,EX,AD,43.3156250000329,-4.21505555488713,SI,2
05663,OREJO,P,Estación,E,EX,AD,43.3993361107815,-3.73831944468337,SI,3
05139,ORTIGUEIRA,P,Estación,E,EX,AD,43.6863499997366,-7.84965277787444,SI,2
05795,OTERO,P,Punto KM,P,EX,AD,42.8595972219505,-5.39005555589674,SI,2
05277,OTUR,P,Punto KM,P,EX,AD,43.5406166664712,-6.59334166663463,SI,2
05381,OYANCO,P,Punto KM,P,EX,AD,43.1665305557996,-5.72218333380703,SI,2
05541,OZANES,P,Punto KM,P,EX,AD,43.3683750003976,-5.18513333389043,SI,2
05775,PALAZUELO,P,Punto KM,P,EX,AD,42.7071555556705,-5.53384444440368,SI,2
05771,PARDAVE,P,Punto KM,P,EX,AD,42.8063444442014,-5.50824444517095,SI,2
05505,COLLOTO,P,Estación,E,EX,AD,43.3795833333084,-5.79218888937334,SI,2
05579,COLOMBRES,P,Punto KM,P,EX,AD,43.3828388895337,-4.55683333252966,SI,2
05382,CORIGOS,P,Punto KM,P,EX,AD,43.1642444452149,-5.67655555577582,SI,2
05153,COVAS DE VIVEIRO,P,Punto KM,P,EX,AD,43.6701444443083,-7.61463611149646,SI,2
05220,CRISTALERIA,P,Punto KM,P,EX,AD,43.5755888890063,-5.92956388867514,SI,2
05245,CUDILLERO,P,Estación,E,EX,AD,43.5509944445911,-6.15219722260931,SI,2
05549,CUEVAS,P,Punto KM,P,EX,AD,43.4313527783872,-5.07327500043394,SI,2
05420,CURUXONA,P,Punto KM,P,EX,AD,43.3393027778418,-5.63078888806947,SI,2
05736,DOSANTE CIDAD,P,Punto KM,P,EX,AD,43.0112861107735,-3.75589166725623,SI,2
05644,EL BARCENAL,P,Punto KM,P,EX,AD,43.3409416664397,-4.38374722219804,SI,2
05509,EL BERRON,P,Estación,E,EX,AD,43.3822555556666,-5.70355555518183,SI,4
05433,EL ENTREGO LA OSCURA,P,Estación,E,EX,AD,43.2897277781065,-5.64083888846565,SI,2
05971,EL ESTRECHO,P,Estación,E,EX,AD,37.6275722221711,-0.829552776904341,SI,2
05232,EL PARADOR,P,Punto KM,P,EX,AD,43.5351694441374,-6.0706611111559,SI,2
05521,EL REMEDIO,P,Punto KM,P,EX,AD,43.3750277784515,-5.54623888912139,SI,2
05125,ENTRAMBARRIAS,P,Punto KM,P,EX,AD,43.5770888888542,-7.95423611068788,SI,2
05141,ESPASANTE,P,Punto KM,P,EX,AD,43.708736111823,-7.80478611189984,SI,2
05732,ESPINOSA DE LOS MONTEROS,P,Estación,E,EX,AD,43.0742888897547,-3.53732222161544,SI,2
05187,ESTEIRO,P,Punto KM,P,EX,AD,43.5517777774646,-7.13492777813511,SI,2
05177,FAZOURO,P,Punto KM,P,EX,AD,43.6008388886114,-7.29982222294013,SI,2
05109,FERREIRAS,P,Punto KM,P,EX,AD,43.5279250001455,-8.15044444478415,SI,2
05373,FIGAREDO,P,Estación,E,EX,AD,43.2138194435532,-5.7840916669759,SI,2
05151,FOLGUEIRO,P,Punto KM,P,EX,AD,43.692749999802,-7.63498055497887,SI,2
05508,FONCIELLO,P,Punto KM,P,EX,AD,43.3817611112089,-5.72973055533749,SI,2
05181,FOZ,P,Punto KM,P,EX,AD,43.5609638891439,-7.27223333327029,SI,2
05525,FUENTE SANTA DE NAVA,P,Punto KM,P,EX,AD,43.3556027783019,-5.47838333321831,SI,2
05545,FUENTES,P,Punto KM,P,EX,AD,43.4015472224779,-5.14285277772757,SI,2
05305,FUSO DE LA REINA,S,Estación,E,EX,AD,43.3183638888495,-5.92471388803776,SI,2
05679,GAMA,P,Estación,E,EX,AD,43.4230305550999,-3.52494444426377,SI,2
05622,GANZO,P,Punto KM,P,EX,AD,43.3564916668325,-4.07023055655268,SI,2
05774,GARRAFE,P,Punto KM,P,EX,AD,42.7345638891161,-5.52428333303941,SI,2
05691,GIBAJA,P,Estación,E,EX,AD,43.2820027775525,-3.43833055504258,SI,2
05629,GOLBARDO,P,Punto KM,P,EX,AD,43.340808333225,-4.15554722221696,SI,2
05613,GORNAZO,P,Punto KM,P,EX,AD,43.4097333334664,-3.98857222228716,SI,2
05317,GRADO,P,Estación,E,EX,AD,43.3945805556664,-6.06358055536677,SI,2
05754,GUARDO,P,Estación,E,EX,AD,42.7909166669666,-4.85186388917985,SI,3
05753,GUARDO APD,P,Punto KM,P,EX,AD,42.7876805547914,-4.84493333355961,SI,2
05216,GUDIN LAMINACION,P,Punto KM,P,EX,AD,43.5523361103054,-5.86543611141423,SI,2
05471,GÜEÑES,P,Punto KM,P,EX,AD,43.2090138888786,-3.09540555496033,SI,2
05661,HERAS,P,Estación,E,EX,AD,43.4010694447612,-3.7665055557807,SI,2
05952,HOSPITAL,P,Punto KM,P,EX,AD,37.6052305553722,-0.960775000376812,SI,2
05675,HOZ DE ANERO,P,Estación,E,EX,AD,43.4049694448417,-3.66692499955654,SI,2
05479,IBARRA,P,Punto KM,P,EX,AD,43.2036500002821,-3.14507777729185,SI,2
05533,INFIESTO,P,Estación,E,EX,AD,43.3518611106481,-5.36910833348897,SI,2
05534,INFIESTO APD,P,Punto KM,P,EX,AD,43.3439944441103,-5.36066944373056,SI,2
05461,IRAUREGUI,P,Estación,E,EX,AD,43.2484138893165,-2.98997222235647,SI,3
05497,KARRANZA,P,Estación,E,EX,AD,43.2388777776568,-3.3576305556196,SI,2
05460,KASTREXANA,P,Estación,E,EX,AD,43.2554888891936,-2.97196944380933,SI,2
05803,LA ASUNCION UNIVERSIDAD,P,Estación,E,EX,AD,42.6162222219839,-5.56601388866614,SI,1
10401,KM. 127.6,S,Apartadero,Y,FS,AD,40.7025494156529,-4.6695795901085,SI,2
10402,CANTERA DE MINGORRIA,S,Apartadero,Y,FS,AD,40.733940409495,-4.67181799311987,SI,2
05475,ZALLA,P,Estación,E,EX,AD,43.2128666661799,-3.13315555564302,SI,2
05215,ZANZABORNIN,P,Punto KM,P,EX,AD,43.5688055555089,-5.82533888842139,SI,2
05463,ZARAMILLO,P,Estación,E,EX,AD,43.2333583334807,-3.01603055656595,SI,2
05457,ZORROTZA ZORROZGOITI,P,Estación,E,EX,AD,43.2740361112282,-2.97410277755265,SI,2
A9820,VICALVARO MERC.-AG.KM.3.007,S,Bifurcación,B,EX,AD,40.4264191235739,-3.57584233074343,SI,3
B4303,BIF. GIRONA-MERCADERIES,S,Bifurcación,B,EX,AV,41.9483622162079,2.80462394303942,SI,3
04305,BASE MTO. RIELLS,S,Zona técnica,Z,EX,AV,41.7451354418042,2.6202269869614,SI,2
05247,VILLADEMAR,P,Punto KM,P,EX,AD,43.5570111112288,-6.15547222232277,SI,2
05244,EL PITO PIÑERA,P,Punto KM,P,EX,AD,43.546849999881,-6.14338055507245,SI,2
05243,MUROS DEL NALON,P,Estación,E,EX,AD,43.5431277776493,-6.11088333288794,SI,2
05241,LOS CABOS,P,Punto KM,P,EX,AD,43.512280555487,-6.09728333325588,SI,2
05299,CASTROPOL,P,Punto KM,P,EX,AD,43.5204194441995,-6.97706388836033,SI,2
05189,OS CASTROS,P,Punto KM,P,EX,AD,43.5515305555555,-7.13073888865283,SI,2
05239,SANTIANES,P,Punto KM,P,EX,AD,43.5036666669528,-6.09190555520814,SI,2
Z1300,BASE DE MONTAJE GABALDON,S,Zona técnica,Z,EX,AV,39.6351106918245,-1.94549784134847,SI,2
Z1210,BASE DE MONTAJE SAN FELIU DE BUIXALLEU,S,Zona técnica,Z,EX,AV,41.7371141520078,2.60723170066098,SI,2
Z1301,BASE DE MONTAJE DE MONFORTE DEL CID,S,Zona técnica,Z,EX,AV,38.4012035461803,-0.731364102851533,SI,2
03305,CHINCHILLA A.V.,S,Estación,E,EX,AV,38.8962529933764,-1.72350105164971,SI,2
03306,BONETE A.V.,S,Estación,E,EX,AV,38.8938041373833,-1.32886894080486,SI,2
03308,CAUDETE A.V.,S,Estación,E,EX,AV,38.6679537652468,-0.92531833310495,SI,2
03309,VILLENA A.V.,P,Estación,E,EX,AV,38.5860550336058,-0.874860467010072,SI,2
B0333,BIF MURCIA,S,Bifurcación,B,EX,AV,38.4026798944309,-0.736781209477992,SI,3
03310,MONFORTE DEL CID A.V.,S,Estación,E,EX,AV,38.4056692364421,-0.704746493771731,SI,3
B0332,BIF AGUAVERDE,S,Bifurcación,B,EX,AV,38.7258060112957,-0.934406084380085,SI,2
B0331,BIF LA OLIVA,S,Bifurcación,B,EX,AV,38.7985475381422,-0.970977049467218,SI,2
03307,LAS CHOZAS,S,Estación,E,EX,AV,38.8206335151248,-0.979566857996772,SI,2
A1984,AG ENLACE VERIÑA,S,Bifurcación,B,EX,AD,43.54825974534,-5.72841741947082,SI,3
A1983,AG.ENL.SOTIELLO,S,Bifurcación,B,EX,AD,43.5420447498105,-5.72563220646832,SI,3
C1160,"P.K. 641,181 (FRONTERA)",S,Cargadero,K,EX,AV,43.3504200273709,-1.78622330716488,SI,1
C1161,"P.K.641,181(FRONTERA)",S,Fin de línea,F,FS,AV,43.3503630528299,-1.7861217636541,NO,0
C3308,FUENTES OÑORO-FRONTERA,S,Cargadero,K,EX,AV,40.6056988137551,-6.82600141660107,SI,1
C7730,"P.K. 50,707(FRONT)",S,Cargadero,K,EX,AV,42.4471599712421,1.91448846244572,SI,2
04313,LIMITE ADIF - LFPSA,S,Cargadero,K,EX,AV,42.294198447048,2.93026029206177,SI,1
A1702,"FUENCARRAL-AGUJA KM 4,5",S,Bifurcación,B,EX,AD,40.5119952972174,-3.68297701844904,SI,3
A7190,CASTELLBISBAL-AGUJAS LLOBREGAT,S,Bifurcación,B,EX,AD,41.4508432119272,1.99428381267642,SI,3
A7222,"AGUJA KM. 4,014",S,Fin de línea,F,FS,AD,41.4509267760368,1.98403586332749,NO,0
05129,A CUQUERIA,P,Punto KM,P,EX,AD,43.6078805550008,-7.92186666655553,SI,2
05207,ABOÑO APD,P,Punto KM,P,EX,AD,43.5550916663273,-5.72347777831755,SI,2
05957,ABREVADERO,P,Estación,E,EX,AD,37.6096805557777,-0.931813889057432,SI,2
05320,ACES,P,Punto KM,P,EX,AD,43.4398305553797,-6.06579166694623,SI,2
05604,ADARZO,P,Estación,E,EX,AD,43.453380555441,-3.85569722243526,SI,2
05409,AGUDA,P,Estación,E,EX,AD,43.4657194451121,-5.72600277783684,SI,2
05620,ALTAMIRA,P,Punto KM,P,EX,AD,43.3520416666645,-4.05716666717944,SI,2
05959,ALUMBRES,P,Punto KM,P,EX,AD,37.6099666667616,-0.915216666449049,SI,2
05119,APALLA,P,Punto KM,P,EX,AD,43.5504999997217,-8.01872222238879,SI,2
05473,ARANGUREN,P,Estación,E,EX,AD,43.2104416669384,-3.10947777848638,SI,3
05474,ARANGUREN APD,P,Punto KM,P,EX,AD,43.2102944444175,-3.1140444441259,SI,2
05301,ARGAÑOSA-LAVAPIES,P,Punto KM,P,EX,AD,43.3659250003016,-5.86991944488895,SI,2
05740,ARIJA,P,Estación,E,EX,AD,42.9912083336591,-3.94459166728821,SI,2
05713,ARIZ,S,Estación,E,EX,AD,43.2401083329909,-2.87942777768991,SI,1
05721,ARLA BERRON,P,Punto KM,P,EX,AD,43.1666583333959,-3.22774722204464,SI,2
05543,ARRIONDAS,P,Estación,E,EX,AD,43.387488888444,-5.18841111052452,SI,2
05469,ARTXUBE,P,Punto KM,P,EX,AD,43.2010194445444,-3.07164999976835,SI,2
05489,ARZENTALES,P,Punto KM,P,EX,AD,43.2355083331714,-3.21335833385302,SI,2
05657,ASTILLERO,P,Estación,E,EX,AD,43.4039111110624,-3.8208249997092,SI,2
05768,AVIADOS,P,Punto KM,P,EX,AD,42.8547249999194,-5.44282777806344,SI,2
05221,AVILES APD,P,Punto KM,P,EX,AD,43.5546972224242,-5.91744444453471,SI,2
05361,BAIÑA,P,Punto KM,P,EX,AD,43.274458332989,-5.82824999990564,SI,2
05263,BALLOTA,P,Punto KM,P,EX,AD,43.55004722179,-6.3292583327465,SI,2
05483,BALMASEDA V.,P,Estación,E,EX,AD,43.1964416673733,-3.18996944412598,SI,2
05565,BALMORI,P,Punto KM,P,EX,AD,43.4214555556605,-4.83571388933486,SI,2
05273,BARCIA,P,Punto KM,P,EX,AD,43.5467861110194,-6.5081527776225,SI,2
05619,BARREDA,P,Estación,E,EX,AD,43.3740138884022,-4.04208333400074,SI,2
05441,BARREDOS,P,Punto KM,P,EX,AD,43.2598472218644,-5.57501388834199,SI,2
05183,BARREIROS,P,Punto KM,P,EX,AD,43.5474361112021,-7.22530555583861,SI,2
05758,PUENTE ALMUHEY,P,Estación,E,EX,AD,42.7877722220564,-4.97180833314421,SI,2
05412,PUENTE BURACOS,P,Punto KM,P,EX,AD,43.448061110916,-5.71733611133309,SI,2
05623,PUENTE SAN MIGUEL,P,Estación,E,EX,AD,43.3587222221247,-4.08761944443786,SI,2
05226,PUERTO AVILES,S,Estación,E,EX,AD,43.5858722221151,-5.92604999968897,SI,1
05447,PUERTO EL MUSEL,S,Estación,E,EX,AD,43.5671611110074,-5.69171666730714,SI,1
05600,PUERTO RAOS,S,Estación,E,EX,AD,43.444869444992,-3.82979444403793,SI,1
05731,QUINTANA DE LOS PRADOS,P,Punto KM,P,EX,AD,43.0799722226449,-3.51132500030691,SI,2
05224,RAICES,P,Punto KM,P,EX,AD,43.5763611102983,-5.93990277804804,SI,2
05733,REDONDO,P,Punto KM,P,EX,AD,43.0605555551166,-3.61966944451176,SI,2
05213,REGUERAL,P,Estación,E,EX,AD,43.5804666667986,-5.79762500007,SI,2
05185,REINANTE,P,Punto KM,P,EX,AD,43.5498361115817,-7.17426666691676,SI,2
05617,REQUEJADA,P,Estación,E,EX,AD,43.391522222233,-4.02808333385279,SI,2
05519,RIANES,S,Estación,E,EX,AD,43.3791416665541,-5.562469444361,SI,2
05193,RIBADEO,P,Estación,E,EX,AD,43.5359916663108,-7.05590277723372,SI,2
05553,RIBADESELLA,P,Estación,E,EX,AD,43.4593388891521,-5.0546861112714,SI,2
05552,RIBADESELLA PUERTO,P,Punto KM,P,EX,AD,43.4603555551783,-5.06124722264237,SI,1
05235,RIBERAS,P,Punto KM,P,EX,AD,43.5026166672959,-6.07437222232963,SI,2
05191,RINLO,P,Punto KM,P,EX,AD,43.5497388894497,-7.10853333312822,SI,2
05788,ROBLES,P,Punto KM,P,EX,AD,42.840733333136,-5.50734722204628,SI,2
05737,ROBREDO AHEDO,P,Punto KM,P,EX,AD,43.0190194441975,-3.80931111097382,SI,2
05643,ROIZ,P,Punto KM,P,EX,AD,43.3283166658597,-4.34918333255814,SI,2
05313,S.MARIA DE GRADO,P,Estación,E,EX,AD,43.3842277774739,-5.98259444366463,SI,2
05225,SALINAS,P,Punto KM,P,EX,AD,43.5703583333956,-5.95658888903328,SI,2
05748,SALINAS DE PISUERGA,P,Punto KM,P,EX,AD,42.8513388888338,-4.38606111066982,SI,2
05573,SAM ROQUE DEL ACEBAL,P,Punto KM,P,EX,AD,43.3947305548877,-4.72997222192377,SI,2
05429,SAMA LOS LLERONES,P,Fin de línea,F,FS,AD,43.2987916662615,-5.68311944492862,NO,0
05380,SAN ANTONIO,P,Punto KM,P,EX,AD,43.1688083337539,-5.69673333373453,SI,2
05167,SAN CIBRAO,P,Punto KM,P,EX,AD,43.692172222801,-7.44159999987659,SI,2
05304,SAN CLAUDIO,P,Estación,E,EX,AD,43.3552805553812,-5.91771388893514,SI,2
05135,SAN CLODIO,P,Punto KM,P,EX,AD,43.6609694448173,-7.87349722252766,SI,2
05253,SAN COSME,P,Punto KM,P,EX,AD,43.544022221595,-6.24819722316019,SI,2
05269,SAN CRISTOBAL,P,Punto KM,P,EX,AD,43.5472194443602,-6.41511666709883,SI,2
05329,SAN ESTEBAN,P,Estación,E,EX,AD,43.55200833334,-6.08715000093845,SI,1
05776,SAN FELIZ,P,Estación,E,EX,AD,42.6824444446058,-5.53802777759744,SI,2
05436,SAN MARTIN,P,Punto KM,P,EX,AD,43.2783388887648,-5.61533888908912,SI,2
05251,SAN MARTIN DE LUIÑA,P,Punto KM,P,EX,AD,43.5444972223363,-6.22856666626266,SI,2
05306,SAN PEDRO DE NORA,P,Punto KM,P,EX,AD,43.3687638885186,-5.958508333337,SI,2
05627,SAN PEDRO DE RUDAGÜEÑA,P,Estación,E,EX,AD,43.3611083331992,-4.1494388892042,SI,2
05327,SAN RANON,P,Punto KM,P,EX,AD,43.5163500001867,-6.08197777813698,SI,2
05321,SAN ROMAN,P,Estación,E,EX,AD,43.4487722229497,-6.07709722193093,SI,2
05115,SAN SADURNIÑO,P,Estación,E,EX,AD,43.5460972219389,-8.07809444438822,SI,2
05659,SAN SALVADOR,P,Punto KM,P,EX,AD,43.3936916669278,-3.80388055570222,SI,2
05432,SAN VICENTE,P,Punto KM,P,EX,AD,43.2891138886982,-5.65297777786633,SI,2
05645,SAN VICENTE DE LA BARQUERA,P,Estación,E,EX,AD,43.3677388885194,-4.4044999993145,SI,2
05102,SAN XOAN,P,Punto KM,P,EX,AD,43.4945083333882,-8.21416111169344,SI,2
05319,SANDICHE,P,Punto KM,P,EX,AD,43.4255444447875,-6.05993055566145,SI,2
05459,SANTA AGUEDA,P,Estación,E,EX,AD,43.2618611106738,-2.97290277767334,SI,2
05384,SANTA ANA - SOTO,P,Punto KM,P,EX,AD,43.1647638884319,-5.64609722228091,SI,2
16604,GIJON-PUERTO,S,Otro,O,EX,AD,43.5523828771421,-5.68869185177569,SI,3
14224,SANTANDER-PUERTO,S,Garita,G,EX,AD,43.4409612091832,-3.83113706728103,SI,1
B1508,BIF. TORNEROS,S,Bifurcación,B,EX,AD,42.5603437872536,-5.59475497737837,SI,3
B1506,BIF. LEON,S,Bifurcación,B,EX,AD,42.5567031570348,-5.60544760255994,SI,3
20406,A CORUÑA-SAN DIEGO,S,Estación,E,EX,AD,43.3580251797083,-8.39855599323652,SI,2
XX011,CENTRAL LECHERA,S,Otro,O,EX,AD,43.3877119033981,-5.78144298867631,SI,1
XX015,CANTERA LUGONES,S,Otro,O,EX,AD,43.4049742347022,-5.84108874382168,SI,1
56300,HUENEJA-DOLAR,S,Túnel,T,EX,AD,37.2215255757681,-2.94905017898977,SI,2
37610,"KM. 517,6 (FRONTERA)",S,Cargadero,K,EX,AD,38.9202438562454,-7.03015045300568,SI,1
50800,SAN JERONIMO (CGD),S,Fin de línea,F,FS,AD,37.4173531589908,-5.98687353272148,NO,0
65501,PORT DE CASTELLÓ,S,Apeadero,A,EX,AD,39.974180381532,0.0192358639694457,SI,1
65400,TORTOSA,P,Estación,E,EX,AD,40.8072454156363,0.52299880004459,SI,1
B1804,BIF. MUSEO,S,Bifurcación,B,EX,AD,40.390953524213,-3.68620327691627,SI,3
50209,VADOLLANO,S,Túnel,T,EX,AD,38.1356369175519,-3.55790356041131,SI,2
61303,BALSICAS-MAR MENOR,P,Estación,E,EX,AD,37.8187980275253,-0.950954359359199,SI,2
62108,ELX-MERCADERIES (CGD),S,Garita,G,EX,AD,38.2786211580492,-0.655529314093034,SI,2
36002,ALDEA DEL CANO,S,Fin de línea,F,FS,AD,39.2927340262701,-6.3798531393453,NO,0
43021,SAN JUAN DEL PUERTO (APD),P,Punto KM,P,EX,AD,37.3118833581475,-6.84108445612278,SI,2
43018,SAN JUAN DEL PUERTO-MOGUER,S,Apeadero,A,EX,AD,37.3097477082284,-6.847001512349,SI,2
40111,ALANIS (APD),S,Apartadero,Y,FS,AD,37.9964305808302,-5.75821396701224,SI,2
81108,CALAHORRA,P,Estación,E,EX,AD,42.3105667247426,-1.95799069995304,SI,2
72101,RODA DE MAR (APD),P,Punto KM,P,EX,AD,41.18640893274,1.45518077310437,SI,2
79101,CARDEDEU,S,Túnel,T,EX,AD,41.6365309063196,2.35327332707638,SI,2
79102,LLINARS DEL VALLES,S,Túnel,T,EX,AD,41.6380056668382,2.40445422315101,SI,2
79103,PALAUTORDERA (APD),S,Punto KM,P,EX,AD,41.6718853187552,2.45416920399307,SI,2
79106,RIELLS I VIABREA-BREDA,P,Apeadero,A,EX,AD,41.7262778295149,2.56879969068333,SI,2
79107,HOSTALRIC (APD),P,Punto KM,P,EX,AD,41.7477580610797,2.63165103214934,SI,2
79109,L.FRANQUE.-GRANOLL.NORD(APD),S,Punto KM,P,EX,AD,41.6172025673237,2.29446336978348,SI,2
79202,SILS (APD),P,Punto KM,P,EX,AD,41.8076242695253,2.74499839219991,SI,2
79203,CALDES DE MALAVELLA,P,Túnel,T,EX,AD,41.8411169386173,2.80072908181218,SI,2
79204,RIUDELLOTS (APD),P,Punto KM,P,EX,AD,41.8962538522302,2.81161325294102,SI,2
79301,CELRA (APD),P,Punto KM,P,EX,AD,42.0272955148376,2.87508426193687,SI,2
79302,BORDILS-JUIA (APD),P,Punto KM,P,EX,AD,42.0370524007479,2.91532892166809,SI,2
79303,FLAÇA,P,Estación,E,EX,AD,42.0474321380206,2.95739196173139,SI,2
71106,KM.  386.7 (GELSA),S,Cargadero,K,FS,AD,41.3982533550699,-0.476701632152093,SI,2
71109,AZAILA (APD),S,Apartadero,Y,FS,AD,41.2749017013306,-0.485199152002276,SI,2
71203,CHIPRANA,S,Túnel,T,EX,AD,41.2315078702829,-0.155572728137814,SI,2
71205,VAL DE PILAS,P,Túnel,T,EX,AD,41.2293174130765,0.0761032087844099,SI,2
71206,FABARA,P,Túnel,T,EX,AD,41.234236242113,0.142827688911358,SI,2
71207,NONASPE,P,Túnel,T,EX,AD,41.2135088088928,0.24228510103172,SI,2
71209,RIBA-ROJA DEBRE,P,Túnel,T,EX,AD,41.2485578661757,0.481070704476704,SI,2
71211,ASCO,P,Túnel,T,EX,AD,41.1823905778749,0.568984837473097,SI,2
71212,GARCIA,S,Apartadero,Y,FS,AD,41.1394702933171,0.64174976289426,SI,2
71301,ELS GUIAMETS,P,Túnel,T,EX,AD,41.0959136681804,0.747696907842158,SI,2
71302,CAPÇANES (APD),P,Punto KM,P,EX,AD,41.102079447245,0.780339416939987,SI,2
71303,MARÇA-FALSET,P,Túnel,T,EX,AD,41.1308590652861,0.810361830179087,SI,2
71304,PRADELL,P,Túnel,T,EX,AD,41.1333048159024,0.858622314330726,SI,2
71305,DUESAIGÜES-LARGENTERA (APD),P,Punto KM,P,EX,AD,41.1436668825563,0.920861336270135,SI,2
71401,VILA-SECA (APD),P,Punto KM,P,EX,AD,41.1127896090087,1.15033587119736,SI,2
A7300,"CAMB.-AG.KM. 3,1",S,Fin de línea,F,FS,AD,41.5988916540006,0.654346374797457,NO,0
60116,SAN MARTIN DE LA VEGA,S,Fin de línea,F,FS,AD,40.2190775709076,-3.56727476110654,NO,0
61005,HELLIN,P,Apeadero,A,EX,AD,38.5087729362095,-1.68856247789235,SI,2
61009,CALASPARRA,P,Fin de línea,F,FS,AD,38.2692279969448,-1.67991690725412,NO,0
63002,RIBERA DE MOLINA (CGD),S,Fin de línea,F,FS,AD,38.0298073541496,-1.20851983862837,NO,0
61101,MURCIA MERCANCIAS,S,Estación,E,EX,AD,37.9696283447106,-1.1949649519068,SI,3
61200,MURCIA DEL CARMEN,P,Estación,E,EX,AV,37.9748025640736,-1.13155516643653,SI,2
A6131,"AGUJA KM. 523,2",S,Bifurcación,B,EX,AD,37.6146635374137,-0.973347531106095,SI,3
61307,CARTAGENA,P,Estación,E,EX,AD,37.6050486335589,-0.975008412660182,SI,2
19003,ALCOBENDAS S.SEBASTIAN DE LOS REYES,S,Túnel,T,EX,AD,40.5466233354409,-3.63501169702338,SI,1
98304,VALDEBEBAS (APD),S,Punto KM,P,EX,AD,40.4820029822147,-3.60958622889636,SI,2
50200,SANTA CRUZ DE MUDELA,P,Túnel,T,EX,AD,38.6446245317634,-3.45152386324577,SI,2
50203,VENTA DE CARDENAS,S,Túnel,T,EX,AD,38.4357203626934,-3.4960342069974,SI,2
50300,LINARES-BAEZA,P,Estación,E,EX,AD,38.0691270268194,-3.58931712254604,SI,3
50403,ANDUJAR,P,Estación,E,EX,AD,38.0281846709414,-4.06605264136354,SI,2
50406,LOS SILES,S,Túnel,T,EX,AD,38.0083461497911,-4.231668074497,SI,2
61020,BLANCA-ABARAN CONTENEDORES,S,Apartadero,Y,FS,AD,38.2253581388683,-1.32874782662518,SI,2
16007,EXPLOSIVOS RIO TINTO,S,Apartadero,Y,FS,AD,43.3105781545752,-5.70073099779403,SI,2
30010,CANTAGALLO,S,Fin de línea,F,FS,AD,40.3734866576291,-5.82337710750724,NO,0
30012,NAVALMORAL DE BEJAR,S,Fin de línea,F,FS,AD,40.4233029762107,-5.78148608726778,NO,0
30013,SANCHOTELLO,S,Fin de línea,F,FS,AD,40.4378346025821,-5.73517259708926,NO,0
30014,LEDRADA,S,Fin de línea,F,FS,AD,40.4717063748311,-5.71302281664574,NO,0
30020,ALBA DE TORMES,S,Fin de línea,F,FS,AD,40.8077489878365,-5.537491446549,NO,0
81101,RECAJO,S,Túnel,T,EX,AD,42.449726921138,-2.3370253187065,SI,2
81203,RIBAFORADA,P,Túnel,T,EX,AD,41.9970828963311,-1.51522116886546,SI,2
81207,LUCENI,P,Túnel,T,EX,AD,41.826268894842,-1.24386261479161,SI,2
81208,PEDROLA (APD),P,Punto KM,P,EX,AD,41.8050316732913,-1.20198793689278,SI,2
81210,ALAGON,P,Túnel,T,EX,AD,41.7714090711544,-1.11247339717727,SI,2
81211,LA JOYOSA-TORRES (APD),S,Apartadero,Y,FS,AD,41.7506242805496,-1.07267913907808,SI,2
36001,"KM. 53,8",S,Fin de línea,F,FS,AD,39.3777186578662,-6.3814164492882,NO,0
36004,"KM. 15,5",S,Fin de línea,F,FS,AD,39.0587510129988,-6.37960587529848,NO,0
36005,PROSERPINA,S,Fin de línea,F,FS,AD,38.9946483843179,-6.38748182046564,NO,0
30001,FUENTE DUEÑAS,S,Apartadero,Y,FS,AD,39.9884107808233,-6.14705640325396,SI,2
35604,SAN JOSE DE VALDERAS,S,Estación,E,EX,AD,40.3565588012528,-3.81557992449763,SI,2
35605,ALCORCON (APD),S,Punto KM,P,EX,AD,40.3503016716014,-3.83204636856948,SI,2
35606,MOSTOLES,S,Estación,E,EX,AD,40.3285617868664,-3.86372073509857,SI,2
35610,LAS RETAMAS (APD),S,Punto KM,P,EX,AD,40.3414712018626,-3.84306975002418,SI,2
35600,ALUCHE,S,Túnel,T,EX,AD,40.3857054547665,-3.76078060794893,SI,2
35601,MAESTRA JUSTA FREIRE POLIDEP. ALUCHE,S,Punto KM,P,EX,AD,40.383672996944,-3.76863806343102,SI,2
54402,GOBANTES,S,Túnel,T,EX,AD,36.9765729552017,-4.73836648146741,SI,2
54403,EL CHORRO-CAMINITO DEL REY,P,Túnel,T,EX,AD,36.9072783802158,-4.75927816216187,SI,2
54404,LAS MELLIZAS,P,Túnel,T,EX,AD,36.8732843074413,-4.71942783430022,SI,2
54406,PIZARRA,P,Apeadero,A,EX,AD,36.7640827105734,-4.71184707220206,SI,2
54407,ALJAIMA,P,Túnel,T,EX,AD,36.7330901734134,-4.66471861729003,SI,2
54408,CARTAMA,P,Túnel,T,EX,AD,36.7337225287853,-4.60853414370394,SI,2
54512,TORREMUELLE,S,Punto KM,P,EX,AD,36.5822567093895,-4.56703527170884,SI,2
66212,VALENCIA - SANT ISIDRE,S,Apeadero,A,EX,AD,39.4526840918299,-0.405890782643348,SI,3
B4030,BIF. MONCASI,S,Bifurcación,B,EX,AV,41.6348638909454,-1.02798338852425,SI,3
10300,HERRADON-LA CAÑADA,P,Túnel,T,EX,AD,40.5993215550873,-4.49509716927381,SI,2
10400,AVILA,P,Estación,E,EX,AD,40.657174917353,-4.68331373679001,SI,3
10409,AREVALO,P,Estación,E,EX,AD,41.0470703820272,-4.7019684304168,SI,2
10410,"KM 179,9",S,Cargadero,K,FS,AD,41.1177740159885,-4.7506661333421,SI,2
10500,MEDINA DEL CAMPO,P,Estación,E,EX,AD,41.3172681821548,-4.90963384015345,SI,4
40008,ZAFRA FERIA (APD),P,Depósito,D,EX,AD,38.4245746060027,-6.40975451205202,SI,2
70607,MORATA DE JALON,P,Túnel,T,EX,AD,41.4754895230729,-1.47856667064535,SI,2
A7080,"CIM-AGUJA KM. 337,1",S,Bifurcación,B,EX,AD,41.670160637348,-0.931469825230532,SI,4
04040,ZARAGOZA DELICIAS,P,Estación,E,EX,AV,41.65868288919,-0.910774357726336,SI,4
71100,MIRAFLORES,P,Túnel,T,EX,AD,41.6324292528794,-0.866797620975822,SI,3
A7890,"MIRAFLORES-AGUJA KM. 0,9",S,Bifurcación,B,EX,AD,41.6299611408587,-0.857044254758508,SI,3
78902,COGULLADA,S,Túnel,T,EX,AD,41.675481295347,-0.855254037796416,SI,2
78007,ZARAGOZA-CORBERA ALTA,S,Túnel,T,EX,AD,41.695791899222,-0.854603597543871,SI,4
78004,SAN JUAN DE MOZARRIFAR,S,Túnel,T,EX,AD,41.7216167277251,-0.843407048782029,SI,3
78102,ALMUDEVAR,S,Túnel,T,EX,AD,41.9962811795145,-0.640068116199973,SI,2
13001,POBES,S,Túnel,T,EX,AD,42.8050025564228,-2.90716797581458,SI,2
13004,INOSO-OIARDO,S,Túnel,T,EX,AD,42.9929806070387,-2.91583964480694,SI,2
13005,LEZAMA,S,Túnel,T,EX,AD,43.020829580276,-2.98458046682431,SI,2
13101,AMURRIO,S,Estación,E,EX,AD,43.0489884619303,-3.00197224906819,SI,2
13102,SALBIO (APD),S,Punto KM,P,EX,AD,43.0741417301605,-2.99940471523256,SI,2
13104,SANTA CRUZ DE LLODIO (APD),S,Punto KM,P,EX,AD,43.1328327690821,-2.9698496199901,SI,2
15108,LA POLA DE GORDON,P,Túnel,T,EX,AD,42.8540250414609,-5.6746259006412,SI,2
15109,SANTA LUCIA,P,Túnel,T,EX,AD,42.8749456457613,-5.63971226161923,SI,2
05005,ANZOLA,S,Apartadero,Y,FS,AD,37.2519489894776,-3.79218260354714,SI,2
05008,ALOMARTES,S,Apartadero,Y,FS,AD,37.2421442581654,-3.91130775071621,SI,2
B0320,BIF. ALBACETE,S,Bifurcación,B,EX,AV,39.6087603794236,-1.9575818508424,SI,3
03301,TARAZONA,S,Estación,E,EX,AV,39.2757009015251,-2.01155195398378,SI,2
79313,"KM. 269,030 ( PLATJA DE GARBET )",S,Apartadero,Y,FS,AD,42.3907742168611,3.15131873918578,SI,2
79314,COLERA (APD),P,Punto KM,P,EX,AD,42.4068632293628,3.15435351871762,SI,2
79403,SANT ADRIA DE BESOS (APD),P,Punto KM,P,EX,AD,41.4244306804253,2.23047228595545,SI,2
79405,MONTGAT,P,Estación,E,EX,AD,41.4629548510806,2.27215041887811,SI,2
79407,EL MASNOU,P,Estación,E,EX,AD,41.4770142465662,2.31040278856414,SI,2
79408,OCATA (APD),S,Punto KM,P,EX,AD,41.4791220269119,2.31997028991351,SI,2
79409,PREMIA DE MAR (APD),P,Punto KM,P,EX,AD,41.4876804642686,2.35488202169458,SI,2
79410,VILASSAR DE MAR,P,Estación,E,EX,AD,41.5005522583904,2.38975259437433,SI,2
79412,CABRERA DE MAR-V. DE MAR (APD),P,Punto KM,P,EX,AD,41.506723848362,2.40152455035878,SI,2
70003,EL POZO (APD),P,Punto KM,P,EX,AD,40.3760594709781,-3.65622296516639,SI,2
70005,VALLECAS (APD),P,Punto KM,P,EX,AD,40.3820861943834,-3.62464759847287,SI,2
77006,GRANOLLERS-CANOVELLES,S,Estación,E,EX,AD,41.6113973889819,2.27688470874454,SI,2
77109,VIC,S,Estación,E,EX,AD,41.9310221300778,2.24884786100687,SI,2
77309,PUIGCERDA,S,Túnel,T,EX,AD,42.429493768244,1.9246504633721,SI,2
31308,LALIN,P,Apeadero,A,EX,AD,42.6325293190149,-8.14265273679645,SI,2
77114,LA FARGA DE BEBIE (APD),S,Punto KM,P,EX,AD,42.1305708707398,2.20413890894123,SI,2
72503,CERDANYOLA UNIVERSITAT,S,Estación,E,EX,AD,41.4969536410521,2.11528487131562,SI,3
72006,CONSTANTI,S,Estación,E,EX,AD,41.1667328083354,1.17092165817878,SI,1
B7192,BIF. LLOBREGAT,S,Fin de línea,F,FS,AD,41.4407076331349,1.99699314305171,NO,0
11217,FEFASA,S,Apartadero,Y,FS,AD,42.696405592236,-2.92575764731406,SI,2
94001,AZUER,S,Túnel,T,EX,AD,39.0315169639517,-3.49220788740222,SI,2
94003,EL CAMPILLO,S,Túnel,T,EX,AD,39.008078535506,-3.63965812280011,SI,2
94006,POZUELO DE CALATRAVA,S,Túnel,T,EX,AD,38.9546416949286,-3.80182545718118,SI,2
00012,EL PARRALEJO ( CGD ),S,Garita,G,EX,AD,38.1164077017489,-4.94188924572173,SI,2
79002,LA SAGRERA,S,Estación,E,EX,AV,41.4257765928493,2.19502963929886,SI,3
XX008,SEVILLA-CTT,S,Otro,O,EX,AD,37.4014027683446,-5.96414290872708,SI,2
22307,VIGO-BERBES,S,Fin de línea,F,FS,AD,42.2409679224109,-8.72507590071155,NO,0
B0103,BIF. LAS MARAVILLAS,S,Bifurcación,B,EX,AD,37.0437579273146,-4.69477220387205,SI,3
11302,OTZAURTE SUBCENTRAL,S,Apartadero,Y,FS,AD,42.9337650259168,-2.24265501502801,SI,2
11601,IRUN MERCANCIAS,S,Estación,E,EX,AD,43.3384391965176,-1.80581422393897,SI,2
13300,BILBAO-LA NAJA,S,Apartadero,Y,FS,OT,43.2600618358432,-2.92590914443152,SI,2
13307,BILBAO-PUERTO,S,Apartadero,Y,FS,AD,43.2653129946676,-2.95146501260767,SI,2
14229,SANTANDER CONTENEDORES,S,Apartadero,Y,FS,AD,43.4585148985572,-3.81409040677476,SI,2
17104,NAVARREDONDA-SAN MAMES,S,Apartadero,Y,FS,AD,40.9876360299942,-3.70655570435232,SI,2
37411,VILLAGONZALO,S,Apartadero,Y,FS,AD,38.8641064478356,-6.20751617555721,SI,2
40117,VENTASQUEMADAS,S,Apartadero,Y,FS,AD,37.7287414310292,-5.76046036387589,SI,2
42022,HUELVA-ODIEL,S,Apartadero,Y,FS,AD,37.2565659575336,-6.95717153138143,SI,1
62106,ALACANT-BENALUA,S,Fin de línea,F,FS,AD,38.337838864671,-0.493505816658597,NO,0
63003,MOLINA DE SEGURA (CGD),S,Fin de línea,F,FS,AD,38.0524112391308,-1.21653363038091,NO,0
64101,MANUEL-L ENOVA,S,Apartadero,Y,FS,AD,39.046187650351,-0.491505176201276,SI,2
70406,JUBERA,S,Apartadero,Y,FS,AD,41.196379709959,-2.34031056617853,SI,2
70900,LA ALMOZARA,S,Apartadero,Y,FS,AD,41.6716595330689,-0.933496913389802,SI,2
71504,TARRAGONA PORT,S,Estación,E,EX,AD,41.1091089264962,1.22653496205757,SI,2
30208,AZUCARERA DEL ESLA,S,Fin de línea,F,FS,AD,41.9833237230723,-5.67415199649029,NO,0
30214,VALCABADO,S,Fin de línea,F,FS,AD,42.2004835752033,-5.80312436679216,NO,0
03211,MINGLANILLA,S,Estación,E,EX,AV,39.5250745716098,-1.55843726059528,SI,2
20210,SOBRADELO,P,Túnel,T,EX,AD,42.4148280592562,-6.91194986838515,SI,2
20207,COVAS,P,Túnel,T,EX,AD,42.4752575181476,-6.83084760571245,SI,2
20215,SOLDON-SEQUEIROS,S,Túnel,T,EX,AD,42.4454623782648,-7.22755719085711,SI,2
20218,A POBRA DO BROLLON,P,Túnel,T,EX,AD,42.5337353427541,-7.40008652342181,SI,2
20217,FREIXEIRO,S,Túnel,T,EX,AD,42.4833360020017,-7.34436771202323,SI,2
20216,SAN CLODIO-QUIROGA,P,Apeadero,A,EX,AD,42.4652210346261,-7.28719605059863,SI,2
20214,MONTEFURADO,P,Túnel,T,EX,AD,42.3937428695906,-7.19457219556097,SI,2
20304,OURAL,S,Apeadero,A,EX,AD,42.7218293441104,-7.44776828612176,SI,2
20303,RUBIAN,S,Apeadero,A,EX,AD,42.6490615088528,-7.48490058817093,SI,2
20302,BOVEDA (APD),S,Apartadero,Y,FS,AD,42.6226025212381,-7.48691076099911,SI,2
20308,LAXOSA,S,Túnel,T,EX,AD,42.9577863317801,-7.48168198798028,SI,2
20307,POBRA DE SAN XIAN,S,Apartadero,Y,FS,AD,42.8657592697788,-7.4468987167184,SI,2
20306,PEDRELO-CELTIGOS (APD),P,Punto KM,P,EX,AD,42.8329033590605,-7.39336405571797,SI,2
20322,BONXE (CGD),S,Garita,G,EX,AD,43.097513347813,-7.58303530550472,SI,2
20313,PARGA (APD-CGD),P,Punto KM,P,EX,AD,43.1636210569931,-7.83735029433497,SI,2
69003,LA POBLA DEL DUC (APD),P,Punto KM,P,EX,AD,38.9153366164185,-0.445601164924863,SI,2
35101,CABAÑAS DE LA SAGRA,S,Apartadero,Y,FS,AD,39.9875038994323,-3.96304007198482,SI,2
60299,ALMODOVAR,S,Estación,E,EX,AV,37.8223117306607,-4.98298286987722,SI,2
04105,LA POBLA DE MONTONES-A.V.,S,Estación,E,EX,AV,41.1870547424884,1.4329941403134,SI,2
03217,CAMBIADOR VALENCIA,S,Cruce,C,EX,AV,39.4552397137325,-0.381168697274278,SI,2
A6420,BIF. JOAQUIN SOROLLA-IBERICO,S,Bifurcación,B,EX,AD,39.4552050609325,-0.381088760440769,SI,4
72209,MARTORELL CENTRAL,S,Estación,E,EX,AD,41.4787576531709,1.92629332630734,SI,2
A7221,BIF. RUBI,S,Fin de línea,F,FS,AD,41.443877683838,1.99296214123413,NO,0
79315,PORTBOU,P,Estación,E,EX,AD,42.424701284682,3.15803398478009,SI,2
79318,CAMBIADOR PORTBOU,S,Fin de línea,F,FS,AD,42.4278305317239,3.15764134968918,NO,0
79206,GIRONA-MERCADERIES,S,Estación,E,EX,AD,41.9539440595658,2.80629230259802,SI,3
79500,MATARO,P,Estación,E,EX,AD,41.5333786340778,2.44551572385896,SI,2
79600,ARENYS DE MAR,P,Túnel,T,EX,AD,41.5776224972156,2.54935417937911,SI,2
79603,CALELLA,P,Estación,E,EX,AD,41.6146578228275,2.66593954463856,SI,2
79606,BLANES,P,Estación,E,EX,AD,41.6735181749175,2.76916865976691,SI,2
70899,CAMBIADOR ZARAGOZA DELICIAS,S,Cruce,C,EX,AV,41.6688173324799,-0.929469756428667,SI,2
67002,CUARTE DE HUERVA,S,Apeadero,A,FS,AD,41.59234749022,-0.947259695856201,SI,2
67004,MARIA DE HUERVA (APD-CGD),P,Apeadero,A,EX,AD,41.5401111749471,-0.997451118397665,SI,2
67010,CARIÑENA,P,Túnel,T,EX,AD,41.3355827248851,-1.22855832178979,SI,2
67015,BADULES (APD),P,Punto KM,P,EX,AD,41.1394710495652,-1.25155299697906,SI,2
67020,NAVARRETE,P,Túnel,T,EX,AD,40.9365408971816,-1.26118002545732,SI,2
67100,CAMINREAL-FUENTES CLARAS,P,Túnel,T,EX,AD,40.850706508855,-1.33843640468749,SI,2
67211,CAUDIEL,S,Túnel,T,EX,AD,39.9473050882947,-0.572026802135731,SI,2
65308,ALCALA DE CHIVERT,P,Túnel,T,EX,AD,40.304668441342,0.228684146891857,SI,2
65309,SANTA MAGDALENA DE PULPIS,S,Túnel,T,EX,AD,40.3584404290646,0.293708504117573,SI,2
65311,BENICARLO-PEÑISCOLA,P,Estación,E,EX,AD,40.4276512873236,0.415137410416575,SI,2
65313,ALCANAR,S,Apartadero,Y,FS,AD,40.5258888928225,0.443043554949871,SI,2
65315,FREGINALS,S,Apartadero,Y,FS,AD,40.6736745332896,0.511409013659123,SI,2
65401,CAMP-REDO,P,Túnel,T,EX,AD,40.759135671239,0.555856043339135,SI,2
65403,CAMARLES-DELTEBRE (APD),P,Punto KM,P,EX,AD,40.7751689027532,0.671259321052791,SI,2
65407,LHOSPITALET DE LINFANT,P,Fin de línea,F,FS,AD,40.9958758852087,0.920735332356921,NO,0
65408,MONT-ROIG DEL CAMP,P,Fin de línea,F,FS,AD,41.0449423967333,0.99070131058719,NO,0
71502,ALTAFULLA-TAMARIT,P,Estación,E,EX,AD,41.1366190711585,1.37342269002905,SI,2
71503,TORREDEMBARRA,P,Túnel,T,EX,AD,41.1428145411623,1.40570473228232,SI,2
50001,MARAÑON,S,Túnel,T,EX,AD,39.2563962221503,-3.21129632656026,SI,2
50002,CINCO CASAS,P,Túnel,T,EX,AD,39.169285882419,-3.23279489037053,SI,2
50003,HERRERA DE LA MANCHA,S,Túnel,T,EX,AD,39.0832639365932,-3.25298930858336,SI,2
71105,QUINTO,P,Túnel,T,EX,AD,41.4194296879987,-0.490721847894647,SI,2
34012,BABILAFUENTE,P,Túnel,T,EX,AD,40.9723578987225,-5.43058301922448,SI,2
60206,TEMBLEQUE,P,Túnel,T,EX,AD,39.7224698226723,-3.49705338336941,SI,2
50603,CANTERA LLANOS,S,Apartadero,Y,FS,AD,37.6494430903327,-5.54787554656267,SI,2
B0800,RIO DUERO,S,Estación,E,EX,AV,41.5500891222893,-4.76109485401178,SI,2
61002,LOS HITOS,S,Apartadero,Y,FS,AD,38.7189591392205,-1.68365256638796,SI,2
61004,TOBARRA (APD),S,Apartadero,Y,FS,AD,38.5797569253201,-1.6892094661486,SI,2
61006,MINATEDA,S,Fin de línea,F,FS,AD,38.4639776149512,-1.6004590212431,NO,0
61007,AGRAMON,S,Túnel,T,EX,AD,38.4034860728088,-1.62991213182913,SI,2
61008,MINAS,S,Fin de línea,F,FS,AD,38.3196887262385,-1.66090824164763,NO,0
61013,BLANCA-ABARAN,S,Apeadero,A,EX,AD,38.2228224190377,-1.32491396128995,SI,2
61014,"KM. 426,7",S,Apartadero,Y,FS,AD,38.1791341058341,-1.26513247848709,SI,2
61015,ARCHENA-FORTUNA (APD),P,Punto KM,P,EX,AD,38.131331943279,-1.23602280750554,SI,2
15115,NAVIDIELLO-PARANA,S,Túnel,T,EX,AD,43.0700862216178,-5.72554389273436,SI,2
15117,MALVEDO,S,Túnel,T,EX,AD,43.1065074382484,-5.79570030661311,SI,2
15119,LA FRECHA (APD),S,Punto KM,P,EX,AD,43.0961274486721,-5.79854456497566,SI,2
15120,CAMPOMANES,P,Túnel,T,EX,AD,43.1101381312963,-5.81637856307594,SI,2
15121,LA COBERTORIA (APD),S,Punto KM,P,EX,AD,43.1300851316824,-5.81602745686899,SI,2
15123,VILLALLANA (APD),S,Punto KM,P,EX,AD,43.1838307551033,-5.81462057371442,SI,2
15202,SANTULLANO (APD),S,Punto KM,P,EX,AD,43.2208568030262,-5.78561168310967,SI,2
15203,MIERES-PUENTE (APD),P,Punto KM,P,EX,AD,43.2500448753146,-5.78223737238171,SI,2
15201,REICASTRO,S,Apartadero,Y,FS,AD,43.2119781415508,-5.78841823237408,SI,2
15206,LA PEREDA-RIOSA (APD),P,Punto KM,P,EX,AD,43.2770463057056,-5.81225395770255,SI,2
15209,LAS SEGADAS (APD),S,Punto KM,P,EX,AD,43.3132255038045,-5.86920023986579,SI,2
15210,EL CALEYO,S,Apeadero,A,EX,AD,43.329021542421,-5.8732832718881,SI,2
15217,LA CORREDORIA (APD),P,Punto KM,P,EX,AD,43.3881961091943,-5.82713809226474,SI,2
78701,TORREBONICA,S,Apartadero,Y,FS,AD,41.5664445602335,2.0484467700158,SI,2
78702,"KM. 338,940 ( CASTELLARNAU )",S,Apartadero,Y,FS,AD,41.5639476848705,2.07545342712743,SI,2
11004,MAGAZ,P,Túnel,T,EX,AD,41.9765747492271,-4.432135425557,SI,3
11007,VILLODRIGO,S,Apeadero,A,EX,AD,42.1468985266806,-4.10621343276413,SI,2
B1111,BIF. ARANDA,S,Bifurcación,B,EX,AD,42.3462738456128,-3.78781674221555,SI,3
11014,BURGOS-ROSA MANZANO,P,Estación,E,EX,AD,42.3709155441124,-3.66621432588169,SI,4
B7171,"KM 671,9",S,Bifurcación,B,EX,AD,41.3371346107409,2.10820888149814,SI,2
71801,BARCELONA-SANTS,P,Estación,E,EX,AV,41.3789611200485,2.13983424131442,SI,6
B7173,"BELLVITGE AGUJA KM. 674,8",S,Bifurcación,B,EX,AD,41.3631375836865,2.11626556824657,SI,3
51415,LAS ALETAS,S,Estación,E,EX,AD,36.5440593214054,-6.19861918443722,SI,3
51407,CORTADURA,S,Túnel,T,EX,AD,36.4943465999022,-6.26826940885375,SI,2
51405,CADIZ,P,Estación,E,EX,AD,36.5293876789998,-6.28852861235379,SI,3
37100,ALGODOR,S,Apeadero,A,EX,AD,39.9142348779954,-3.86296736288015,SI,2
69201,QUART POBLET,S,Fin de línea,F,FS,AD,39.4819110645896,-0.443092996380561,NO,0
61100,ALCANTARILLA (APD),S,Apartadero,Y,FS,AD,37.9721597935288,-1.21575215634458,SI,2
61210,EL REGUERON,S,Túnel,T,EX,AD,37.9874354499664,-1.07206720494734,SI,3
03100,JAEN,P,Estación,E,EX,AD,37.7799174232264,-3.79078792063742,SI,1
56201,LA CALAHORRA-FERREIRA,S,Túnel,T,EX,AD,37.2528665631984,-3.0292071750421,SI,2
56301,FIÑANA,P,Túnel,T,EX,AD,37.1846971611417,-2.83970797739008,SI,2
56306,FUENTE SANTA,S,Túnel,T,EX,AD,37.0443017515965,-2.52482414746323,SI,2
56312,ALMERIA,P,Estación,E,EX,AD,36.8346818887491,-2.45614762882549,SI,1
B5701,BIF. ALMERIA,S,Bifurcación,B,EX,AD,37.4219971268729,-3.31481049618691,SI,3
57006,ALBOLOTE,S,Apeadero,A,EX,AD,37.2339881762019,-3.64703562103857,SI,2
51205,AEROPUERTO DE JEREZ,P,Túnel,T,EX,AD,36.7560127399363,-6.0622242973733,SI,2
16602,CARGADERO DE MUSEL,S,Apartadero,Y,FS,AD,43.5595851144091,-5.68635467209235,SI,1
30211,VILLABRAZARO,S,Fin de línea,F,FS,AD,42.051935918485,-5.7238884241639,NO,0
30206,SANTOVENIA DEL ESLA,S,Fin de línea,F,FS,AD,41.8735007404538,-5.69649155109582,NO,0
30205,GRANJA DE MORERUELA-VILLAFILA,S,Fin de línea,F,FS,AD,41.8318855913262,-5.7042923791435,NO,0
30207,BARCIAL DEL BARCO,S,Fin de línea,F,FS,AD,41.9342727359999,-5.66001504180217,NO,0
30203,PIEDRAHITA DE CASTRO,S,Fin de línea,F,FS,AD,41.6760050246536,-5.72541286304389,NO,0
30213,SALUDES,S,Fin de línea,F,FS,AD,42.1448920747736,-5.76937957573174,NO,0
30215,CEBRONES DEL RIO,S,Fin de línea,F,FS,AD,42.2472890780654,-5.8264235021767,NO,0
77307,URTX-ALP (APD),S,Punto KM,P,EX,AD,42.3764682365543,1.89685937433878,SI,2
20401,GUISAMO (APD),S,Apartadero,Y,FS,AD,43.2920203512008,-8.27011023405219,SI,2
22308,VIGO-GUIXAR,P,Estación,E,EX,AD,42.24027445977,-8.71134877157268,SI,1
C4001,"PK KM. 53,8",S,Cargadero,K,EX,AV,40.5177976739282,-3.21343241380821,SI,2
79304,SANT JORDI DESVALLS (APD),P,Punto KM,P,EX,AD,42.068309085774,2.96466494205434,SI,2
79305,CAMALLERA (APD),P,Punto KM,P,EX,AD,42.1223150952536,2.96537713803847,SI,2
79306,SANT MIQUEL DE FLUVIA,P,Túnel,T,EX,AD,42.1720748308115,2.9895885720857,SI,2
79311,VILAJUIGA (APD),P,Punto KM,P,EX,AD,42.3249791166206,3.08623770992277,SI,2
79312,LLANÇA,P,Estación,E,EX,AD,42.3666627789157,3.1491094465554,SI,2
79406,MONTGAT-NORD (APD),P,Punto KM,P,EX,AD,41.4688068434422,2.28678432888048,SI,2
75105,BALAGUER,P,Túnel,T,EX,CA,41.7891943108441,0.814721081010623,NO,0
67107,CELLA,P,Apeadero,A,EX,AD,40.4553095643806,-1.24478181003421,SI,2
60508,PINILLA,S,Apartadero,Y,FS,AD,39.0589709922778,-1.917868176404,SI,2
10505,EL PINAR ANTEQ.,S,Apartadero,Y,FS,AD,41.5873844987578,-4.7544808819334,SI,2
11003,SOTO DE CERRATO (CGD),S,Apartadero,Y,FS,AD,41.9573558520816,-4.44753640364005,SI,2
11008,LOS BALBASES (APD),S,Apartadero,Y,FS,AD,42.1775681902681,-4.05356474093975,SI,2
B0900,BIF. TORREJON DE VELASCO,S,Bifurcación,B,EX,AV,40.201004745035,-3.74959271426061,SI,4
65004,EL MAGISTRE (CGD),S,Apartadero,Y,FS,AD,39.5186360561704,-0.325094484871065,SI,2
61016,LORQUI-CEUTI,S,Apartadero,Y,FS,AD,38.0854487670107,-1.23893118354377,SI,2
16402,LA ROCICA (APD),S,Punto KM,P,EX,AD,43.5470776092218,-5.90473057140695,SI,2
16407,LA MARUCA CONTENEDORES,S,Estación,E,EX,AD,43.5719962048574,-5.92668334214369,SI,2
16406,LOS CAMPOS (APD),S,Garita,G,EX,AD,43.5905402883497,-5.93248710158441,SI,2
C0427,"KM. 604,166",S,Cargadero,K,EX,AV,41.3824865542122,2.0244992480167,SI,2
30011,BEJAR,S,Fin de línea,F,FS,AD,40.3845615819296,-5.78012981550256,NO,0
30015,FUENTES DE BEJAR,S,Fin de línea,F,FS,AD,40.5059796518344,-5.69054349444742,NO,0
30016,GUIJUELO Y CAMPILLO,S,Fin de línea,F,FS,AD,40.5537078619896,-5.67457319967456,NO,0
30017,PIZARRAL,S,Fin de línea,F,FS,AD,40.6198141031507,-5.65944959084839,NO,0
30018,LA MAYA Y FRESNO,S,Fin de línea,F,FS,AD,40.6941102314775,-5.62003107913321,NO,0
30019,SIETEIGLESIAS DE TORMES,S,Fin de línea,F,FS,AD,40.7429880003142,-5.57751593618024,NO,0
30021,LA MAZA DE ALBA,S,Fin de línea,F,FS,AD,40.86248628656,-5.59080364872729,NO,0
30022,LOS ARAPILES,S,Fin de línea,F,FS,AD,40.8941711858507,-5.62697044091483,NO,0
30003,OLIVA ALMENDRAL,S,Fin de línea,F,FS,AD,40.0844899252154,-6.08558002929731,NO,0
30004,VILLAR DE PLASENCIA,S,Fin de línea,F,FS,AD,40.1442068971685,-6.0431172170125,NO,0
80101,LANDABEN,S,Garita,G,EX,AD,42.8099560114342,-1.69812651951223,SI,2
81008,"KM. 95,2",S,Cargadero,K,EX,AD,42.4624419397117,-2.58881190604315,SI,2
81009,MATAGON,S,Apartadero,Y,FS,AD,42.4693626868627,-2.60184720569158,SI,2
11101,LA VENTILLA,S,Apartadero,Y,FS,AD,42.3529514811836,-3.65523061854706,SI,1
11103,QUINTANAPALLA,S,Apeadero,A,EX,AD,42.400772613063,-3.54047325147556,SI,2
11104,BARRIOS DE COLINA (APD),S,Apartadero,Y,FS,AD,42.4131998508887,-3.44941871117814,SI,2
11106,SANTA OLALLA DE BUREBA,S,Túnel,T,EX,AD,42.4649040621035,-3.44696091241567,SI,2
11110,CALZADA DE BUREBA,S,Túnel,T,EX,AD,42.6230079899085,-3.24612183022455,SI,2
11203,MANZANOS,P,Túnel,T,EX,AD,42.7428650635821,-2.86752090528353,SI,2
11205,NANCLARES-LANGRAIZ,P,Túnel,T,EX,AD,42.8162183157217,-2.80491512225435,SI,2
11209,ESTIVALIZ-OREITIA (APD),S,Apartadero,Y,FS,AD,42.8539789013589,-2.56017312639005,SI,2
11210,ALEGRIA-DULANTZI,P,Túnel,T,EX,AD,42.8488182437227,-2.5146040674374,SI,2
11211,EZKEREKOTXA (APD),S,Apartadero,Y,FS,AD,42.8429744725567,-2.45450068566958,SI,2
11213,ARAIA,P,Apeadero,A,EX,AD,42.8694606461027,-2.30678314649727,SI,2
11215,ZIORDIA (APD),S,Apartadero,Y,FS,AD,42.869422682918,-2.22418823418263,SI,2
11306,LEGAZPI (APD),P,Punto KM,P,EX,AD,43.0510291344051,-2.33059029076871,SI,2
11402,ORMAIZTEGUI (APD),P,Punto KM,P,EX,AD,43.0402615720588,-2.25643805075642,SI,2
81206,GALLUR (APD),P,Punto KM,P,EX,AD,41.8671811392767,-1.32123227144723,SI,2
13002,ZUHATZU,S,Túnel,T,EX,AD,42.8685921336566,-2.89622468539023,SI,2
15116,LINARES-CONGOSTINAS,P,Apeadero,A,EX,AD,43.1016498056393,-5.77220831675826,SI,2
15114,PAJARES,S,Túnel,T,EX,AD,43.0276777323401,-5.77284860074273,SI,2
15204,MIERES,S,Túnel,T,EX,AD,43.2546131419155,-5.78465454587443,SI,2
20002,QUINTANA-RANEROS,P,Túnel,T,EX,AD,42.5501380368009,-5.6379358916914,SI,2
20105,FOLGOSO,S,Túnel,T,EX,AD,42.6304986938511,-6.25147401093853,SI,2
B2021,KM. 253.5,S,Cargadero,K,FS,AD,42.5512037678323,-6.63019970961483,SI,2
15305,VILLABONA-TABLADIELLO (APD),S,Punto KM,P,EX,AD,43.4741446956174,-5.80004898142227,SI,2
16006,BARROS (APD),S,Punto KM,P,EX,AD,43.3178077337605,-5.71093230129715,SI,2
14102,AMUSCO (APD),P,Punto KM,P,EX,AD,42.178179325276,-4.48049713071859,SI,2
14103,PIÑA (APD),P,Punto KM,P,EX,AD,42.211722316438,-4.43458493329086,SI,2
14101,MONZON DE CAMPOS,P,Apeadero,A,EX,AD,42.1055553628014,-4.50168117108214,SI,2
22403,KM. 5.5 (FRONTERA),S,Cargadero,K,EX,AD,42.0379582141496,-8.64892643750032,SI,1
31302,MASIDE,S,Túnel,T,EX,AD,42.4114757763801,-8.00681751666948,SI,2
55024,ALGECIRAS CONTENEDORES,S,Garita,G,EX,AD,36.1263069933822,-5.45012649643318,SI,1
XX003,MERCABARNA,S,Otro,O,EX,AD,41.3288064074897,2.13521647040318,SI,1
20409,A CORUÑA-SAN DIEGO CONTENEDORES,S,Apartadero,Y,FS,AD,43.3564628468763,-8.39497313048666,SI,2
37011,GETAFE - SECTOR 3 (APD),S,Punto KM,P,EX,AD,40.2882379324685,-3.73753638419627,SI,2
20200,PONFERRADA,P,Estación,E,EX,AD,42.5454010084724,-6.60231723978126,SI,3
20204,TORAL DE LOS VADOS,P,Estación,E,EX,AD,42.5410593853899,-6.77661235874011,SI,3
20206,LA BAROSA (APD),S,Apartadero,Y,FS,AD,42.4993844428354,-6.82560473455834,SI,2
20213,A RUA-PETIN,P,Apeadero,A,EX,AD,42.3926608964959,-7.11329593582565,SI,2
B6722,"SAGUNT-AGUJA KM. 268,8.",S,Bifurcación,B,EX,AD,39.6716937540081,-0.280031076442836,SI,3
65200,SAGUNT,P,Estación,E,EX,AD,39.6757590316606,-0.271578468861321,SI,4
00005,PEÑARROYA - PUEBLONUEVO,S,Apeadero,A,EX,AD,38.2919324075736,-5.27450877254534,SI,2
00010,ALHONDIGUILLA-VILLAVICIOSA,S,Estación,E,EX,AD,38.1195893304568,-4.94990541302099,SI,2
37001,VILLAVERDE ALTO,S,Estación,E,EX,AD,40.3415495989789,-3.71156807324621,SI,4
35001,LEGANES,P,Estación,E,EX,AD,40.328877367692,-3.7710248222105,SI,2
35002,FUENLABRADA,P,Estación,E,EX,AD,40.2831532739783,-3.79956859282774,SI,2
35105,TORRIJOS,P,Apeadero,A,EX,AD,39.9789697967947,-4.28309187077062,SI,2
35200,TALAVERA DE LA REINA,P,Estación,E,EX,AD,39.9706408400626,-4.82649293875574,SI,2
70100,VICALVARO,P,Estación,E,EX,AD,40.4012496234791,-3.59589899363304,SI,3
B6100,"CHINCHILLA MONTEAR.AG.KM.298,4",S,Bifurcación,B,EX,AD,38.9049192417433,-1.68953932552436,SI,3
B0862,"BIF. A GRANDEIRA AG. KM. 376,1",S,Bifurcación,B,EX,AD,42.8547888709494,-8.54050287739065,SI,3
10608,VALLADOLID-ARGALES,S,Estación,E,EX,AD,41.6190652954568,-4.74119009584032,SI,1
51418,PUENTE MELCHOR,S,Apartadero,Y,FS,AD,36.5216376964559,-6.16342259021483,SI,2
43005,BENACAZON,P,Túnel,T,EX,AD,37.356910664489,-6.20794642700389,SI,2
14202,REINOSA,P,Estación,E,EX,AD,42.9948431906621,-4.1404986346451,SI,2
20114,PONFERRADA-CLASIFICACION,S,Túnel,T,EX,AD,42.549359986302,-6.61004166183697,SI,1
XX013,BIF. ENSIDESA,S,Otro,O,EX,AD,43.5508602118148,-5.72484277670932,SI,1
XX009,ENSIDESA,S,Otro,O,EX,AD,43.5471584938364,-5.72809496753681,SI,1
16605,PARQUE DE CARBONES DE ABOñO,S,Fin de línea,F,FS,AD,43.5582700872983,-5.71957361272242,NO,0
43022,HUELVA PUERTO,S,Garita,G,EX,AD,37.2005483142915,-6.93367870423897,SI,2
54415,MALAGA-PLAYA (CGD),S,Fin de línea,F,FS,AD,36.7122784086352,-4.42369683573434,NO,0
50709,MAJARABIQUE-ESTACION,S,Estación,E,EX,AD,37.4558443295744,-5.96030602821669,SI,3
B5101,BIF. LOS NARANJOS,S,Bifurcación,B,EX,AD,37.4419572681036,-5.95926016395143,SI,4
61304,TORRE-PACHECO,P,Punto KM,P,EX,AD,37.7469875441164,-0.967039945146096,SI,2
61305,LA PALMA-POZO ESTRECHO,S,Túnel,T,EX,AD,37.6999240003443,-0.977813662827966,SI,2
61306,BARRIO DEL PERAL,S,Apartadero,Y,FS,AD,37.6245969753342,-0.991094727901147,SI,2
06001,LIBRILLA,S,Túnel,T,EX,AD,37.8865254904894,-1.34712257814951,SI,2
06002,ALHAMA DE MURCIA,P,Apeadero,A,EX,AD,37.8493765690777,-1.41449294847543,SI,2
A7111,"MIRAFLORES-AGUJA KM. 345,6",S,Bifurcación,B,EX,AD,41.6235832063048,-0.855207468916274,SI,3
A7110,"LA CARTUJA-AGUJA KM. 351,1",S,Bifurcación,B,EX,AD,41.5957124978813,-0.802817869144382,SI,3
71101,LA CARTUJA,S,Estación,E,EX,AD,41.6008422953634,-0.819761354012356,SI,3
71204,CASPE,P,Estación,E,EX,AD,41.2398381646123,-0.0427284025843205,SI,2
71202,ESCATRON,S,Túnel,T,EX,AD,41.2125671477335,-0.289693443146404,SI,2
71201,SAMPER,P,Apeadero,A,EX,AD,41.1822549074692,-0.368441841809914,SI,2
71200,LA PUEBLA DE HIJAR,P,Túnel,T,EX,AD,41.224378524667,-0.438433679362872,SI,2
70805,ZARAGOZA-PLAZA,S,Estación,E,EX,AD,41.6417389733297,-1.04442842442055,SI,1
78700,TERRASSA ESTACIÓ DEL NORD,P,Estación,E,EX,AD,41.5697752696416,2.01429362061566,SI,2
78706,CERDANYOLA DEL VALLES,S,Estación,E,EX,AD,41.4925357510542,2.14756587658405,SI,3
78800,MONTCADA-BIFURCACIO,S,Túnel,T,EX,AD,41.4705104606348,2.17951228192083,SI,4
77102,LA GARRIGA,S,Túnel,T,EX,AD,41.6845695617911,2.28880719675388,SI,2
B3141,BIF. UXES,S,Bifurcación,B,EX,AD,43.3362085335507,-8.4254099551972,SI,3
23004,PONTEVEDRA,P,Estación,E,EX,AV,42.4216159637588,-8.63588218244467,SI,3
23008,VILAGARCIA DE AROUSA,P,Estación,E,EX,AV,42.6019759843952,-8.76225373039143,SI,3
23011,PADRON,P,Apeadero,A,EX,AD,42.7389844213297,-8.65259776561994,SI,2
31422,CENTRAL TERMICA DE MEIRAMA,S,Apeadero,A,EX,PA,43.1677012011872,-8.41856539620514,SI,1
77200,RIPOLL,S,Estación,E,EX,AD,42.1960354814867,2.19588097210563,SI,2
71901,BARCELONA-CAN TUNIS,S,Estación,E,EX,AD,41.3444411421728,2.12927060083996,SI,4
72211,EL PAPIOL (APD),S,Punto KM,P,EX,AD,41.4353673461454,2.00258511747005,SI,2
79009,EL CLOT,P,Punto KM,P,EX,AD,41.4097990340445,2.18822128807024,SI,3
60300,VILLACAÑAS,P,Túnel,T,EX,AD,39.6220064094956,-3.33035833270349,SI,2
65307,ALCOSEBRE,S,Apartadero,Y,FS,OT,40.2583438530149,0.25507657102212,SI,2
34013,SAN MORALES (APD),P,Punto KM,P,EX,AD,40.9841539710368,-5.4928056410212,SI,2
34014,ALDEALENGUA (APD),P,Punto KM,P,EX,AD,40.9797821990932,-5.55320006696067,SI,2
72206,LAVERN-SUBIRATS (APD),S,Punto KM,P,EX,AD,41.3957300830266,1.76818703230031,SI,2
72208,GELIDA (APD),S,Punto KM,P,EX,AD,41.4484938646716,1.86543014999523,SI,2
72301,SANT FELIU DE LLOBREGAT,S,Túnel,T,EX,AD,41.3829698465685,2.04793733015263,SI,2
72302,SANT JOAN DESPI (APD),S,Punto KM,P,EX,AD,41.3685727062124,2.06019980457859,SI,2
72303,CORNELLA,S,Estación,E,EX,AD,41.3574896361777,2.07054239544371,SI,2
72304,SANT ILDEFONS DE CORNELLA,S,Apartadero,Y,FS,AD,41.3594641265606,2.08485912085613,SI,2
72502,SANT CUGAT COLL FAVÀ,S,Punto KM,P,EX,AD,41.4810479916229,2.07970600063568,SI,2
77301,CAMPDEVANOL (APD),S,Punto KM,P,EX,AD,42.2216112265772,2.16576863201019,SI,2
77302,"KM. 10,865 (AIGÜES DE RIBES )",S,Apartadero,Y,FS,AD,42.2768390588203,2.16119253704641,SI,2
77306,LA MOLINA,S,Túnel,T,EX,AD,42.3445758102397,1.95597896130566,SI,2
77308,"KM. 44,690 ( QUEIXANS )",S,Apartadero,Y,FS,AD,42.3976500755345,1.91480842097966,SI,2
73102,LA SELVA DEL CAMP (APD),P,Punto KM,P,EX,AD,41.2112692489063,1.14396760865293,SI,2
72001,EL MORELL (APD),S,Fin de línea,F,FS,AD,41.1901274814468,1.21204559374312,NO,0
A7203,REPSOL QUIMICA S.A. (CGD),S,Fin de línea,F,FS,AD,41.1927679226967,1.2223829097126,NO,0
67016,VILLAHERMOSA (APD),P,Punto KM,P,EX,AD,41.1085203617508,-1.23983996017811,SI,2
67102,MONREAL DEL CAMPO,S,Apartadero,Y,FS,AD,40.7965711759203,-1.35658333751043,SI,2
67113,MONREAL DEL CAMPO ( APD ),P,Túnel,T,EX,AD,40.7822954542433,-1.36077498372636,SI,2
67103,VILLAFRANCA DEL CAMPO,P,Túnel,T,EX,AD,40.6841204745129,-1.35822807212259,SI,2
67104,ALBA DEL CAMPO,S,Apartadero,Y,FS,AD,40.6083219654531,-1.32831122207302,SI,2
A5040,"ALCOLEA-AGUJA KM.431,9",S,Bifurcación,B,EX,AD,37.9264910804932,-4.68768500979563,SI,3
50417,CAMPUS UNIVERS. DE RABANALES(APD),P,Punto KM,P,EX,AD,37.9125565951508,-4.72068762257929,SI,2
50500,CORDOBA,P,Estación,E,EX,AV,37.8885052149397,-4.7895053632869,SI,5
B5052,BIF. CORDOBA MERCANCIAS,S,Bifurcación,B,EX,AD,37.8812038500277,-4.80615866403854,SI,3
50501,EL HIGUERON,P,Túnel,T,EX,AD,37.8672811184546,-4.85030940551424,SI,3
50506,PALMA DEL RIO,P,Apeadero,A,EX,AD,37.7180680449594,-5.29273376989346,SI,2
50600,LORA DEL RIO,P,Apeadero,A,EX,AD,37.6611075163737,-5.5309669377441,SI,2
51003,SEVILLA-SANTA JUSTA,P,Estación,E,EX,AV,37.392403907102,-5.97483570545934,SI,4
A5100,"LA SALUD-AGUJA KM. 6,2",S,Bifurcación,B,EX,AD,37.3406112564396,-5.96650457128845,SI,3
51101,LA SALUD,S,Estación,E,EX,AD,37.3290698217713,-5.96382717766148,SI,4
51103,DOS HERMANAS,P,Apeadero,A,EX,AD,37.2871797527554,-5.92353667615262,SI,2
51200,UTRERA,P,Apeadero,A,EX,AD,37.1833964313638,-5.78999794664967,SI,2
51203,LEBRIJA,P,Túnel,T,EX,AD,36.9299385120379,-6.0864743429829,SI,2
51300,JEREZ DE LA FRONTERA,P,Estación,E,EX,AD,36.679994085626,-6.12654711044036,SI,2
61302,RIQUELME-SUCINA,S,Túnel,T,EX,AD,37.8960509840243,-0.973288325098496,SI,2
70205,KM. 82.1 (SAN ANTONIO DEL CEREZO),S,Cargadero,K,FS,AD,40.8604124485774,-3.13270252032239,SI,2
A1311,AGUJA DE ENLACE,S,Bifurcación,B,EX,AD,43.2514014859127,-2.93133806997482,SI,3
13200,INTERMODAL ABANDO IND. PRIETO,P,Estación,E,EX,AD,43.260605918313,-2.92760803795981,SI,2
B8000,"BIF. KM.231,5",S,Bifurcación,B,EX,AD,42.8933071811075,-2.16758330437271,SI,3
80003,ETXARRI-ARANATZ,P,Túnel,T,EX,AD,42.9110934848331,-2.07118907137023,SI,2
80100,PAMPLONA,P,Estación,E,EX,AD,42.8249824862432,-1.661442329865,SI,2
17004,TRES CANTOS,S,Túnel,T,EX,AD,40.5985477591684,-3.71555812978213,SI,2
17005,COLMENAR VIEJO,S,Apeadero,A,EX,AD,40.6452248470384,-3.77662927114544,SI,2
60901,CAUDETE,P,Apeadero,A,EX,AD,38.7161293165077,-0.95974551649753,SI,3
60907,NOVELDA-ASPE,P,Apeadero,A,EX,AD,38.4071479695573,-0.777720702736526,SI,2
60908,MONFORTE DEL CID,S,Túnel,T,EX,AD,38.4062637195892,-0.694984577547255,SI,2
60909,AGOST,S,Túnel,T,EX,AD,38.4073711302342,-0.614842834958896,SI,2
62003,CALLOSA DE SEGURA,P,Apeadero,A,EX,AD,38.1226735731148,-0.874399218129878,SI,2
62101,CREVILLENTE,P,Túnel,T,EX,AD,38.2244965131789,-0.781565294504158,SI,2
62102,ELX-CARRUS (APD),P,Punto KM,P,EX,AD,38.2690222944686,-0.706358459450689,SI,2
62103,ELX-PARC,P,Estación,E,EX,AD,38.2718532477108,-0.695069369616857,SI,2
62104,TORRELLANO,P,Túnel,T,EX,AD,38.2895976431637,-0.582505466700959,SI,2
35203,OROPESA DE TOLEDO,P,Túnel,T,EX,AD,39.9217215948239,-5.18616059935763,NO,0
35204,LA CALZADA DE OROPESA,S,Apartadero,Y,FS,AD,39.9069738179182,-5.27273683580009,NO,0
35207,CASATEJADA (APD),P,Punto KM,P,EX,AD,39.8919177569875,-5.67759804553751,SI,2
54518,LOS ALAMOS (APD),S,Punto KM,P,EX,AD,36.6450207844158,-4.48513190717374,SI,2
54508,LA COLINA (APD),S,Punto KM,P,EX,AD,36.6419092984814,-4.49265081308486,SI,2
54509,TORREMOLINOS,S,Estación,E,EX,AD,36.62249695073,-4.49962511932154,SI,2
54519,MONTEMAR ALTO (APD),S,Punto KM,P,EX,AD,36.6136638525533,-4.50942463517514,SI,2
54523,"AGUJA KM. 17,0 (P. B.)",S,Estación,E,EX,AD,36.6113234793565,-4.51301462087368,SI,2
54513,CARVAJAL,S,Punto KM,P,EX,AD,36.5706488565235,-4.59369347491613,SI,2
54514,TORREBLANCA (APD),S,Punto KM,P,EX,AD,36.5648750012513,-4.60667551410712,SI,2
54515,LOS BOLICHES (APD),S,Punto KM,P,EX,AD,36.5546346944613,-4.61457651379011,SI,2
51051,ESTADIO OLIMPICO (APD),S,Punto KM,P,EX,AD,37.4169215819279,-6.00768420186481,SI,2
51009,PALACIO DE CONGRESOS (APD),S,Punto KM,P,EX,AD,37.4036271857082,-5.93652332281956,SI,2
51010,PADRE PIO-PALMETE (APD),S,Punto KM,P,EX,AD,37.3709571870026,-5.93948070190443,SI,2
43003,VILLANUEVA DEL ARISCAL Y OLIVARES,S,Túnel,T,EX,AD,37.4070697270682,-6.14822632520532,SI,2
43004,SANLUCAR LA MAYOR (APD),S,Apartadero,Y,EX,AD,37.3814057327226,-6.19395569888687,SI,2
43006,AZNALCAZAR-PILAS,S,Apeadero,A,EX,AD,37.3142602678957,-6.25882588641979,SI,2
43007,HUEVAR (APD),S,Apartadero,Y,FS,AD,37.3536215893441,-6.28393141227503,SI,2
43008,CARRION DE LOS CESPEDES,P,Apeadero,A,EX,AD,37.3689935078047,-6.33504050804379,SI,2
43013,NIEBLA,S,Apeadero,A,EX,AD,37.3614058619892,-6.66164357236167,SI,2
40114,KM. 165.7,S,Cargadero,K,FS,AD,37.8624314214324,-5.73773848311976,SI,2
40118,ARENILLAS (APD),S,Punto KM,P,EX,AD,37.7012979373243,-5.75071677247299,SI,2
81200,CASTEJON DE EBRO,P,Estación,E,EX,AD,42.1728362606183,-1.69243927057726,SI,3
81105,ALCANADRE,P,Túnel,T,EX,AD,42.4074484071484,-2.12202866980244,SI,2
70705,PLASENCIA DE JALON (APD),P,Punto KM,P,EX,AD,41.6894746424247,-1.23425656944095,SI,2
70707,PINSEQUE (APD),S,Apartadero,Y,FS,AD,41.742488510417,-1.08823466950951,SI,2
70801,UTEBO (APD),P,Punto KM,P,EX,AD,41.7108439184401,-0.998599762693203,SI,2
70806,ZARAGOZA-PORTILLO,P,Estación,E,EX,AD,41.6527616090073,-0.89590964044887,SI,2
78005,VILLANUEVA DE GALLEGO,P,Apeadero,A,EX,AD,41.7656450014084,-0.822166107467999,SI,2
78101,ONTINAR DEL SALZ,S,Apartadero,Y,FS,AD,41.943452475354,-0.737577804750277,SI,2
78201,GRAÑEN,P,Estación,E,EX,AD,41.9379810094089,-0.369300215189211,SI,2
78202,MARCEN-POLIÑINO,S,Túnel,T,EX,AD,41.8819010074376,-0.283595432472493,SI,2
78204,TORMILLO-LASTANOSA,S,Túnel,T,EX,AD,41.848834760532,-0.0376470594965063,SI,2
78205,TERREU,S,Apartadero,Y,FS,AD,41.8513219747237,0.0151346219362132,SI,2
99501,MONTAGUT (CGD.),S,Garita,G,EX,AD,41.630203431317,0.499306864403556,SI,2
03213,REQUENA-UTIEL,P,Estación,E,EX,AV,39.5237281328961,-1.13844782606988,SI,2
B0321,BIF. XATIVA,S,Bifurcación,B,EX,AV,39.4462478851584,-0.417086656273646,SI,2
16701,LA CAMOCHA,S,Apartadero,Y,FS,AD,43.4854313905353,-5.66820285285423,SI,2
23003,FIGUEIRIDO,S,Apartadero,Y,FS,AD,42.3798949821444,-8.63266574495199,SI,2
33005,VILLAR DE LOS ALAMOS,S,Apartadero,Y,FS,AD,40.8689540454128,-6.00772590090504,SI,2
34006,MUÑOGRANDE,S,Apartadero,Y,FS,AD,40.8210987693972,-4.91094546753805,SI,2
37304,EL MADROÑAL-FONTANOSA,S,Apartadero,Y,FS,AD,38.7126786313257,-4.61137246942941,SI,2
74202,PLASENCIA DEL MONTE (APD),P,Depósito,D,EX,AD,42.2051925224654,-0.560911965062482,SI,2
74205,RIGLOS-CONCILIO (APD),P,Punto KM,P,EX,AD,42.3162056797229,-0.727396037371673,SI,2
74206,RIGLOS (APD),P,Punto KM,P,EX,AD,42.344697885098,-0.731712330058014,SI,2
74211,SABIÑANIGO,P,Túnel,T,EX,AD,42.5203486271819,-0.37331550886515,SI,2
74214,CASTIELLO-PUEBLO (APD),P,Punto KM,P,EX,AD,42.625606070738,-0.543939255515248,SI,2
74215,CASTIELLO (APD),S,Apartadero,Y,FS,AD,42.6498909121476,-0.555511263793466,SI,2
74216,VILLANUA (APD),P,Punto KM,P,EX,AD,42.6890781975529,-0.523474228332875,SI,2
75101,ALCOLETGE (APD),P,Punto KM,P,EX,CA,41.654268934091,0.685770622381574,NO,0
75102,VILANOVA DE LA BARCA (APD),P,Punto KM,P,EX,CA,41.6873601876482,0.727914873102143,NO,0
75103,TERMENS (APD),P,Punto KM,P,EX,CA,41.7165276217888,0.763041878574179,NO,0
75104,VALLFOGONA DE BALAGUER (APD),P,Punto KM,P,EX,CA,41.756671677691,0.805850307501166,NO,0
65306,TORREBLANCA,P,Túnel,T,EX,AD,40.2121704776443,0.199007794110138,SI,2
14117,EL CARRION (APD),P,Punto KM,P,EX,AD,42.1167476158667,-4.49584874705366,SI,2
14228,COBEJO,S,Túnel,T,EX,AD,43.1312189410239,-4.06759133541298,SI,2
14209,LAS FRAGUAS,S,Túnel,T,EX,AD,43.1931923049866,-4.0541315305058,SI,2
14237,MURIEDAS-BAHIA (APD),S,Punto KM,P,EX,AD,43.4217142428506,-3.84413442481916,SI,2
14220,MALIAÑO (APD),P,Punto KM,P,EX,AD,43.417420022623,-3.84204479037755,SI,2
14219,BOO,S,Túnel,T,EX,AD,43.4103922090833,-3.84163239784,SI,2
14231,NUEVA MONTAÑA (APD),S,Punto KM,P,EX,AD,43.4447130350464,-3.84719943730566,SI,2
14230,VALDECILLA (APD),P,Punto KM,P,EX,AD,43.4540453872326,-3.82790279858763,SI,2
20007,NISTAL (APD),P,Punto KM,P,EX,AD,42.424435915383,-6.00795416430803,SI,2
20005,VEGUELLINA,P,Túnel,T,EX,AD,42.4335423946123,-5.88760313976587,SI,2
20003,VILLADANGOS,S,Túnel,T,EX,AD,42.5215685964635,-5.74556819894492,SI,2
20006,BARRIENTOS,P,Túnel,T,EX,AD,42.4143274306966,-5.96404800324759,SI,2
20004,SAN MARTIN DEL CAMINO,S,Túnel,T,EX,AD,42.4764922906895,-5.82023617642354,SI,2
30220,ASTORGA CLASIFICACION,S,Apartadero,Y,FS,AD,42.459329784838,-6.04673287235619,SI,2
20104,BRAÑUELAS,P,Túnel,T,EX,AD,42.6325804805342,-6.20107611332568,SI,2
10209,EL PIMPOLLAR (APD),P,Punto KM,P,EX,AD,40.5677016184366,-4.2830505654039,SI,2
10407,ADANERO-MUÑOZ,S,Apartadero,Y,FS,AD,40.9662632595683,-4.63622296834711,SI,2
35108,KM. 110.4 (ILLÁN DE VACAS - CEBOLLA),S,Cargadero,K,FS,AD,39.9681526180738,-4.5596945104869,SI,2
20300,MONFORTE DE LEMOS,P,Estación,E,EX,AD,42.529591346398,-7.50347904359973,SI,3
55017,ALMORAIMA,P,Punto KM,P,EX,AD,36.2767345967462,-5.43010071183032,SI,2
55019,LOS BARRIOS,P,Túnel,T,EX,AD,36.1738779283627,-5.46078235692753,SI,2
01004,PARADAS,S,Apartadero,Y,FS,AD,37.3033035184803,-5.50021671880948,SI,2
01005,MARCHENA,P,Estación,E,EX,AD,37.3342201971977,-5.42544774892278,SI,2
01009,PEDRERA,P,Túnel,T,EX,AD,37.2223664663315,-4.89369985595282,SI,2
05002,ATARFE-SANTA FE,S,Apeadero,A,EX,AD,37.2167872319058,-3.69591877432691,SI,2
05003,SIERRA ELVIRA (APD),S,Apartadero,Y,FS,AD,37.2262734001442,-3.71845089634504,SI,2
41005,CEMENTOS BALBOA (CGD),S,Garita,G,EX,AD,38.3800673744085,-6.48122490822132,SI,2
A0720,CTT FUENCARRAL AV,S,Estación,E,EX,AV,40.4946783657078,-3.67850386636211,SI,1
B4015,BIF. CAMBIADOR PLASENCIA DE JALON,S,Estación,E,EX,AV,41.6760970900999,-1.26300601022927,SI,3
B4042,BIF. CAMBIADOR MIRAFLORES,S,Bifurcación,B,EX,AV,41.6047843896282,-0.83535524513055,SI,2
B7840,BIF. CAMBIADOR LLEIDA,S,Bifurcación,B,EX,AV,41.6100288519688,0.649046797912714,SI,2
73020,CAMBIADOR LLEIDA,S,Fin de línea,F,FS,AV,41.6052130240015,0.650616621805917,NO,0
B3710,"LOS GAVILANES - AGUJA KM. 13,400",S,Bifurcación,B,EX,AV,40.3045584583898,-3.66057586946309,SI,3
C7805,"KM. 40,0",S,Cargadero,K,EX,AV,41.9816877948351,-0.68267461393916,SI,2
74199,HUESCA - CAMBIADOR DE ANCHO,S,Fin de línea,F,FS,AV,42.1267792938202,-0.411571460006697,NO,0
71706,GAVA,S,Estación,E,EX,AD,41.3033672448889,2.01048967425613,SI,2
71709,VILADECANS (APD),S,Punto KM,P,EX,AD,41.309433709082,2.02741024568118,SI,2
84001,KM. 8.4 (NIÑO DE MEDINACELI),S,Cargadero,K,FS,AD,41.1905676655668,-2.50949385328311,SI,2
83005,VILLAR DEL CAMPO,S,Fin de línea,F,FS,AD,41.7961910457959,-2.1230929165986,NO,0
74208,ANZANIGO (APD),P,Punto KM,P,EX,AD,42.4033374236912,-0.643064666997639,SI,2
74209,CALDEARENAS-AQUILUE (APD),P,Punto KM,P,EX,AD,42.3978992081957,-0.499451555087264,SI,2
75106,GERB (APD),P,Punto KM,P,EX,CA,41.8233177999893,0.812045339900274,NO,0
67201,CAPARRATES,S,Túnel,T,EX,AD,40.3314325590609,-1.03367356272916,SI,2
60407,GANGUERAS,S,Apartadero,Y,FS,AD,39.2800937986129,-2.70275978679385,SI,2
65014,VINIVAL,S,Apartadero,Y,FS,AD,39.4835253868052,-0.332197384032935,SI,2
61010,PUERTO HERRADO,S,Fin de línea,F,FS,AD,38.2767290449438,-1.56776720677271,NO,0
61019,SANTA BARBARA DEL SEGURA,S,Apartadero,Y,FS,AD,37.9910568028117,-1.21942589741258,SI,2
14114,AGUILAR DE CAMPOO,P,Túnel,T,EX,AD,42.7853160197464,-4.23382369568593,SI,2
14111,HERRERA DE PISUERGA,P,Apeadero,A,EX,AD,42.5986513791399,-4.3165279182488,SI,2
14108,ESPINOSA DE VILLAGONZALO (APD),P,Punto KM,P,EX,AD,42.4789480991278,-4.37447730136602,SI,2
14110,SAN CRISTOBAL DE BOEDO (APD),S,Apartadero,Y,FS,AD,42.5422254157431,-4.35737437412817,SI,2
73100,LA PLANA-PICAMOIXONS,P,Túnel,T,EX,AD,41.3060957718526,1.19492901418267,SI,3
72100,RODA DE BARA,P,Estación,E,EX,AD,41.1839277347425,1.44010964619004,SI,3
71600,SANT VICENÇ DE CALDERS,P,Estación,E,EX,AD,41.186152043868,1.52465591222352,SI,4
71603,CUNIT,S,Túnel,T,EX,AD,41.1949929759407,1.6319203421041,SI,2
71700,VILANOVA I LA GELTRU,P,Estación,E,EX,AD,41.2202976267599,1.73080472515291,SI,2
71701,SITGES,S,Estación,E,EX,AD,41.2390398076842,1.80970303579953,SI,2
51111,BELLAVISTA (APD),P,Punto KM,P,EX,AD,37.3215124829265,-5.96433957861883,SI,2
51413,PUERTO DE SANTA Mõ CONTENEDORES,S,Apartadero,Y,FS,AD,36.591534861427,-6.21933585971076,SI,2
56102,FONELAS,S,Túnel,T,EX,AD,37.3629140124734,-3.18492881844149,SI,2
56103,BENALUA DE GUADIX (APD),P,Punto KM,P,EX,AD,37.3452958273746,-3.16314415361932,SI,2
56302,ABLA Y ABRUCENA,S,Túnel,T,EX,AD,37.167489000097,-2.78397565510247,SI,2
56303,DOÑA MARIA DE OCAÑA,S,Túnel,T,EX,AD,37.1437225950825,-2.69105214858197,SI,2
71402,LA CANONJA,S,Apartadero,Y,FS,AD,41.1113698212582,1.1835387061741,SI,2
B4300,BIF. MOLLET,S,Bifurcación,B,EX,AV,41.5298673227555,2.21925393710626,SI,3
79001,"KM. 641,5 (BIFURCACIÓN CLOT)",S,Cargadero,K,EX,AV,41.537242346145,2.22576541395363,SI,2
B6040,PUESTO DE BLOQUEO ARENALES,S,Estación,E,EX,AD,39.3599637648226,-3.04113847790907,SI,2
60404,RIO ZANCARA,S,Túnel,T,EX,AD,39.3347962472113,-2.95186390289079,SI,2
60503,MINAYA,P,Túnel,T,EX,AD,39.2407168429486,-2.34848613232846,SI,2
60501,PERALTA,S,Apartadero,Y,FS,AD,39.2640073372572,-2.53078902703376,SI,2
60502,MATAS VERDES,S,Apartadero,Y,FS,AD,39.2574980289379,-2.44528608396041,SI,2
60504,SANTA MARTA,S,Apartadero,Y,FS,AD,39.2247313165051,-2.25670286324723,SI,2
60507,LA GINETA,P,Apeadero,A,EX,AD,39.1117005196632,-2.00028440737947,SI,2
60506,HOYA DEL POZO,S,Apartadero,Y,FS,AD,39.1490377541081,-2.08794740548142,SI,2
60601,LA LOSILLA,S,Fin de línea,F,FS,AD,38.954082037647,-1.78518244353514,NO,0
60705,ALPERA,S,Túnel,T,EX,AD,38.9399166486959,-1.25299876071293,SI,2
04044,EL BURGO DE EBRO-A.V.,S,Estación,E,EX,AV,41.5521003467068,-0.755333206146134,SI,2
62100,SAN ISIDRO-ALBATERA-CATRAL,P,Túnel,T,EX,AD,38.1669998616363,-0.838091567582035,SI,2
62109,SANT GABRIEL,P,Túnel,T,EX,AD,38.3290482365322,-0.508730710004576,SI,3
64006,L ALCUDIA,S,Túnel,T,EX,AD,38.969051758453,-0.586422934337706,SI,2
69008,ONTINYENT,P,Túnel,T,EX,AD,38.8095090953504,-0.602622528430095,SI,2
69011,ALCOI,P,Apeadero,A,EX,AD,38.709475597886,-0.470277637308077,SI,1
69104,CULLERA,S,Túnel,T,EX,AD,39.1778335329306,-0.263250823625306,SI,2
69108,GANDIA-MERCADERIES,S,Apeadero,A,EX,AD,38.9834836082476,-0.181017830896715,SI,3
69111,PLATJA I GRAU DE GANDIA (APD),S,Punto KM,P,EX,AD,38.9902108790244,-0.16245056598165,SI,2
69109,GANDIA PORT,S,Apeadero,A,EX,AD,38.9930728723721,-0.158041818274471,SI,1
B1511,BIF. GALICIA,S,Bifurcación,B,EX,AD,42.5979858809354,-5.59948343466793,SI,3
15400,VERIÑA,P,Apeadero,A,EX,AD,43.5415832331111,-5.72278946396363,SI,5
54501,VICTORIA KENT (APD),P,Punto KM,P,EX,AD,36.70122906859,-4.45425959251528,SI,2
05000,GRANADA,P,Estación,E,EX,AV,37.1839998855654,-3.60913612993463,SI,2
50507,PEÑAFLOR,P,Túnel,T,EX,AD,37.7075062067965,-5.34163863328333,SI,2
50602,GUADAJOZ (APD),S,Punto KM,P,EX,AD,37.5813778102912,-5.66988607977698,SI,2
50701,CANTILLANA (APD),S,Punto KM,P,EX,AD,37.5748897910549,-5.80319203613645,SI,2
50702,BRENES,S,Estación,E,EX,AD,37.5462475280967,-5.86680087155842,SI,2
50703,LA RINCONADA (APD),S,Punto KM,P,EX,AD,37.4800328076789,-5.94005895492037,SI,2
51100,SAN BERNARDO  (APD),P,Punto KM,P,EX,AD,37.3775179963768,-5.97953933513598,SI,2
51110,VIRGEN DEL ROCIO (APD),P,Punto KM,P,EX,AD,37.3628242967432,-5.97599204189495,SI,2
51112,CANTAELGALLO (APD),S,Punto KM,P,EX,AD,37.2784401564907,-5.91071323488459,SI,2
51104,DON RODRIGO,S,Apartadero,Y,FS,AD,37.233922168397,-5.8484743060725,SI,2
51204,EL CUERVO,S,Apartadero,Y,FS,AD,36.833730424888,-6.06663288026912,SI,2
51207,JEREZ DE LA FRONTERA - MERCANCIAS,S,Apeadero,A,EX,AD,36.7209266972216,-6.0934988441201,SI,2
51417,VALDELAGRANA (APD),S,Punto KM,P,EX,AD,36.5846401146757,-6.21623000256668,SI,2
51401,PUERTO REAL (APD),P,Punto KM,P,EX,AD,36.5327277106266,-6.18943161358624,SI,2
51402,SAN FERNANDO-CENTRO (APD),S,Punto KM,P,EX,AD,36.4758287693231,-6.1940114412756,SI,2
51406,SAN FERNANDO-BAHIA SUR,P,Túnel,T,EX,AD,36.4679781616028,-6.2067438213214,SI,2
51409,ESTADIO (APD),P,Punto KM,P,EX,AD,36.5030898318458,-6.27214044601321,SI,2
51404,SEGUNDA AGUADA (APD),P,Punto KM,P,EX,AD,36.5136420440507,-6.27705198416142,SI,2
51414,SAN SEVERIANO (APD),S,Punto KM,P,EX,AD,36.5213151491814,-6.28059681041258,SI,2
51403,TORREGORDA,S,Apartadero,Y,FS,AD,36.4609342344272,-6.24857503068719,SI,2
56001,TORREBLASCOPEDRO (APD),S,Apartadero,Y,FS,AD,37.9971435029197,-3.61962612427906,SI,2
56002,BEGIJAR,S,Túnel,T,EX,AD,37.9555666116946,-3.53544112143842,SI,2
56004,JODAR-UBEDA,P,Túnel,T,EX,AD,37.9133409751501,-3.35018632599829,SI,2
56007,LARVA,S,Túnel,T,EX,AD,37.7771227262946,-3.23167022860834,SI,2
42008,JABUGO-GALAROZA,P,Apeadero,A,EX,AD,37.9279548149329,-6.77304442864878,SI,2
42012,VALDELAMUSA,P,Apeadero,A,EX,AD,37.7871247093668,-6.87373067466033,SI,2
42020,GIBRALEON,P,Apeadero,A,EX,AD,37.3679113663781,-6.96232238436878,SI,2
70804,RIO HUERVA,S,Túnel,T,EX,AD,41.6034079858817,-0.88918793139444,SI,2
42016,LOS MILANOS (APD),P,Punto KM,P,EX,AD,37.5861858443314,-6.91984550673822,SI,2
79404,BADALONA,P,Estación,E,EX,AD,41.4458647652678,2.24894384554453,SI,2
11009,VILLAQUIRAN,P,Túnel,T,EX,AD,42.2156295416065,-3.99954342046459,SI,2
81107,LODOSA,S,Estación,E,EX,AD,42.3806584126724,-2.07107650998539,SI,2
04103,ALCOVER-A. V.,S,Estación,E,EX,AV,41.2687825176352,1.1872915618012,SI,2
60400,ALCAZAR DE SAN JUAN,P,Estación,E,EX,AD,39.3959734616282,-3.20544131820133,SI,4
60406,SOCUELLAMOS,P,Estación,E,EX,AD,39.2787584174259,-2.77548806733276,SI,2
60500,VILLARROBLEDO,P,Estación,E,EX,AD,39.2608294204279,-2.59851254557766,SI,2
60505,LA RODA DE ALBACETE,P,Estación,E,EX,AD,39.1993807003068,-2.16286371498506,SI,2
60600,ALBACETE - LOS LLANOS,P,Estación,E,EX,AV,38.9997756670939,-1.84823860189732,SI,5
60700,CHINCHILLA,S,Fin de línea,F,FS,AD,38.8974849480461,-1.72612328816664,NO,0
60900,LA ENCINA,P,Apeadero,A,EX,AD,38.7653915985575,-0.954272707294679,SI,3
B4104,BIF. CAN TUNIS-A. V.,S,Bifurcación,B,EX,AV,41.3455180613028,2.11473496087651,SI,3
04031,BIF. CAMBIADOR ZARAGOZA-DELICIAS,S,Estación,E,EX,AV,41.666218181408,-0.925414298077046,SI,3
B4041,BIF. HUESCA,S,Estación,E,EX,AV,41.6327339404172,-0.868020635043602,SI,3
84103,TARDELCUENDE (APD),P,Punto KM,P,EX,AD,41.593521571832,-2.63937062082171,SI,2
84104,QUINTANA REDONDA (APD),P,Punto KM,P,EX,AD,41.6396499370326,-2.60963813455148,SI,2
37601,LA GARROVILLA,S,Estación,E,EX,AD,38.9156052438378,-6.47239325747089,SI,2
37603,MONTIJO,P,Estación,E,EX,AD,38.9135162415012,-6.59856266519564,SI,4
00017,LOS PRADILLOS,S,Estación,E,EX,AD,37.9192343956757,-4.767574311649,SI,2
00018,MIRABUENO,S,Estación,E,EX,AD,37.9148909623569,-4.77342889441022,SI,1
A5031,"ESPELUY-AGUJA KM. 340,1",S,Bifurcación,B,EX,AD,38.0065269528288,-3.82278429950968,SI,3
69005,BUFALI (APD),P,Punto KM,P,EX,AD,38.8674286134047,-0.51048881563243,SI,2
17208,SARRACIN,S,Punto KM,P,EX,AD,42.2504423343909,-3.70540995815719,SI,2
18001,MADRID-RECOLETOS,P,Punto KM,P,EX,AD,40.422536330993,-3.69192149180388,SI,2
18002,MADRID-NUEVOS MINISTERIOS,P,Estación,E,EX,AD,40.4466187555436,-3.69064465705918,SI,2
18103,MADRID-NUEVOS MINISTERIOS,S,Apartadero,Y,FS,AD,40.4470578469912,-3.69137258657132,SI,2
19002,VALDELASFUENTES (APD),S,Punto KM,P,EX,AD,40.5474552683662,-3.65413550810226,SI,2
65212,SAGUNT MERCADERIES,S,Otro,O,EX,AD,39.66527138922,-0.2695212568391,SI,2
19001,UNIVERSIDAD PONTIFICIA DE COMILLAS (A,S,Punto KM,P,EX,AD,40.5539774134239,-3.68370543253046,SI,2
74101,VICIEN,S,Fin de línea,F,FS,AD,42.0548563172363,-0.445255670121709,NO,0
03201,VALDEMORO-A. V.,S,Estación,E,EX,AV,40.1478441289742,-3.70517476544215,SI,2
03204,SANTA CRUZ DE LA ZARZA-A. V.,S,Estación,E,EX,AV,39.9739293481237,-3.16145431152643,SI,2
03208,CUENCA - FERNANDO ZOBEL,P,Estación,E,EX,AV,40.0329788135383,-2.14138709054357,SI,2
A6060,"ALBACETE-AGUJA KM. 279,4",S,Bifurcación,B,EX,AD,38.9942395507855,-1.84196774744527,SI,3
70109,SANTA EUGENIA (APD),P,Punto KM,P,EX,AD,40.386938170802,-3.60895821786828,SI,2
04107,VILLAFRANCA DEL PENEDES-A. V.,S,Estación,E,EX,AV,41.3585134456551,1.71522465788966,SI,2
04108,GELIDA-A.V.,S,Estación,E,EX,AV,41.4427070945596,1.83322379994405,SI,2
08000,TRES CANTOS-A.V.,S,Estación,E,EX,AV,40.6247708049851,-3.72521749621302,SI,2
08001,SOTO DEL REAL-A.V.,S,Estación,E,EX,AV,40.7634459623714,-3.75917591010576,SI,2
08005,GARCILLAN,S,Estación,E,EX,AV,40.9923852825537,-4.27559864981021,SI,2
08006,NAVA DE LA ASUNCION-A.V.,S,Estación,E,EX,AV,41.1253975570052,-4.43822704501564,SI,2
08007,OLMEDO-A.V.,S,Estación,E,EX,AV,41.26840787649,-4.67258339798808,SI,2
08008,HORNILLOS,S,Estación,E,EX,AV,41.3530856315775,-4.7599788790524,SI,2
42021,PEGUERILLAS (APD),S,Apartadero,Y,FS,AD,37.3289358594459,-6.94785000730369,SI,2
79501,S. ANDREU DE LLAVANERES (APD),P,Punto KM,P,EX,AD,41.5555322455073,2.49826313917531,SI,2
79502,CALDES DESTRAC (APD),P,Punto KM,P,EX,AD,41.5684873547224,2.52597688378444,SI,2
79601,CANET DE MAR,P,Túnel,T,EX,AD,41.5866787055966,2.58133499581936,SI,2
79602,SANT POL DE MAR,P,Túnel,T,EX,AD,41.6017370580965,2.62460960682356,SI,2
79604,PINEDA DE MAR,P,Túnel,T,EX,AD,41.6224068733685,2.69359736776172,SI,2
79605,MALGRAT DE MAR,P,Estación,E,EX,AD,41.6417418483121,2.74151727983158,SI,2
80004,LAKUNTZA (APD),S,Apartadero,Y,FS,AD,42.927310437814,-2.02582983784471,SI,2
77304,PLANOLES,S,Túnel,T,EX,AD,42.3143452483967,2.09984189842356,SI,2
77303,RIBES DE FRESER,S,Túnel,T,EX,AD,42.2986748803105,2.16543637077162,SI,2
22401,TUI,P,Estación,E,EX,AD,42.0565799231279,-8.64302814475868,SI,2
22402,VALENCA DO MINHO,P,Estación,E,EX,OT,42.0247782518813,-8.63955557470701,NO,0
31006,TORO,P,Apeadero,A,EX,AD,41.5118236741763,-5.38333244470227,SI,2
31200,PUEBLA DE SANABRIA,P,Apeadero,A,EX,AD,42.0456407932735,-6.62664950882082,SI,2
31208,LAZA-CERDEDELO,S,Apeadero,A,EX,AD,42.0879605285879,-7.40386767124047,SI,2
31214,TABOADELA,S,Apeadero,A,EX,AD,42.2654391461525,-7.83179060746861,SI,2
31215,OURENSE-SAN FRANCISCO (APD),P,Punto KM,P,EX,AD,42.3326915350604,-7.86090362429256,SI,2
31306,O IRIXO,P,Túnel,T,EX,AD,42.5196445470407,-8.10503821375854,SI,2
31312,VEDRA-RIVADULLA,S,Túnel,T,EX,AD,42.7766398018197,-8.42815293020134,SI,2
31400,SANTIAGO DE COMPOSTELA,P,Estación,E,EX,AV,42.8707877836997,-8.54471161629943,SI,3
B7181,BIF. ARAGO,S,Bifurcación,B,EX,AD,41.3992747868716,2.1743382926967,SI,3
B7182,BIF. CLOT,S,Fin de línea,F,FS,AD,41.3985692597794,2.18744441018167,NO,0
60800,ALMANSA,P,Estación,E,EX,AD,38.8677850196671,-1.10546322686481,SI,2
B6091,"LA ENCINA AGUJA KM. 2,963",S,Bifurcación,B,EX,AD,38.7591731720803,-0.926529049989757,SI,3
64001,LA FONT DE LA FIGUERA,S,Fin de línea,F,FS,AD,38.8302792841757,-0.849014223881252,NO,0
64003,MOIXENT,S,Túnel,T,EX,AD,38.8776122216785,-0.753722091092364,SI,1
66006,TARANCON,P,Apeadero,A,EX,AD,40.0064916264495,-3.00976199445958,SI,1
66011,HUETE,P,Fin de línea,F,FS,AD,40.1467561386727,-2.6817720500887,NO,0
66100,CUENCA,P,Fin de línea,F,FS,AD,40.0673100372755,-2.13649378666539,NO,0
66112,CAMPORROBLES,P,Fin de línea,F,FS,AD,39.6448154543702,-1.40280792281343,NO,0
66104,CARBONERAS DE GUADAZAON,P,Fin de línea,F,FS,AD,39.9001778783243,-1.80685823917118,NO,0
66206,BUÑOL,S,Apeadero,A,EX,AD,39.4270950123092,-0.787399248093691,SI,2
80103,NOAIN,S,Estación,E,EX,AD,42.7548009544512,-1.63602929544841,SI,2
80108,TAFALLA,P,Estación,E,EX,AD,42.5257230031105,-1.67138994851392,SI,2
B1320,BIFURCACION LA CASILLA,S,Bifurcación,B,EX,AD,43.2635670887672,-2.95140605515451,SI,3
13303,OLABEAGA,S,Estación,E,EX,AD,43.264083989577,-2.95490256065279,SI,2
56008,HUESA,S,Túnel,T,EX,AD,37.7170928463891,-3.1870341464818,SI,2
56009,CABRA DEL SANTO CRISTO Y ALICUN,P,Túnel,T,EX,AD,37.6567254927278,-3.26253294358467,SI,2
56011,ALAMEDILLA Y GUADAHORTUNA,S,Túnel,T,EX,AD,37.5803513334688,-3.30291988841208,SI,2
56012,PEDRO MARTINEZ,S,Apeadero,A,EX,AD,37.5086289479089,-3.32066106160357,SI,2
56101,HUELAGO-DARRO Y DIEZMA,S,Túnel,T,EX,AD,37.40537533059,-3.25073120367143,SI,2
56305,GERGAL,P,Túnel,T,EX,AD,37.1088505089467,-2.59150876294934,SI,2
67111,ALMOHAJA,S,Túnel,T,FS,AD,40.6040458899758,-1.44797927549315,NO,0
67401,MASAMAGRELL,S,Apartadero,Y,FS,AD,39.5704377638128,-0.332913112263991,SI,2
67402,ALBORAYA,S,Apartadero,Y,FS,AD,39.4992476047017,-0.346720447977677,SI,2
70301,CUTAMILLA,S,Apartadero,Y,FS,AD,41.0088336528127,-2.71416422833075,SI,2
70402,KM. 175.0 (JUBERA),S,Cargadero,K,FS,AD,41.1964254567956,-2.34029445072608,SI,2
71107,VELILLA DE EBRO,S,Apartadero,Y,FS,AD,41.3625176073764,-0.447270942185188,SI,2
03203,VILLARRUBIA DE SANTIAGO-A. V.,S,Estación,E,EX,AV,39.9533769042666,-3.37831810397473,SI,2
03300,POZORRUBIELOS,S,Estación,E,EX,AV,39.4841279284796,-1.98554586487074,SI,2
03302,LA GINETA-A. V.,S,Estación,E,EX,AV,39.0923484925201,-1.94573031933612,SI,2
A7220,CASTELLBISBAL-AGUJAS RUBI,S,Bifurcación,B,EX,AD,41.4532716483576,1.98237545972924,SI,3
79013,"P.K.643,0 ( MONTMELO-AG.KM.127,4 )",S,Cargadero,K,EX,AV,41.5469112181571,2.23749350784572,SI,2
79012,LA LLAGOSTA MERCADERIES,S,Cargadero,K,EX,AV,41.5529839743302,2.25573751460194,SI,2
07003,JARAVIA (APD),S,Punto KM,P,EX,AD,37.3924297717515,-1.69303198250774,SI,2
65411,SALOU-PORT AVENTURA,P,Estación,E,EX,AD,41.088464559728,1.14599152358606,SI,1
A6541,"AGUJA CLASIF. KM. 272,0.",S,Bifurcación,B,EX,AD,41.1079192939747,1.211330132261,SI,3
04015,MEDINACELI-A.V.,S,Estación,E,EX,AV,41.1201946257924,-2.34930555451858,SI,2
12023,LOS COTOS,P,Túnel,T,EX,AD,40.8222649046583,-3.9645325758985,SI,1
12020,PUERTO DE NAVACERRADA,P,Túnel,T,EX,AD,40.7844441505355,-4.00474863424621,SI,2
32003,FRESNO EL VIEJO (APD),P,Punto KM,P,EX,AD,41.1913731406613,-5.13798664599838,SI,2
11013,BURGOS-HUELGAS,S,Apartadero,Y,FS,AD,42.3370829373158,-3.72925114922722,SI,2
35104,RIELVES,S,Apartadero,Y,FS,AD,39.9650555851382,-4.20401267342856,SI,2
35106,SANTA OLALLA-CARMENA,S,Apartadero,Y,FS,AD,39.9629168569643,-4.42110997487647,SI,2
20305,SARRIA,P,Apeadero,A,EX,AD,42.7840754863816,-7.41889123279086,SI,2
05004,PINOS PUENTE,S,Túnel,T,EX,AD,37.2472877953411,-3.75605077143404,SI,2
05009,TOCON-MONTEFRIO,S,Túnel,T,EX,AD,37.2329944679347,-3.96314678431776,SI,2
05010,VILLANUEVA-MESIA,S,Apartadero,Y,FS,AD,37.2183436335233,-4.01561027933387,SI,2
05011,HUETOR-TAJAR,S,Apartadero,Y,FS,AD,37.2039734580061,-4.05930931721848,SI,2
05012,LOJA,P,Estación,E,EX,AV,37.1750611345211,-4.13497465599155,SI,2
05016,ARCHIDONA,S,Túnel,T,EX,AD,37.1340545905441,-4.42611680338863,SI,2
37805,CAMBIADOR MAJARABIQUE,S,Cruce,C,EX,AV,37.4535055890082,-5.96069365296958,SI,3
B5109,BIF. LA NEGRILLA,S,Bifurcación,B,EX,AD,37.4169932311312,-5.94545054796654,SI,3
51005,LA NEGRILLA,S,Estación,E,EX,AD,37.3785004364828,-5.93570849157637,SI,3
A5101,"LA SALUD-AGUJA KM. 10,2",S,Bifurcación,B,EX,AD,37.3402536474573,-5.95932352574377,SI,3
51050,CARTUJA,S,Túnel,T,EX,AD,37.4074566574704,-6.01007885787783,SI,1
51107,PUERTO DE SEVILLA (CGD),S,Garita,G,EX,OT,37.3623123961163,-5.99133341748745,SI,1
40100,ZAFRA,P,Estación,E,EX,AD,38.4138726653217,-6.40542913256598,SI,4
42005,FREGENAL DE LA SIERRA,P,Apeadero,A,EX,AD,38.1676869159114,-6.6377993549396,SI,2
10501,POZALDEZ,P,Túnel,T,EX,AD,41.3676893462101,-4.83573198635233,SI,2
10502,MATAPOZUELOS (APD),P,Punto KM,P,EX,AD,41.4219011381176,-4.80140211941802,SI,2
35400,CACERES,P,Estación,E,EX,AV,39.4611529516738,-6.38568140949352,SI,3
35406,VALENCIA DE ALCANTARA,P,Estación,E,EX,AD,39.4268935128801,-7.23069914716867,SI,2
37012,PARLA,S,Estación,E,EX,AD,40.2408368404386,-3.76941328755481,SI,1
60910,SAN VICENTE DE RASPEIG,S,Túnel,T,EX,AD,38.3978782910741,-0.534706319770714,SI,2
15002,KM. 11.2,S,Cargadero,K,FS,AD,42.0861449874001,-4.62687179704684,SI,2
61017,ALGUAZAS-MOLINA,S,Túnel,T,EX,AD,38.0515995964062,-1.2452569995236,SI,2
61308,CARTAGENA-PUERTO,S,Fin de línea,F,FS,AD,37.5971278602477,-0.972936718938417,NO,0
65009,GRAO DE VALENCIA,S,Fin de línea,F,FS,AD,39.4583405650741,-0.332385366688056,NO,0
01001,EL SORBITO,S,Túnel,T,EX,AD,37.2073347360525,-5.70672087054409,SI,2
01003,ARAHAL,P,Túnel,T,EX,AD,37.2681352651694,-5.54839176688022,SI,2
01007,OSUNA,P,Estación,E,EX,AD,37.2337882871239,-5.11484699541291,SI,2
54301,FUENTE DE PIEDRA,S,Apeadero,A,EX,AD,37.1353112211676,-4.73795600181181,SI,4
05013,LOJA-SAN FRANCISCO (APD),P,Apartadero,Y,FS,AD,37.1749658578159,-4.14954851290159,SI,2
05015,SALINAS-VILLANUEVA DE TAPIA,S,Túnel,T,EX,AD,37.1229935976674,-4.29752155927894,SI,2
05019,ANTEQUERA,P,Apeadero,A,EX,AD,37.0281674815212,-4.56092397804917,SI,1
02020,CAMBIADOR ANTEQUERA,S,Cruce,C,EX,AV,37.0665148312473,-4.72045243559479,SI,2
50512,CORDOBA-MERCANCIAS,S,Estación,E,EX,AD,37.8759767463012,-4.82165745573253,SI,4
A5050,"AGUJA KM. 1,337",S,Bifurcación,B,EX,AD,37.8715110236215,-4.8358812822486,SI,2
54100,VALCHILLON,S,Túnel,T,EX,AD,37.8364988951145,-4.8325581663396,SI,2
54201,PUENTE GENIL,S,Estación,E,EX,AD,37.3960122834807,-4.75298687768791,SI,2
85200,ARANDA DE DUERO-CHELVA(CGD.),S,Fin de línea,F,FS,AD,41.6549896356886,-3.6875320428095,NO,0
11604,CAMBIADOR IRUN,S,Fin de línea,F,FS,AD,43.3489127194246,-1.7883867909541,NO,0
B1051,BIF. LINEA MADRID-HENDAYA,S,Bifurcación,B,EX,AD,41.6385305693844,-4.73332830646968,SI,2
85214,LA CARRERA (CGD),S,Garita,G,EX,AD,41.5958790624322,-4.71819604042771,SI,1
12006,CERCEDILLA,P,Túnel,T,EX,AD,40.7374871277599,-4.06647004457736,SI,3
12007,TABLADA,P,Túnel,T,EX,AD,40.7056437841402,-4.12538525298794,SI,2
12100,SEGOVIA,P,Estación,E,EX,AD,40.9342240718932,-4.11350444487436,SI,1
54409,LOS REMEDIOS,S,Apartadero,Y,FS,AD,36.7218404842994,-4.58165373731866,SI,2
71601,CALAFELL (APD),S,Punto KM,P,EX,AD,41.1895928789616,1.57503443995035,SI,2
71604,CUBELLES (APD),S,Punto KM,P,EX,AD,41.2042575839885,1.67598944827618,SI,2
71702,VALLCARCA,S,Apartadero,Y,FS,AD,41.2405504480338,1.86116474169072,SI,2
71703,GARRAF,S,Apeadero,A,EX,AD,41.25446683683,1.90255208932231,SI,2
71704,PLATJA DE CASTELLDEFELS (APD),S,Punto KM,P,EX,AD,41.2669567301817,1.95712948452725,SI,2
13107,ARETA (APD),S,Punto KM,P,EX,AD,43.1451046803939,-2.94339950629123,SI,2
13111,ARRIGORRIAGA,S,Estación,E,EX,AD,43.2100697842544,-2.88855005355834,SI,2
80106,GARINOAIN,S,Apeadero,A,EX,AD,42.5988884164736,-1.65010708895821,SI,2
98303,BARAJAS-HANGARES (APD),S,Fin de línea,F,FS,AD,40.4779077835045,-3.5774678737068,NO,0
20323,LUGO MERCANCIAS,S,Apeadero,A,EX,AD,43.0476112960218,-7.55603580527161,SI,2
10503,VALDESTILLAS,P,Túnel,T,EX,AD,41.4887107409601,-4.77292857973462,SI,3
B0801,KM 250,S,Cargadero,K,EX,AD,41.6501797348455,-4.71108962368671,SI,2
10604,CUBILLAS DE SANTA MARTA (APD),P,Punto KM,P,EX,AD,41.8090210934658,-4.5796091804198,SI,2
03216,VALENCIA-JOAQUIN SOROLLA,P,Estación,E,EX,AV,39.4598558762468,-0.382300972232408,SI,3
11111,PANCORBO,P,Túnel,T,EX,AD,42.6302607400453,-3.11299804444951,SI,2
11112,BUJEDO,S,Garita,G,EX,AD,42.6490750195908,-3.01353123485281,SI,2
B1110,BIF. RIOJA,S,Bifurcación,B,EX,AD,42.6842945011821,-2.96374111271433,SI,3
11200,MIRANDA DE EBRO,P,Estación,E,EX,AD,42.6907539972452,-2.94110972517933,SI,4
11221,JUNDIZ,S,Apeadero,A,EX,AD,42.8512702651551,-2.7459108871704,SI,2
11208,VITORIA-GASTEIZ,P,Estación,E,EX,AD,42.8414721202784,-2.67264311733372,SI,2
B7511,BIF. A VILANOVETA,S,Bifurcación,B,EX,AD,41.6212436203009,0.650953785709822,SI,1
78401,PLA DE VILANOVETA,S,Apartadero,Y,FS,AD,41.6166031853574,0.657454994351773,SI,2
B9800,BIF. HORTALEZA,S,Fin de línea,F,FS,AD,40.485839944811,-3.66709090163446,NO,0
B9811,BIF. VICALVARO-MERCANCIAS,S,Bifurcación,B,EX,AD,40.4380403300192,-3.56322643261201,SI,3
70101,SAN FERNANDO DE HENARES,P,Estación,E,EX,AD,40.4426625624173,-3.53402633870592,SI,3
70600,CALATAYUD,P,Estación,E,EX,AV,41.34667517704,-1.6386053954201,SI,4
70700,RICLA-LA ALMUNIA,P,Estación,E,EX,AD,41.5014648613717,-1.40281007040621,SI,2
78200,TARDIENTA,P,Estación,E,EX,AD,41.9757659497448,-0.5383460693623,SI,4
70200,GUADALAJARA,P,Estación,E,EX,AD,40.6441293021551,-3.18217988427734,SI,2
70300,BAIDES,P,Túnel,T,EX,AD,41.0048987165188,-2.78592480153354,SI,2
70302,SIGÜENZA,P,Estación,E,EX,AD,41.0713070240961,-2.64644494122201,SI,2
70400,TORRALBA,P,Túnel,T,EX,AD,41.1363227927675,-2.49300445698952,SI,3
70403,ARCOS DE JALON,P,Estación,E,EX,AD,41.2156343156483,-2.27768471505016,SI,2
70404,SANTA MARIA DE HUERTA,P,Apeadero,A,EX,AD,41.2639087191911,-2.17799878310744,SI,2
70500,ARIZA,P,Apeadero,A,EX,AD,41.3096202371493,-2.05955004812201,SI,2
71705,CASTELLDEFELS,S,Estación,E,EX,AD,41.2788861015678,1.97925265484665,SI,2
33016,FUENTES DE OÑORO,P,Estación,E,EX,AD,40.5985260014168,-6.82456425920975,SI,2
34005,SAN PEDRO DEL ARROYO,P,Túnel,T,EX,AD,40.8038077120211,-4.87147277886817,SI,2
B1400,BIF. MAGAZ,S,Fin de línea,F,FS,AD,41.9884286587694,-4.5126086780924,NO,0
11102,VILLAFRIA,S,Túnel,T,EX,AD,42.3617422358037,-3.62201119363978,SI,3
08011,CAMBIADOR MADRID-CHAMARTIN,S,Fin de línea,F,FS,AD,40.4792088773995,-3.67884717479233,NO,0
08200,CAMBIADOR MEDINA DEL CAMPO,S,Fin de línea,F,FS,AV,41.3053696708639,-4.9027487759467,NO,0
08012,CAMBIADOR VALDESTILLAS,S,Cruce,C,EX,AV,41.4834248955461,-4.78055271993792,SI,2
08010,CAMBIADOR VALLADOLID C. GRANDE,S,Fin de línea,F,FS,AV,41.6455282078316,-4.71683721039649,NO,0
70800,CASETAS,P,Estación,E,EX,AD,41.7226387918401,-1.02025741147714,SI,3
A0300,"ESPELUY-AGUJA KM. 150,5",S,Bifurcación,B,EX,AD,37.9957726485902,-3.81203255807654,SI,3
03001,MENGIBAR-ARTICHUELA (APD-CGD),P,Depósito,D,EX,AD,37.9778674703449,-3.80193379295384,SI,2
51416,UNIVERSIDAD DE CADIZ (APD),S,Punto KM,P,EX,AD,36.529226011331,-6.20618516370687,SI,1
37706,CAMBIADOR ALCOLEA,S,Cruce,C,EX,AV,37.9246463891252,-4.6919785442286,SI,2
56005,LOS PROPIOS Y CAZORLA,S,Túnel,T,EX,AD,37.8920529753622,-3.2825139956639,SI,2
56100,MOREDA,P,Túnel,T,EX,AD,37.4311386095525,-3.31053369195812,SI,3
B5601,BIF. GRANADA,S,Bifurcación,B,EX,AD,37.4239024378223,-3.30681773973816,SI,3
56200,GUADIX,P,Apeadero,A,EX,AD,37.3168455430476,-3.12714354729519,SI,2
51412,CADIZ CONTENEDORES,S,Apartadero,Y,FS,AD,36.5369814951206,-6.28923150891918,SI,1
11012,ALAMEDA,S,Apartadero,Y,FS,AD,42.3483607593681,-3.7807130114699,SI,2
37605,EL FRESNAL,S,Túnel,T,EX,AD,38.9337641416074,-6.80026103097155,SI,2
37608,MONTIJO-EL MOLINO (APD),P,Punto KM,P,EX,AD,38.9139787565863,-6.61826316424915,SI,2
37609,GEVORA,S,Apeadero,A,EX,AD,38.9202040348203,-6.92614629972439,SI,2
94002,DAIMIEL,P,Túnel,T,EX,AD,39.0614949211596,-3.60407317253185,SI,2
00004,EL PORVENIR ( APD ),S,Apartadero,Y,FS,AD,38.3006343915907,-5.28797676288853,SI,2
00006,BELMEZ,S,Apartadero,Y,FS,AD,38.2631353813833,-5.2085346103677,SI,2
00008,ESPIEL,S,Apartadero,Y,FS,AD,38.1766020161297,-5.04687652759888,SI,2
00013,EL VACAR - VILLAHARTA,S,Apeadero,A,EX,AD,38.0768245069927,-4.85302616174177,SI,2
00014,OBEJO,S,Apeadero,A,EX,AD,38.0258187489291,-4.78949192766565,SI,2
00015,CERRO MURIANO,S,Estación,E,EX,AD,38.0020361087565,-4.76944770113016,SI,2
40102,MATANEGRA,S,Apartadero,Y,FS,AD,38.3682985398665,-6.25399713997628,SI,2
56315,CERRO SALTADOR,S,Fin de línea,F,FS,AD,37.003204782605,-2.53030776319332,NO,0
63001,ESPINARDO (CGD),S,Fin de línea,F,FS,AD,37.9930499352247,-1.13131741586467,NO,0
70206,KM. 87.9 (EL HENARES),S,Cargadero,K,FS,AD,40.8955220352046,-3.10383125467627,SI,2
30202,MORERUELA DE LOS INFANZONES,S,Fin de línea,F,FS,AD,41.6325306051529,-5.72578735916578,NO,0
30201,CUBILLOS,S,Fin de línea,F,FS,AD,41.5718077661119,-5.73726834556126,NO,0
30204,MANGANESES,S,Fin de línea,F,FS,AD,41.7525759404323,-5.71957395498707,NO,0
30209,BENAVENTE,S,Fin de línea,F,FS,AD,42.0012519572396,-5.68411732789121,NO,0
77305,TOSES (APD),S,Punto KM,P,EX,AD,42.3208879839483,2.01530972825382,SI,2
78203,SARIÑENA,P,Túnel,T,EX,AD,41.8170782222197,-0.172268373559402,SI,2
78300,SELGUA,S,Apeadero,A,EX,AD,41.9061055973609,0.148434376885237,SI,2
78301,MONZON-RIO CINCA,P,Apeadero,A,EX,AD,41.9137201322544,0.196873644427663,SI,2
78304,ALMACELLES,S,Túnel,T,EX,AD,41.7303043531162,0.444874617638667,SI,2
71708,BELLVITGE-GORNAL,S,Estación,E,EX,AD,41.3526374537495,2.11536240242545,SI,2
56309,BENAHADUX-PECHINA,S,Túnel,T,EX,AD,36.9225227113895,-2.45545281825189,SI,2
11100,BURGOS,S,Apartadero,Y,FS,AD,42.33443786139,-3.70774045122969,SI,2
41003,LLANOS DE LA GRANJA (CGD),S,Garita,G,EX,AD,38.3357072605768,-6.71938395529709,SI,2
40002,CALAMONTE,P,Apeadero,A,EX,AD,38.8868942041712,-6.38295568925206,SI,2
40004,ALMENDRALEJO,P,Apeadero,A,EX,AD,38.6846478979947,-6.39978803521779,SI,2
40005,VILLAFRANCA DE LOS BARROS,P,Apeadero,A,EX,AD,38.5644769775985,-6.35207825254244,SI,2
40006,LOS SANTOS DE MAIMONA,P,Apeadero,A,EX,AD,38.4496014573187,-6.36165570143099,SI,2
40101,BALNEARIO DE EL RAPOSO (APD),S,Apartadero,Y,FS,AD,38.38475484057,-6.31998412345463,SI,2
37410,GUAREÑA,P,Túnel,T,EX,AD,38.8968744070127,-6.12894973346764,SI,2
67207,RUBIELOS DE MORA (APD),P,Punto KM,P,EX,AD,40.1106355960522,-0.740852450527032,SI,2
67225,ALBENTOSA,S,Apartadero,Y,FS,AD,40.0623624936622,-0.725992952606005,SI,2
67210,MASADAS BLANCAS,S,Túnel,T,EX,AD,39.9647337566111,-0.636845392981954,SI,2
67212,JERICA-VIVER,S,Túnel,T,EX,AD,39.9149670254258,-0.56939049223712,SI,2
67213,NAVAJAS,S,Túnel,T,EX,AD,39.8743716547318,-0.505947300898909,SI,2
67214,SEGORBE-ARRABAL (APD),S,Punto KM,P,EX,AD,39.8545477861053,-0.493853003299595,SI,2
67215,SEGORBE-CIUDAD,P,Túnel,T,EX,AD,39.8470995278196,-0.482348633518054,SI,2
60107,SAN CRISTOBAL DE LOS A. (APD),S,Punto KM,P,EX,AD,40.3420470623049,-3.68386585222516,SI,2
60109,EL CASAR (APD),S,Punto KM,P,EX,AD,40.3185316916077,-3.70982094086757,SI,2
60102,GETAFE - INDUSTRIAL,S,Estación,E,EX,AD,40.3054729997074,-3.7078067274828,SI,2
60104,VALDEMORO,S,Estación,E,EX,AD,40.1960064530279,-3.66495635523471,SI,2
60105,CIEMPOZUELOS,S,Estación,E,EX,AD,40.1591169502692,-3.61014023270459,SI,2
60106,SESEÑA (APD),S,Apartadero,Y,FS,AD,40.0959771434996,-3.62878473219942,SI,2
60203,VILLASEQUILLA,P,Túnel,T,EX,AD,39.8794779040523,-3.72854056372448,SI,2
60204,HUERTA DE VALDECARABANOS,S,Túnel,T,EX,AD,39.8174541843358,-3.65276536155018,SI,2
60402,CAMPO DE CRIPTANA,P,Apeadero,A,EX,AD,39.3944014727388,-3.1176803880147,SI,2
13304,ZORROTZA,S,Estación,E,EX,AD,43.2777106672025,-2.97217555116957,SI,2
13305,LUTXANA-BARAKALDO,S,Estación,E,EX,AD,43.2877568128651,-2.97542841008649,SI,3
13400,DESERTU-BARAKALDO,S,Estación,E,EX,AD,43.3001668270838,-2.98388043445437,SI,3
13506,MUSKIZ,S,Estación,E,EX,AD,43.3213914241167,-3.11239470228246,SI,1
13408,BILBAO MERCANCIAS,S,Apeadero,A,EX,AD,43.3438267646136,-3.06059417251105,SI,1
97101,FUENCARRAL-FUENTE GRANDE,S,Túnel,T,EX,AD,40.4993599031773,-3.67979765700235,SI,2
18000,MADRID-ATOCHA CERCANIAS,P,Estación,E,EX,AD,40.4061053186132,-3.68908359920772,SI,8
10005,LAS ROZAS (APD),P,Punto KM,P,EX,AD,40.4942066726572,-3.86814846520259,SI,2
37702,VENTA LA INES,S,Estación,E,EX,AV,38.5685530874847,-4.42820074890524,SI,2
40003,"KM. 17,5",S,Cargadero,K,FS,AD,38.7897254378128,-6.37002502079606,SI,2
79007,MONTMELO (APD),S,Punto KM,P,EX,AD,41.5503498747791,2.24689365453101,SI,2
78402,BELL-LLOC DURGELL,P,Apeadero,A,EX,AD,41.6316568132846,0.781549671068941,SI,2
78403,MOLLERUSSA,P,Túnel,T,EX,AD,41.6318066595491,0.896912631763449,SI,2
78404,GOLMES (APD),P,Punto KM,P,EX,AD,41.6359082123759,0.930817916456608,SI,2
78405,CASTELLNOU DE SEANA (APD),P,Punto KM,P,EX,AD,41.6374449572487,0.967764800358032,SI,2
78406,BELLPUIG,P,Punto KM,P,EX,AD,41.6325274875135,1.01297223487995,SI,2
78407,ANGLESOLA (APD),P,Punto KM,P,EX,AD,41.6463850903751,1.078969611393,SI,2
78408,TARREGA,P,Túnel,T,EX,AD,41.6502225489342,1.13888036052013,SI,2
78502,SANT MARTI SESGUEIOLES (APD),P,Punto KM,P,EX,AD,41.7012107393624,1.48618951212906,SI,2
78503,CALAF,P,Estación,E,EX,AD,41.7302071205786,1.51515929082728,SI,2
78504,SEGUERS-SANT PERE SALLAVINERA (APD),P,Punto KM,P,EX,AD,41.748079057303,1.57412930923596,SI,2
78605,CASTELLBELL I EL VILAR-M.,S,Estación,E,EX,AD,41.6286282681919,1.86878725765248,SI,2
98001,HORTALEZA,S,Apeadero,A,EX,AD,40.4829281767821,-3.65034726683337,SI,4
70102,TORREJON DE ARDOZ,P,Estación,E,EX,AD,40.4547272316873,-3.47990968158213,SI,2
70103,ALCALA DE HENARES,P,Estación,E,EX,AD,40.4889786761592,-3.3661120782616,SI,2
70104,MECO,P,Apeadero,A,EX,AD,40.534645608157,-3.29864019027105,SI,2
70105,AZUQUECA,P,Estación,E,EX,AD,40.5609987184868,-3.26544528430452,SI,2
82220,VILLALONQUEJAR,S,Fin de línea,F,FS,AD,42.3687874583892,-3.75671394613051,NO,0
83012,CORELLA (APD),S,Fin de línea,F,FS,AD,42.1059297464297,-1.77161513307312,NO,0
85215,VALLADOLID-LA ESPERANZA (CGD),S,Fin de línea,F,FS,AD,41.634757010933,-4.73199084512142,NO,0
11515,PASAIA,P,Estación,E,EX,AD,43.3189002460406,-1.91716046892117,SI,2
11518,VENTAS DE IRUN (APD),S,Punto KM,P,EX,AD,43.3304358683844,-1.81680016355913,SI,2
12001,LOS NEGRALES (APD),P,Punto KM,P,EX,AD,40.6385654937597,-4.02191178267421,SI,2
12002,ALPEDRETE,P,Túnel,T,EX,AD,40.6582506253164,-4.03512698026702,SI,2
12011,LOS ANGELES DE SAN R. (APD),P,Punto KM,P,EX,AD,40.7785248818101,-4.20740868553948,SI,2
12012,OTERO-HERREROS (APD),P,Punto KM,P,EX,AD,40.8009016350598,-4.2035566175164,SI,2
12013,ORTIGOSA DEL MONTE (APD),P,Punto KM,P,EX,AD,40.8327024154764,-4.16815017600797,SI,2
12014,NAVAS DE RIOFRIO-LA LOSA,P,Túnel,T,EX,AD,40.8566436286423,-4.14114216069553,SI,2
12015,CERCEDILLA-PUEBLO (APD),S,Apartadero,Y,FS,AD,40.7398296453012,-4.05900007878806,SI,2
12016,LAS ERAS Y LOS CASTAÑOS (APD),S,Apartadero,Y,FS,AD,40.7468565163455,-4.05703471069533,SI,2
12017,CAMORRITOS,S,Apartadero,Y,FS,AD,40.7558980151565,-4.04775922911135,SI,2
12018,SIETE PICOS,S,Apartadero,Y,FS,AD,40.7639679018555,-4.03721876550623,SI,2
12019,COLLADO ALBO,S,Apartadero,Y,FS,AD,40.7643057982415,-4.02628081565466,SI,2
12021,DOS CASTILLAS (APD),S,Apartadero,Y,FS,AD,40.7917757535004,-4.00121256094777,SI,2
12022,VAQUERIZAS,S,Apartadero,Y,FS,AD,40.8030174148035,-3.9836325534138,SI,2
54412,LOS PRADOS,P,Estación,E,EX,AD,36.6953097059771,-4.47232714812863,SI,3
37607,BADAJOZ-FRONTERA,S,Apartadero,Y,FS,AD,38.9202438562454,-7.03015045300568,SI,2
C0428,"PK KM. 482,6",S,Cargadero,K,EX,AV,41.4133556555022,1.00275489429186,SI,2
B1521,BIF. TUDELA-VEGUIN,S,Bifurcación,B,EX,AD,43.2989960386831,-5.83569311846921,SI,4
14206,BARCENA,P,Túnel,T,EX,AD,43.1286981495673,-4.05348112944714,SI,2
14213,TORRELAVEGA,P,Estación,E,EX,AD,43.3276116274896,-4.04266237134541,SI,2
14214,SIERRAPANDO (APD),S,Punto KM,P,EX,AD,43.3417117212846,-4.02661965246845,SI,3
14216,RENEDO,P,Túnel,T,EX,AD,43.3530834135435,-3.94959654598892,SI,2
14218,GUARNIZO,S,Túnel,T,EX,AD,43.3914710733683,-3.85948531214449,SI,2
14221,MURIEDAS,S,Estación,E,EX,AD,43.4271059969452,-3.84816538964952,SI,3
14223,SANTANDER,P,Estación,E,EX,AD,43.4592397152588,-3.81145365275917,SI,2
20407,A CORUÑA-PUERTO,S,Garita,G,EX,AD,43.3590694370782,-8.39283392681785,SI,1
50700,LOS ROSALES,P,Estación,E,EX,AD,37.589846688529,-5.72521561494362,SI,3
51400,PUERTO DE SANTA MARIA,P,Apeadero,A,EX,AD,36.6039563310755,-6.21794672206657,SI,2
54101,EL CHAPARRAL,S,Túnel,T,EX,AD,37.7993145081868,-4.75934123008269,SI,2
54102,TORRES CABRERA,S,Túnel,T,EX,AD,37.7799940848969,-4.68802838522014,SI,2
54103,FERNAN NUÑEZ,S,Túnel,T,EX,AD,37.7014398808338,-4.66710235592808,SI,2
54104,MONTEMAYOR,S,Túnel,T,EX,AD,37.6379691789641,-4.65698890198642,SI,2
54106,AGUILAR DE LA FRONTERA,S,Apeadero,A,EX,AD,37.5245301581013,-4.66077586240662,SI,2
54410,CAMPANILLAS,P,Túnel,T,EX,AD,36.7051981067055,-4.54544093592395,SI,2
54524,"AGUJA KM. 22,4(P.B.)",S,Estación,E,EX,AD,36.5842107958882,-4.56007790239715,SI,2
54525,"AGUJA KM. 27,0 (P.B.)",S,Estación,E,EX,AD,36.5653904719694,-4.60416467089072,SI,2
B5073,BIF. SAN JERONIMO,S,Bifurcación,B,EX,AD,37.440140260294,-5.97052152581734,SI,4
37701,BRAZATORTAS,S,Estación,E,EX,AV,38.6707382020924,-4.28206114406523,SI,2
37704,VILLANUEVA DE CORDOBA,P,Estación,E,EX,AV,38.2554445352373,-4.57108090171128,SI,2
37705,ADAMUZ,S,Estación,E,EX,AV,38.0200070143047,-4.5616193197545,SI,2
37801,HORNACHUELOS,S,Estación,E,EX,AV,37.7666509334762,-5.24331340746379,SI,2
37802,GUADAJOZ,S,Estación,E,EX,AV,37.6007375816245,-5.62278381902404,SI,2
40007,RUMIANCA-SIASA,S,Apartadero,Y,FS,AD,38.9179209589746,-6.36402768032814,SI,2
71306,RIUDECANYES-BOTARELL,P,Túnel,T,EX,AD,41.1400196994146,0.975732831375801,SI,2
71307,LES BORGES DEL CAMP,P,Estación,E,EX,AD,41.1664321938069,1.02212768401236,SI,2
78505,AGUILAR DE SEGARRA,P,Punto KM,P,EX,AD,41.738813912467,1.62371636331348,SI,2
78506,RAJADELL,P,Punto KM,P,EX,AD,41.7323747660727,1.69862781111152,SI,2
78606,VACARISSES (APD),S,Punto KM,P,EX,AD,41.6018901456718,1.89403714976469,SI,2
78607,VACARISSES-TORREBLANCA (APD),S,Punto KM,P,EX,AD,41.5869623071506,1.91701508483304,SI,2
78608,"KM. 324,800 ( OLESA DE MONTSERRAT )",S,Apartadero,Y,FS,AD,41.5655130984442,1.92295763154164,SI,2
78609,VILADECAVALLS (APD),S,Punto KM,P,EX,AD,41.5637947952439,1.95713014161408,SI,2
71902,BARCELONA-MORROT,S,Estación,E,EX,AD,41.3670449306711,2.17371040355828,SI,2
72202,LARBOÇ,S,Túnel,T,EX,AD,41.2734560197219,1.60052742946222,SI,2
72204,VILAFRANCA DEL PENEDES,S,Estación,E,EX,AD,41.3447226901838,1.70316422917794,SI,2
72207,SANT SADURNI DANOIA,S,Túnel,T,EX,AD,41.4205006202383,1.79469261076117,SI,2
A7225,"AGUJA KM. 70,449",S,Bifurcación,B,EX,AD,41.4654954087057,1.89914066774424,SI,3
A7226,"AGUJA KM. 71,161",S,Bifurcación,B,EX,AD,41.4678584658169,1.90644505177027,SI,3
37315,PUERTOLLANO-REFINERIA,S,Estación,E,EX,PA,38.6706841202103,-4.06461300479586,SI,1
B7184,BIF. GLORIAS,S,Fin de línea,F,FS,AD,41.4006708255195,2.18698110271127,NO,0
66017,OLCESA (CGD),S,Garita,G,EX,AD,40.0102989248451,-3.03054752978414,SI,2
78302,BINEFAR,P,Túnel,T,EX,AD,41.849754816618,0.291385968771366,SI,2
78400,LLEIDA-PIRINEUS,P,Estación,E,EX,AV,41.6208500982781,0.632786271791445,SI,6
73001,PUIGVERD DE LLEIDA-ARTESA,P,Túnel,T,EX,AD,41.5536776387661,0.733433425549122,SI,2
73005,VINAIXA,P,Túnel,T,EX,AD,41.4250720768205,0.970319196896323,SI,2
76004,VALLS,P,Túnel,T,EX,AD,41.2895845327525,1.25871565652685,SI,2
A9060,FUENCARRAL-COMPLEJO,S,Estación,E,EX,AD,40.4853338008842,-3.67658073757527,SI,1
A7002,AGUJA KM. 2.0,S,Bifurcación,B,EX,AD,40.3969075291092,-3.67448917007581,SI,4
37102,ALMONACID,S,Fin de línea,F,FS,AD,39.7531834139308,-3.82316504098312,NO,0
37103,MASCARAQUE,S,Fin de línea,F,FS,AD,39.7233902508446,-3.81043807027604,NO,0
03214,SIETE AGUAS-A. V.,S,Estación,E,EX,AV,39.4631529131311,-0.947519890810376,SI,2
31005,SAN ROMAN,S,Apartadero,Y,FS,AD,41.4700549906907,-5.29863344508816,SI,2
34009,GIMIALCON,S,Apartadero,Y,FS,AD,40.8632307296155,-5.12438041920904,SI,2
37106,LOS YEBENES,S,Estación,E,EX,AV,39.5494089518428,-3.82074119462346,SI,2
37201,POBLETE - KM. 186.200,S,Apartadero,Y,FS,AD,38.9319031535942,-3.9499821551508,SI,2
37203,CARACUEL,S,Apartadero,Y,FS,AD,38.8208203508198,-4.06464176886545,SI,2
37204,ARGAMASILLA DE CALATRAVA,S,Apartadero,Y,FS,AD,38.7364683261646,-4.08475016920088,SI,2
37310,LAS CABRAS,S,Apartadero,Y,FS,AD,38.7171499884735,-5.17200163227833,SI,2
37401,EL QUINTILLO - KM 344.3,S,Apartadero,Y,FS,AD,38.6984405614785,-5.42335002584347,SI,2
78707,MONTCADA I REIXAC-STA. MARIA (APD),S,Punto KM,P,EX,AD,41.4811294758515,2.16696564443629,SI,2
78708,MONTCADA I REIXAC-MANRESA (APD),S,Punto KM,P,EX,AD,41.483873848186,2.18540356337168,SI,2
78804,ARC DE TRIOMF (APD),P,Punto KM,P,EX,AD,41.3919753006076,2.18097308939196,SI,2
A7702,"KM. 21,4",S,Apartadero,Y,FS,AD,41.5591457803548,2.24302595467034,SI,2
B0902,BIF. RIO SAR,S,Bifurcación,B,EX,AD,42.8569643148982,-8.55130722157692,SI,3
37306,ALAMILLO - KM. 281.8,S,Apartadero,Y,FS,AD,38.7147617450035,-4.81570932597635,SI,2
37307,CHILLON - KM. 288.9,S,Apartadero,Y,FS,AD,38.7112088970129,-4.87766870249048,SI,2
37403,QUINTANA DE LA SERENA,S,Apartadero,Y,FS,AD,38.7706096675809,-5.6023858292541,SI,2
20311,BEGONTE (APD),S,Apartadero,Y,FS,AD,43.1490708512911,-7.68623443330418,SI,2
69107,XERACO,S,Túnel,T,EX,AD,39.0261973502842,-0.214780656868154,SI,2
65005,ALBUIXECH (APD),P,Punto KM,P,EX,AD,39.5433256997511,-0.320617545798672,SI,2
65006,MASSALFASSAR,P,Túnel,T,EX,AD,39.5556726375381,-0.318316549156078,SI,2
65007,EL PUIG (APD),P,Punto KM,P,EX,AD,39.5883604548991,-0.311756442433566,SI,2
65201,LES VALLS (APD),P,Punto KM,P,EX,AD,39.7192806879424,-0.239789187033701,SI,2
65203,LA LLOSA (APD),P,Punto KM,P,EX,AD,39.7678307731614,-0.20294128282462,SI,2
40122,TOCINA (APD),P,Punto KM,P,EX,AD,37.6103403296944,-5.73138801990445,SI,2
37302,BRAZATORTAS-VEREDAS,P,Túnel,T,EX,AD,38.6688168993505,-4.3166117557983,SI,2
37305,ALMADENEJOS-ALMADEN,P,Túnel,T,EX,AD,38.7405505299058,-4.73030845557197,SI,2
37309,KM. 309.2 (BELALCÁZAR),S,Cargadero,K,FS,AD,38.7147668144985,-5.07437110456694,SI,2
37402,CASTUERA,P,Túnel,T,EX,AD,38.734960470062,-5.54180377138101,SI,2
37404,CAMPANARIO,P,Punto KM,P,EX,AD,38.8540906786506,-5.64181744664114,SI,2
37407,DON BENITO,P,Estación,E,EX,AD,38.9669836008639,-5.86287275023276,SI,2
37409,VALDETORRES (APD),P,Punto KM,P,EX,AD,38.9133366741762,-6.06939149867853,SI,2
32004,CANTALAPIEDRA,P,Apeadero,A,EX,AD,41.1336051779016,-5.18302154599004,SI,2
30100,SALAMANCA,P,Estación,E,EX,AD,40.9718612112897,-5.64852674376758,SI,3
30110,LA ALAMEDILLA (APD),P,Punto KM,P,EX,AD,40.9668343319489,-5.65627679075205,SI,2
B3001,BIF. LA SERNA,S,Bifurcación,B,EX,AD,40.9512382967667,-5.65617184371371,SI,2
33001,TEJARES-CHAMBERI,S,Túnel,T,EX,AD,40.9534781427007,-5.69089654824351,SI,2
33008,FTE. DE S. ESTEBAN-BOADILLA,S,Apeadero,A,EX,AD,40.7931453034253,-6.248397492653,SI,2
33030,VILAR FORMOSO,S,Estación,E,EX,OT,40.6062377806818,-6.82907674732152,NO,0
34010,PEÑARANDA DE BRACAMONTE,P,Apeadero,A,EX,AD,40.8980052604012,-5.20641920705947,SI,2
51201,LAS ALCANTARILLAS,S,Apartadero,Y,FS,AD,37.0920618610684,-5.86257907121507,SI,2
42004,LOS JARALES-BODONAL,S,Apartadero,Y,FS,AD,38.1960093411975,-6.52757651234232,SI,2
42014,EL CERRO DE ANDEVALO (APD),S,Punto KM,P,EX,AD,37.7055123742999,-6.89271656540603,SI,2
37502,MERIDA MERCANCIAS,S,Garita,G,EX,AD,38.9230164561405,-6.34511503194802,SI,2
11218,VITORIA CONTENEDORES,S,Apartadero,Y,FS,AD,42.8406932379193,-2.66906347971018,SI,2
11401,GAVIRIA,S,Apartadero,Y,FS,AD,43.058874176972,-2.27879716397242,SI,2
13306,ZORROTZA-PUERTO,S,Apeadero,A,EX,AD,43.2850805075119,-2.96896738223813,SI,2
35109,MONTEARAGON,P,Túnel,T,EX,AD,39.9608662280089,-4.64652029634988,SI,2
C4003,"KM. 2,8",S,Cargadero,K,EX,AV,40.3871110349456,-3.67588881034076,SI,3
B6001,"VALLECAS AV - AGUJA KM.12,300",S,Bifurcación,B,EX,AV,40.3383228639616,-3.61766961038007,SI,3
22319,COMERCIAL I.S.M.S.A. (CGD),S,Garita,G,EX,AD,42.2725216497956,-8.66971868184965,SI,2
37009,PARLA,S,Estación,E,EX,AV,40.2340773192489,-3.74457069015195,SI,2
37013,LOS GAVILANES,S,Otro,O,EX,AV,40.2987280032823,-3.66837070769204,SI,2
37101,ABLATES,S,Estación,E,EX,AV,39.8174219492946,-3.85422289902511,SI,2
79319,RIU TER,S,Túnel,T,EX,AD,42.031824877977,2.89369775100853,SI,2
37014,CTT PARLA,S,Túnel,T,EX,AD,40.2587066294456,-3.74039322523709,SI,2
74204,AYERBE,P,Túnel,T,EX,AD,42.2755582298705,-0.68259278739052,SI,2
74213,JACA,P,Estación,E,EX,AD,42.5776432602379,-0.538590998930014,SI,2
74217,CANFRANC,P,Túnel,T,EX,AD,42.7512905825821,-0.514251452006611,SI,1
75116,LA POBLA DE SEGUR,P,Túnel,T,EX,CA,42.2398696619639,0.965920160781767,NO,0
71108,LA ZAIDA-SASTAGO,P,Túnel,T,EX,AD,41.3204698663188,-0.426841812593159,SI,2
71208,FAIO-LA POBLA DE MASSALUCA,P,Túnel,T,EX,AD,41.2250196132748,0.351057080642304,SI,2
71210,FLIX,P,Apeadero,A,EX,AD,41.2293639830964,0.540060658542652,SI,2
71300,MORA LA NOVA,P,Túnel,T,EX,AD,41.1064994036648,0.653202838785835,SI,2
71400,REUS,P,Estación,E,EX,AD,41.1604977396119,1.10008182249597,SI,4
A7141,"AGUJA CLASIF. KM. 100,4.",S,Bifurcación,B,EX,AD,41.1109915306072,1.21742303270776,SI,3
71500,TARRAGONA,P,Estación,E,EX,AD,41.111498727536,1.25319225039648,SI,4
A7081,"CIM AGUJA KM. 0,7",S,Bifurcación,B,FS,AD,41.6700760982479,-0.93855168756875,SI,3
B7082,BIF. PLAZA,S,Bifurcación,B,EX,AD,41.6343480102021,-0.995208699014259,SI,3
78002,ZARAGOZA-ARRABAL,S,Apartadero,Y,FS,AD,41.6690133776216,-0.868350194906569,SI,1
78500,CERVERA,P,Túnel,T,EX,AD,41.6736518202788,1.27476057976543,SI,2
78610,SANT MIQUEL DE GONTERES (APD),S,Punto KM,P,EX,AD,41.5690401985739,1.97389891146033,SI,2
78710,TERRASSA EST (APD),S,Punto KM,P,EX,AD,41.5674269839338,2.03948099750239,SI,2
06003,TOTANA,P,Túnel,T,EX,AD,37.7634799735685,-1.49561506821584,SI,2
06004,LA HOYA,S,Túnel,T,EX,AD,37.7036978214948,-1.59538488034451,SI,2
06005,LORCA-SAN DIEGO (APD),S,Depósito,D,EX,AD,37.6806905509119,-1.68564070124895,SI,2
06007,PUERTO LUMBRERAS (APD),S,Punto KM,P,EX,AD,37.5809967068044,-1.7318982748951,SI,2
07001,PULPI (APD),S,Punto KM,P,EX,AD,37.3992237094273,-1.74947535468724,SI,2
07007,AGUILAS-EL LABRADORCICO (APD),S,Punto KM,P,EX,AD,37.4118494057255,-1.58586368924129,SI,2
60904,SAX,P,Túnel,T,EX,AD,38.5447759210148,-0.814225114803216,SI,2
60905,ELDA-PETRER,P,Túnel,T,EX,AD,38.4849404410443,-0.801064683836229,SI,2
60906,MONOVAR-PINOSO,S,Túnel,T,EX,AD,38.4413506525215,-0.816629288596906,SI,2
35210,MALPARTIDA DE PLASENCIA,S,Apartadero,Y,FS,AD,39.9464220260928,-6.01872429425909,SI,2
54502,LOS PRADOS,S,Apartadero,Y,FS,AD,36.6985999603316,-4.47657306096829,SI,2
54503,GUADALHORCE (APD),S,Punto KM,P,EX,AD,36.6920211699054,-4.48371492990503,SI,2
54504,TERMINAL DE CARGA,S,Apartadero,Y,FS,AD,36.6795792108515,-4.49352568439632,SI,2
54505,AEROPUERTO (APD),S,Punto KM,P,EX,AD,36.6755653464334,-4.4869975173893,SI,2
54506,SAN JULIAN (APD),S,Apartadero,Y,FS,AD,36.6641384696806,-4.4790521256048,SI,2
54520,PLAZA MAYOR (APD),S,Punto KM,P,EX,AD,36.6561746872845,-4.48031488816236,SI,2
54507,CAMPO DE GOLF-CAMPAMENTO (APD),S,Apartadero,Y,FS,AD,36.6499937267426,-4.48326698771057,SI,2
54511,BENALMADENA-ARROYO DE LA MIEL,S,Túnel,T,EX,AD,36.5990527267906,-4.53631417940836,SI,2
42019,BELMONTE (APD),P,Punto KM,P,EX,AD,37.4618416952825,-6.94754973394167,SI,2
43011,LA PALMA DEL CONDADO,P,Estación,E,EX,AD,37.3906385353137,-6.5544209602973,SI,2
43023,HUELVA-MERCANCIAS,S,Estación,E,EX,AD,37.2684003922506,-6.90984152034857,SI,4
43019,HUELVA,P,Estación,E,EX,AD,37.2525853624916,-6.94361697279069,SI,1
81209,CABAÑAS DE EBRO,P,Apeadero,A,EX,AD,41.7880653924786,-1.16755393791052,SI,3
81205,CORTES DE NAVARRA,P,Túnel,T,EX,AD,41.9148223773801,-1.42029732346797,SI,2
81202,TUDELA DE NAVARRA,P,Estación,E,EX,AD,42.0594213024102,-1.59783907143973,SI,2
71602,SEGUR DE CALAFELL (APD),S,Punto KM,P,EX,AD,41.1925468989172,1.60645458472855,SI,2
50508,EL PRIORATO,S,Túnel,T,EX,AD,37.690221643213,-5.43333125968502,SI,2
72003,EL CATLLAR (APD),S,Fin de línea,F,FS,AD,41.1761015049827,1.33772861892214,NO,0
72004,LA RIERA DE GAIA (APD),S,Fin de línea,F,FS,AD,41.1698540894162,1.36657169072957,NO,0
72005,LA POBLA DE MONTORNES (APD),S,Fin de línea,F,FS,AD,41.1808733793666,1.41345979473142,NO,0
40116,LOS LABRADOS,S,Apartadero,Y,FS,AD,37.7793232869378,-5.76725000923858,SI,2
67001,"KM. 111,2 (CUARTE DE HUERVA)",S,Cargadero,K,FS,AD,41.6062894008075,-0.933385820089089,SI,2
B7920,BIF. GIRONA MERC,S,Fin de línea,F,FS,AD,41.9424241100521,2.80567712549643,NO,0
35006,NUMANCIA Y YUNCOS,S,Apartadero,Y,FS,AD,40.0815906896465,-3.86442622482995,SI,2
35202,ALCAÑIZO,S,Apartadero,Y,FS,AD,39.9070068044309,-5.10884553728486,NO,0
55016,CASTELLAR DE LA FRONTERA,S,Túnel,T,EX,AD,36.3310567953189,-5.4067261354011,SI,2
03303,CAMBIADOR ALBACETE,S,Cruce,C,EX,AV,38.9964008623772,-1.84375492683827,SI,2
80002,BAKAIKU-BACAICOA (APD),S,Apartadero,Y,FS,AD,42.8969128336005,-2.10594027245176,SI,2
72300,MOLINS DE REI,S,Estación,E,EX,AD,41.409877186772,2.02074057395553,SI,2
A7227,"AGUJA KM. 0,500",S,Bifurcación,B,EX,AD,41.4692442706196,1.90127808687664,SI,3
72212,MARTORELL-SEAT,S,Estación,E,EX,AD,41.4862761886021,1.90595521336559,SI,1
A7224,BIF. PAPIOL,S,Fin de línea,F,FS,AD,41.4647382785367,1.98299783040382,NO,0
72501,RUBÍ CAN VALLHONRAT,S,Estación,E,EX,AD,41.4751894726523,2.03733284308531,SI,2
37200,CIUDAD REAL,P,Estación,E,EX,AV,38.9850863917295,-3.91334273363955,SI,4
79004,SANT ANDREU,P,Estación,E,EX,AD,41.4361131805965,2.19372554172272,SI,2
10002,POZUELO,P,Túnel,T,EX,AD,40.4473372463164,-3.80020342756481,SI,2
B1005,BIF. CHAMARTIN,S,Bifurcación,B,EX,AD,40.5008536743898,-3.87189757931146,SI,3
97018,BIF. CHAMARTIN-AGUJA KM.18.6,P,Cargadero,K,EX,AD,40.5076838284357,-3.87411642091821,SI,3
10105,LAS MATAS CLASIFICACION,S,Túnel,T,EX,AD,40.5380430741481,-3.88838747552863,SI,2
98100,ODONNELL,S,Túnel,T,EX,AD,40.4425026829408,-3.58923861769277,SI,3
B7011,BIF. BASE AEREA,S,Fin de línea,F,FS,AD,40.4680892403681,-3.42976328594413,NO,0
70106,BASE AEREA DE TORREJON,S,Fin de línea,F,FS,AD,40.4933637005399,-3.4318169703514,NO,0
XX004,GENERAL MOTOS,S,Otro,O,EX,AD,41.7449383740721,-1.18226647315308,SI,1
70706,GRISEN,P,Estación,E,EX,AD,41.745198778135,-1.16590263458538,SI,4
78100,ZUERA,P,Apeadero,A,EX,AD,41.8772484654466,-0.764130748507192,SI,3
20309,LUGO,P,Estación,E,EX,AD,43.0150923597967,-7.55211180683068,SI,2
10203,EL ESCORIAL,P,Estación,E,EX,AD,40.5852400526614,-4.13242118503899,SI,2
10206,SANTA MARIA DE LA ALAMEDA,P,Túnel,T,EX,AD,40.5689711008857,-4.26911629336513,SI,2
64005,MONTESA (APD),S,Punto KM,P,EX,AD,38.942843365776,-0.641254459645644,SI,2
74201,HOYA DE HUESCA,S,Túnel,T,EX,AD,42.1066709457139,-0.443020519599237,SI,2
74212,"KM. 103,9 (NAVASA)",S,Cargadero,K,EX,AD,42.5474067293021,-0.479970131824653,SI,2
30008,BAÑOS DE MONTEMAYOR,S,Fin de línea,F,FS,AD,40.3076756018249,-5.85897658181454,NO,0
37109,FUENTE EL FRESNO,S,Fin de línea,F,FS,AD,39.2739466262523,-3.88129935835439,NO,0
37111,FERNAN CABALLERO,S,Fin de línea,F,FS,AD,39.1122410160405,-3.88306668072745,NO,0
03202,CANAL DEL MANZANARES,S,Estación,E,EX,AV,40.3470202232969,-3.66556104560471,SI,2
03205,TARANCON-A. V.,S,Estación,E,EX,AV,39.9773861430586,-2.99623341615241,SI,2
03207,HORCAJADA,S,Estación,E,EX,AV,40.0534556151731,-2.47599792500366,SI,2
03209,MONTEAGUDO DE LAS SALINAS,S,Estación,E,EX,AV,39.8089921857655,-1.99339363998464,SI,2
03212,CAUDETE DE LAS FUENTES,S,Estación,E,EX,AV,39.5465246250954,-1.32671261701518,SI,2
08222,O IRIXO-A. V.,S,Bifurcación,B,EX,AV,42.5261594732981,-8.10399688592703,SI,2
23015,FAXIL,S,Estación,E,EX,AD,42.5276699859929,-8.64768433438251,SI,4
11214,EGUINO (APD),S,Apartadero,Y,FS,AD,42.867980077703,-2.26156996734391,SI,2
B1120,"BIF. KM.534,0",S,Bifurcación,B,EX,AD,42.8829133779357,-2.18738121389542,SI,3
11300,ALTSASU,P,Estación,E,EX,AD,42.894856392011,-2.18121790480463,SI,3
11303,ZEGAMA-OTZAURTE,S,Túnel,T,EX,AD,42.939424975908,-2.26359431657495,SI,2
11305,BRINKOLA,P,Túnel,T,EX,AD,43.0187957338674,-2.33461790313988,SI,2
11400,ZUMARRAGA,P,Estación,E,EX,AD,43.0871045416613,-2.32001034006222,SI,2
11500,TOLOSA,P,Estación,E,EX,AD,43.1354566615583,-2.07903704634552,SI,2
11511,SAN SEBASTIAN-DONOSTIA,P,Estación,E,EX,AV,43.3176973029717,-1.97690207641165,SI,2
11516,LEZO-ERRENTERIA,P,Estación,E,EX,AD,43.3158621809078,-1.89944259779567,SI,2
11602,HENDAYA,S,Estación,E,EX,OT,43.3530357808632,-1.78178179008509,NO,0
B1702,BIF. FUENCARRAL,S,Bifurcación,B,EX,AD,40.5183010546751,-3.68459524104868,SI,3
17009,UNIVERSIDAD-CANTOBLANCO,S,Túnel,T,EX,AD,40.5438614902089,-3.70019677943745,SI,3
B1703,BIF. TRES CANTOS,S,Fin de línea,F,FS,AD,40.5509744233397,-3.71171189839335,NO,0
17003,EL GOLOSO,S,Punto KM,P,EX,AD,40.5587835859303,-3.71395447355523,SI,2
60914,UNIVERSIDAD DE ALICANTE (APD),P,Punto KM,P,EX,AD,38.3841205140257,-0.528424750206941,SI,2
65015,ALBORAYA,S,Estación,E,EX,AD,39.4851700592953,-0.33185177847569,SI,2
69204,LA COVA,S,Fin de línea,F,FS,AD,39.4994112768412,-0.485796860143202,NO,0
69203,MANISES AEROPUERTO,S,Fin de línea,F,FS,AD,39.4955408868087,-0.474657579762581,NO,0
92001,VILLAMEJOR (APD),S,Apartadero,Y,FS,AD,39.9375049190256,-3.78610607144824,SI,2
60115,PARQUE DE OCIO (APD),S,Fin de línea,F,FS,AD,40.2337249597094,-3.59622408172102,NO,0
60004,MADRID-SANTA CATALINA,S,Estación,E,EX,AD,40.3698978647774,-3.67735068523944,SI,5
98201,VICALVARO-MERCANCIAS,S,Estación,E,EX,AD,40.416153375588,-3.5812530543443,SI,2
B9521,BIF. REBOLLEDO,S,Bifurcación,B,EX,AD,40.3568571801923,-3.67362749629128,SI,3
60100,VILLAVERDE BAJO,S,Estación,E,EX,AD,40.3525613053135,-3.68418607683093,SI,6
98222,VICALVARO MERCANCIAS-PTO.SECO(CGD),S,Garita,G,EX,PA,40.4342896983528,-3.5696838257066,SI,2
XX006,MUSEO DELICIAS,S,Otro,O,EX,AD,40.3988057471693,-3.69159216202548,SI,1
60108,EL SALOBRAL,S,Estación,E,EX,AD,40.3342261979027,-3.68091892504968,SI,1
A6001,AGUJA KM. 1.4,S,Fin de línea,F,FS,AD,40.4001470137701,-3.67901246828036,NO,0
B6002,BIF. PLANETARIO,S,Bifurcación,B,EX,AD,40.3843177378345,-3.67946147593193,SI,2
60101,SAN CRISTOBAL INDUSTRIAL,S,Estación,E,EX,AD,40.3318940792827,-3.69874890645591,SI,3
60103,PINTO,S,Estación,E,EX,AD,40.2428061529193,-3.70361536581216,SI,2
60200,ARANJUEZ,P,Estación,E,EX,AD,40.0348637354499,-3.61828147376712,SI,3
60202,CASTILLEJO-AÑOVER,P,Estación,E,EX,AD,39.9495811265411,-3.73843840172289,SI,3
66203,EL REBOLLAR,S,Túnel,T,EX,AD,39.4773422982212,-1.01167467710598,SI,2
50803,SEVILLA-PUERTO,S,Apeadero,A,EX,AD,37.3598863797089,-5.99605109688751,SI,2
13503,VALLE DE TRAPAGA/TRAPAGARAN,S,Túnel,T,EX,AD,43.3014667850635,-3.02876964289514,SI,2
13504,ORTUELLA,S,Túnel,T,EX,AD,43.3115234542355,-3.06041250494069,SI,2
13505,PUTXETA,S,Túnel,T,EX,AD,43.3156634061095,-3.09118286204066,SI,2
13507,URIOSTE (APD),S,Punto KM,P,EX,AD,43.3075304493136,-3.04107742499954,SI,2
13508,GALLARTA (APD),S,Punto KM,P,EX,AD,43.3192946972122,-3.06743425401978,SI,2
60599,PEÑAFLOR,S,Estación,E,EX,AV,37.6872334412661,-5.46764075044674,SI,2
B4102,BIF. CAMBIADOR PUIGVERD,S,Fin de línea,F,FS,AV,41.5582508568065,0.727159230736085,NO,0
14109,ESPINOSA-EL CABALLO,S,Túnel,T,EX,AD,42.4969754041632,-4.37040729849216,SI,2
20106,LA GRANJA,P,Túnel,T,EX,AD,42.6068381622486,-6.29499742308749,SI,2
31007,MONTE LA REINA,S,Apeadero,A,EX,AD,41.507991344683,-5.50454632232731,SI,2
31004,CASTRONUÑO,S,Túnel,T,EX,AD,41.4024801711786,-5.24289619919535,SI,2
31002,NAVA DEL REY,P,Apeadero,A,EX,AD,41.3347561939828,-5.07676541188843,SI,2
31003,POLLOS (APD),S,Apartadero,Y,FS,AD,41.4214481684722,-5.12481311573967,SI,2
11107,CASTIL DE PEONES (APD),S,Apartadero,Y,FS,AD,42.4925874805284,-3.37460032000561,SI,2
11202,RIBAVELLOSA (CGD),S,Apartadero,Y,FS,AD,42.6974507953635,-2.91993075177425,SI,2
11206,TRESPUENTES (APD),S,Apartadero,Y,FS,AD,42.8434745961399,-2.76790906626118,SI,2
11216,OLAZTI-OLAZAGUTIA (APD),S,Apartadero,Y,FS,AD,42.8783991024307,-2.1976775729584,SI,2
11403,K.M. 576.8,S,Apartadero,Y,FS,AD,43.0478513773133,-2.23182330485757,SI,2
13120,MIRIBILLA (APD),S,Punto KM,P,EX,AD,43.2486746471176,-2.92883031615081,SI,2
55026,SAN ROQUE MERCANCIAS,S,Estación,E,EX,AD,36.2332986871029,-5.43424283132706,SI,2
13207,AUTONOMIA (APD),S,Punto KM,P,EX,AD,43.2582422261285,-2.94605717546565,SI,2
32006,EL PEDROSO DE LA ARMUÑA,P,Punto KM,P,EX,AD,41.0798741438643,-5.406126305425,SI,2
32007,PITIEGUA (APD),P,Punto KM,P,EX,AD,41.0637532358601,-5.47412332651387,SI,2
32009,MORISCOS (APD),P,Punto KM,P,EX,AD,41.0120984997447,-5.58413656347067,SI,2
33003,BARBADILLO Y CALZADA,S,Apeadero,A,EX,AD,40.9099185288652,-5.87862149452405,SI,2
51106,KM. 4.6 (LA PALMERA),S,Apartadero,Y,FS,AD,37.3550799545905,-5.99121557724693,SI,2
79320,RIU FLUVIA,S,Túnel,T,EX,AD,42.1315501357165,2.97360557517958,SI,2
55006,KM. 60.4 (PARCHITE),S,Cargadero,K,FS,AD,36.8102157283559,-5.11369114867602,SI,2
55008,ARRIATE,P,Túnel,T,EX,AD,36.7910613209097,-5.14018835639608,SI,2
55009,LA INDIANA,S,Apeadero,A,EX,AD,36.7608668000408,-5.19656959727651,SI,2
55011,JIMERA DE LIBAR,P,Túnel,T,EX,AD,36.6607306818909,-5.28149924615756,SI,2
55014,SAN PABLO (APD),P,Punto KM,P,EX,AD,36.46792556018,-5.41899993893302,SI,2
B7172,"BELLV.AG.672,900",S,Fin de línea,F,FS,AD,41.3432397293192,2.11456805245187,NO,0
37316,ARROYO DEL VALLE,S,Otro,O,EX,AV,38.1948748094529,-4.51292657710328,SI,2
B0200,BIF. MALAGA-A. V.,S,Bifurcación,B,EX,AV,37.8398989930179,-4.94163870664446,SI,3
37803,MAJARABIQUE,S,Estación,E,EX,AV,37.4707715213324,-5.94888125766642,SI,3
A0180,CTT CERRO NEGRO AV,S,Túnel,T,EX,AV,40.386299911723,-3.67599221910861,SI,1
C0216,"PK KM. 17,3",S,Cargadero,K,EX,AV,37.7086144554911,-5.01082455695372,SI,2
C0217,"PK KM. 25,8",S,Cargadero,K,EX,AV,37.6475944886982,-4.95462328334631,SI,2
C0218,"PK KM. 51,8",S,Cargadero,K,EX,AV,37.4377763322277,-4.86760205859034,SI,2
02002,PUENTE GENIL - HERRERA,P,Estación,E,EX,AV,37.3596762542363,-4.82226813904202,SI,2
B6504,BIF. NAZARET,S,Bifurcación,B,EX,AD,39.4381498662768,-0.338359696630766,SI,4
10301,NAVALGRANDE,S,Túnel,T,EX,AD,40.6060755728916,-4.53451423322683,SI,2
10302,GUIMORCONDO,P,Túnel,T,EX,AD,40.6489793546048,-4.61503054919399,SI,2
15100,LEON,P,Estación,E,EX,AV,42.5950619169866,-5.58194336519081,SI,3
72205,LA GRANADA,S,Apeadero,A,EX,AD,41.363866186896,1.73409556423152,SI,2
22305,VIGO-PUERTO,S,Fin de línea,F,FS,AD,42.2397242637817,-8.70959985428791,NO,0
22306,VIGO-TRASATLANTICOS,S,Fin de línea,F,FS,AD,42.239365922689,-8.71657829454474,NO,0
07006,AGUILAS PTO.,S,Fin de línea,F,FS,AD,37.4089802724407,-1.56116801824273,NO,0
62107,ALACANT-PORT(LÍMITE CONEXIÓN),S,Apeadero,A,EX,AD,38.3314070862691,-0.496669295934403,SI,1
67224,PUERTO DE SAGUNTO,S,Garita,G,EX,AD,39.6606097976997,-0.2389765634451,SI,1
A6210,BUTANO S.A. (CGD),S,Garita,G,EX,AD,38.3002189788108,-0.531842006093629,SI,2
30005,CASAS DEL MONTE,S,Fin de línea,F,FS,AD,40.2098321968411,-5.97791597244179,NO,0
30006,ALDEANUEVA DEL CAMINO,S,Fin de línea,F,FS,AD,40.2505375682617,-5.9367804476616,NO,0
37112,LA LEBRERA,S,Fin de línea,F,FS,AD,39.030442760861,-3.9221039790253,NO,0
37005,TORREJON DE VELASCO,S,Fin de línea,F,FS,AD,40.1897349995977,-3.75061723862737,NO,0
37007,PANTOJA Y ALAMEDA,S,Fin de línea,F,FS,AD,40.0301590165969,-3.82811971434024,NO,0
77005,PARETS DEL VALLES,S,Túnel,T,EX,AD,41.5562890816479,2.22603460133252,SI,2
43000,SAN JERONIMO (APD),S,Punto KM,P,EX,AD,37.4276820180373,-5.99643296530521,SI,2
B0903,BIF. BLANCALES,S,Bifurcación,B,EX,AV,40.1621679900549,-3.72344002361393,SI,3
A6000,"YELES AGUJA KM.34,397",S,Bifurcación,B,EX,AV,40.1465964957607,-3.76471479151168,SI,3
15021,BASE DE MONTAJE AV VILLADA(CGD),S,Garita,G,EX,AD,42.2849756302286,-4.99168381450367,SI,2
15000,PALENCIA ARROYO VILLALOBON,S,Túnel,T,EX,AD,41.9910326388341,-4.51334704706774,SI,3
61018,"KM. 445,0",S,Apartadero,Y,FS,AD,38.0316884371997,-1.23787288741454,SI,2
55015,JIMENA DE LA FRONTERA,P,Túnel,T,EX,AD,36.4242941084425,-5.43427161128744,SI,2
55013,GAUCIN,P,Túnel,T,EX,AD,36.5403639516137,-5.38686916449091,SI,2
55018,SAN ROQUE-LA LINEA,P,Apeadero,A,EX,AD,36.2136100554238,-5.4319614244668,SI,3
55020,ALGECIRAS,P,Estación,E,EX,AD,36.1264519370657,-5.44896892607038,SI,3
B5442,BIF. PLAYA,S,Fin de línea,F,FS,OT,36.7110656580718,-4.42538594005743,NO,0
13100,ORDUÑA,S,Estación,E,EX,AD,42.9946062272506,-3.01582851366616,SI,2
37703,CONQUISTA,S,Estación,E,EX,AV,38.3808344787702,-4.4793042086669,SI,2
C0219,"PK KM. 82,5",S,Cargadero,K,EX,AV,37.1962560028052,-4.71195241827528,SI,2
B6501,"VFSL-AG.KM.5,8",S,Bifurcación,B,EX,AD,39.4389181785789,-0.346210845094528,SI,3
69205,LA PRESA,S,Fin de línea,F,FS,AD,39.5170266381213,-0.515633825744463,NO,0
69206,RIBA-ROJA DE TURIA,S,Fin de línea,F,FS,AD,39.5443563379216,-0.569751725769151,NO,0
61003,NAVAJUELOS,S,Túnel,T,EX,AD,38.6490267616983,-1.66485479280351,SI,2
31008,KM. 73.2 (FRESNO DE RIBERA),S,Cargadero,K,FS,AD,41.5296357206545,-5.5581019281357,SI,2
20405,KM. 543.1,S,Apartadero,Y,FS,AD,43.3323308507757,-8.38479567202208,SI,2
37611,GARROVILLA-LAS VEGAS (APD),P,Punto KM,P,EX,AD,38.9153965950418,-6.47723599650983,SI,2
72504,RIERA DE RUBI,S,Túnel,T,EX,AD,41.4723688399603,2.0130478265423,SI,2
B6723,CEMENTOS ASLAND (CGD),S,Fin de línea,F,FS,AD,39.6622389200112,-0.251145798994817,NO,0
21010,FERROL,P,Estación,E,EX,AD,43.4880342215553,-8.23103273358555,SI,3
20400,BETANZOS-INFESTA,P,Estación,E,EX,AD,43.2707463431881,-8.22584362011427,SI,3
A2045,"AGUJA KM. 545,4",S,Bifurcación,B,EX,AD,43.3516217656802,-8.38735397233124,SI,3
B2041,BIF. EL BURGO,S,Bifurcación,B,EX,AD,43.3474618175254,-8.38753715873692,SI,3
B2051,BIF. SAN DIEGO,S,Bifurcación,B,EX,AD,43.3487336453813,-8.39238633665971,SI,3
13407,SANTURTZI-PUERTO,S,Fin de línea,F,FS,AD,43.335278748386,-3.03659212889161,NO,0
13405,SANTURTZI,S,Estación,E,EX,AD,43.3288071066937,-3.03008200698818,SI,2
11000,VENTA DE BAÑOS,P,Estación,E,EX,AD,41.9171743078305,-4.49589429530301,SI,4
XX002,CAMPSA,S,Fin de línea,F,FS,AD,41.695562950267,-4.67929243030652,NO,0
11517,GAINCHURIZQUETA,S,Apartadero,Y,FS,AD,43.3265880744285,-1.858321973319,SI,2
17101,VALDEMANCO,S,Apartadero,Y,FS,AD,40.8679133404928,-3.66802641756944,SI,2
17202,OQUILLAS,S,Apartadero,Y,FS,AD,41.8271595162356,-3.68740788881515,SI,2
17203,KM. 210.1,S,Cargadero,K,EX,AD,41.8705127410131,-3.70424043316658,SI,2
17207,COGOLLOS,S,Apartadero,Y,FS,AD,42.1927596602215,-3.71607932326001,SI,2
54411,EL TARAJAL,S,Apartadero,Y,FS,AD,36.7022223095656,-4.51019987988862,SI,2
20312,BAAMONDE,P,Túnel,T,EX,AD,43.1733779620582,-7.75630417907509,SI,2
01008,AGUADULCE,S,Apartadero,Y,FS,AD,37.2480652023415,-5.00834702614548,SI,2
A7228,"AGUJA KM. 79,347",S,Fin de línea,F,FS,AD,41.4532615626906,1.98250138733591,NO,0
79006,MOLLET-SANT FOST,S,Estación,E,EX,AD,41.5335408875591,2.21767646051479,SI,3
72400,AEROPORT,S,Estación,E,EX,AD,41.3044023563715,2.07392700864062,SI,1
B4005,BIF. POBLETE,S,Bifurcación,B,EX,AD,38.9714092887978,-3.90876494350563,SI,3
37202,CAÑADA DE CALATRAVA,S,Túnel,T,EX,AD,38.8665190855773,-3.99935965964736,SI,2
37205,CALATRAVA,S,Túnel,T,EX,AD,38.8036971962758,-4.07036082228868,SI,2
37300,PUERTOLLANO,P,Apartadero,Y,FS,AV,38.69141485943,-4.11161241485793,NO,0
37301,PUERTOLLANO-MERCANCÍAS,S,Garita,G,EX,AD,38.6777751146829,-4.14417983768878,SI,2
37303,CARACOLLERA,S,Túnel,T,EX,AD,38.7050087046182,-4.47477575525481,SI,2
37308,GUADALMEZ-LOS PEDROCHES,P,Túnel,T,EX,AD,38.6992183404027,-4.92954506040963,SI,2
37406,VILLANUEVA DE LA SERENA,P,Estación,E,EX,AD,38.9688064115969,-5.7964135945581,SI,2
79308,VILAMALLA,P,Estación,E,EX,AD,42.2163499231107,2.97779131082747,SI,3
79316,CERBERE,P,Estación,E,EX,OT,42.4417065889049,3.16323187691025,SI,1
04200,RODA DE BARA-CAMB. DE ANCHO,S,Apartadero,Y,FS,AD,41.1833338566588,1.4377817144182,SI,1
67200,TERUEL,P,Estación,E,EX,AD,40.3410118628835,-1.11025906592959,SI,2
67208,BARRACAS,P,Túnel,T,EX,AD,40.0117166678718,-0.696280384188073,SI,2
67217,SONEJA (APD),S,Punto KM,P,EX,AD,39.8125732223004,-0.431802787238034,SI,2
67221,ESTIVELLA-ALBALAT DELS TARONGERS,S,Túnel,T,EX,AD,39.7062813521384,-0.348211352113844,SI,2
67223,GILET (APD),S,Punto KM,P,EX,AD,39.6794088504038,-0.320663331640989,SI,2
79008,MONTORNES-BUTANO,S,Otro,O,EX,AD,41.5643920820834,2.2749471072495,SI,2
79100,GRANOLLERS-CENTRE,P,Estación,E,EX,AD,41.5996842238935,2.29125548016899,SI,2
79105,GUALBA (APD),P,Punto KM,P,EX,AD,41.7181589588409,2.53881860458458,SI,2
79104,SANT CELONI,P,Estación,E,EX,AD,41.6857546653349,2.49071806773107,SI,2
79205,FORNELLS DE LA SELVA (APD),P,Punto KM,P,EX,AD,41.9350161184512,2.80976124181344,SI,2
79300,GIRONA,P,Estación,E,EX,AV,41.9793707540695,2.81695655697466,SI,4
79309,FIGUERES,P,Estación,E,EX,AD,42.265091724661,2.96877501397708,SI,2
65310,PEÑISCOLA,S,Apartadero,Y,FS,AD,40.39873620994,0.356808554041207,SI,2
67106,VILLARQUEMADO,S,Apartadero,Y,FS,AD,40.5137986967021,-1.27629433327964,SI,2
67109,CAUDE,S,Apartadero,Y,FS,AD,40.3961254387164,-1.17983996183636,SI,2
67110,CONCUD,S,Apartadero,Y,FS,AD,40.3790892656162,-1.14815623198059,SI,2
60706,P.B. EL VILLAR,S,Estación,E,EX,AD,38.9061709605625,-1.49131034877616,SI,2
60707,EL ANGEL,S,Apartadero,Y,FS,AD,38.8629587011805,-1.20623485068552,SI,2
64007,LENOVA-MANUEL (APD),P,Punto KM,P,EX,AD,39.050114574899,-0.477711370777776,SI,2
64102,LA POBLA LLARGA,P,Apeadero,A,EX,AD,39.0820644285155,-0.469921447803648,SI,2
64106,ALGINET,S,Apartadero,Y,FS,AD,39.2629252014282,-0.474892164849846,SI,2
66004,VILLARRUBIA DE SANTIAGO,P,Túnel,T,EX,AD,39.9662216359774,-3.36731471418838,SI,2
66102,LOS PALANCARES,S,Fin de línea,F,FS,AD,39.9823508498151,-1.97559324141639,NO,0
66106,LA GRAMEDOSA,S,Apartadero,Y,FS,AD,39.7904992458827,-1.76766438876181,NO,0
66108,YEMEDA-CARDENETE (APD),P,Fin de línea,F,FS,AD,39.7508781067693,-1.68187949805415,NO,0
66109,VILLORA (APD),P,Fin de línea,F,FS,AD,39.7469173350604,-1.61092231615186,NO,0
66110,ENGUIDANOS (APD),S,Fin de línea,F,FS,AD,39.7170228048857,-1.51617149495283,NO,0
66113,LAS CUEVAS (APD),P,Fin de línea,F,FS,OT,39.6158380633018,-1.27842906820416,NO,0
66201,SAN ANTONIO DE REQUENA (APD),S,Punto KM,P,EX,AD,39.5222147110563,-1.15037718987246,SI,2
66202,REQUENA (APD),S,Punto KM,P,EX,AD,39.4911412209914,-1.10466644494802,SI,2
66205,VENTA MINA-SIETE AGUAS (APD),S,Túnel,T,EX,AD,39.4542725550867,-0.870220411270178,SI,2
66207,CHIVA,S,Apeadero,A,EX,AD,39.4710492588802,-0.722925834784683,SI,2
66210,CIRCUIT RICARDO TORMO APD.,S,Punto KM,P,EX,AD,39.4955986238586,-0.626127920252388,SI,2
66209,LORIGUILLA-REVA,S,Túnel,T,EX,AD,39.4856888438641,-0.567377552703195,SI,2
66211,ALDAIA,S,Túnel,T,EX,AD,39.4610174020341,-0.463225042135693,SI,2
66214,XIRIVELLA-ALQUERIES (APD),S,Punto KM,P,EX,AD,39.4625708396507,-0.432178535143652,SI,2
69202,MANISES,S,Fin de línea,F,FS,AD,39.4896397889394,-0.45907276948508,NO,0
10504,VIANA,P,Túnel,T,EX,AD,41.5240790040362,-4.7544656033953,SI,2
10605,DUEÑAS,P,Túnel,T,EX,AD,41.8712673082197,-4.54083513887282,SI,2
10610,VALLADOLID UNIVERSIDAD (APD),P,Punto KM,P,EX,AD,41.6602319472237,-4.70410365631526,SI,2
11005,TORQUEMADA,S,Túnel,T,EX,AD,42.0159571082893,-4.29915133099604,SI,2
11006,QUINTANA DEL PUENTE,P,Túnel,T,EX,AD,42.0799648042377,-4.19859773093497,SI,2
11010,ESTEPAR,S,Túnel,T,EX,AD,42.2724769550967,-3.89400242773237,SI,2
11011,QUINTANILLEJA,S,Túnel,T,EX,AD,42.3273463356284,-3.81181612377351,SI,2
13402,LA IBERIA (APD),S,Punto KM,P,EX,AD,43.3126417808875,-3.00448462097961,SI,2
13403,PORTUGALETE  (APD),S,Punto KM,P,EX,AD,43.3186257264412,-3.01499729672632,SI,2
13404,PEÑOTA (APD),S,Punto KM,P,EX,AD,43.326327581764,-3.02347219359692,SI,2
13501,GALINDO,S,Túnel,T,EX,AD,43.3041020440051,-3.01020209915487,SI,2
13502,TRAPAGA (APD),S,Punto KM,P,EX,AD,43.3028529772937,-3.0174575031538,SI,2
13509,SAGRADA FAMILIA (APD),S,Punto KM,P,EX,AD,43.3086133569363,-3.053692141396,SI,2
A6144,EXOLUM (CGD),S,Garita,G,EX,AD,37.5995950145006,-0.914386368366836,SI,2
60602,ALBACETE MERCANCIAS,S,Estación,E,EX,AD,39.0096729477733,-1.85836118918652,SI,2
43012,VILLARRASA (APD),P,Punto KM,P,EX,AD,37.3869846539323,-6.59882650817552,SI,2
43015,NIEBLA-PUERTA DEL BUEY (APD),P,Punto KM,P,EX,AD,37.3585013616688,-6.68126136681924,SI,2
65405,LAMETLLA DE MAR,P,Túnel,T,EX,AD,40.8861998719155,0.800436416697373,SI,2
42003,VALENCIA DEL VENTOSO,S,Túnel,T,EX,AD,38.2574516593073,-6.45399580201743,SI,2
42006,CUMBRES MAYORES,P,Túnel,T,EX,AD,38.0532714899812,-6.63100775859713,SI,2
42009,ALMONASTER-CORTEGANA (APD),P,Punto KM,P,EX,AD,37.9012212716681,-6.79732867400764,SI,2
42013,EL TAMUJOSO (APD),P,Punto KM,P,EX,AD,37.7203199339685,-6.90053923491517,SI,2
42018,EL COBUJON (APD),P,Punto KM,P,EX,AD,37.5165007548461,-6.95339912391811,SI,2
40113,CAZALLA-CONSTANTINA,P,Apeadero,A,EX,AD,37.932786360772,-5.70440523649654,SI,2
54516,FUENGIROLA,S,Estación,E,EX,AD,36.5417512467654,-4.62402725959201,SI,1
B4301,BIF. CARTUJA,S,Bifurcación,B,EX,AD,37.425776874711,-6.00134357246945,SI,3
43001,ALAMILLO,S,Apeadero,A,EX,AD,37.4177331598986,-6.0234528037751,SI,2
43009,ESCACENA,P,Túnel,T,EX,AD,37.3978419255223,-6.39201363581544,SI,2
73023,CAMBIADOR DE PUIGVERD,S,Fin de línea,F,FS,AV,41.553976960611,0.736089674670955,NO,0
A7070,"CAMBIADOR PLASENCIA AG. KM. 308,6",S,Bifurcación,B,EX,AD,41.7054009345817,-1.21664356346355,SI,3
71707,EL PRAT DE LLOBREGAT,S,Estación,E,EX,AD,41.3309039228483,2.08931618897604,SI,3
61012,CIEZA,P,Apeadero,A,EX,AD,38.2465891967104,-1.42179579132242,SI,2
33013,CIUDAD RODRIGO,P,Estación,E,EX,AD,40.6087228579969,-6.5304688588448,SI,2
50414,LOS MAJUELOS (CGD),S,Garita,G,EX,AD,37.9413858178857,-4.47600142115027,SI,2
50601,AZANAQUE,S,Apartadero,Y,FS,AD,37.5927378351439,-5.63502560383954,SI,2
51102,LOS MERINALES (APD),S,Apartadero,Y,FS,AD,37.3088536140627,-5.96924543883304,SI,2
51202,LAS CABEZAS DE SAN JUAN,P,Túnel,T,EX,AD,37.0193839334807,-5.94639948741655,SI,2
51206,CAÑADA ANCHA,S,Apartadero,Y,FS,AD,36.7185023389881,-6.09478846149439,SI,2
51301,EL PORTAL,S,Apartadero,Y,FS,AD,36.6379270032715,-6.13186000819518,SI,2
51304,AZUCARERA DEL GUADALETE,S,Apartadero,Y,FS,AD,36.6573078829003,-6.12707438337306,SI,2
56304,NACIMIENTO,S,Apartadero,Y,FS,AD,37.1369103544828,-2.63007794315114,SI,2
56314,HOLCIM,S,Apartadero,Y,FS,AD,36.9390406013807,-2.46856708584858,SI,2
42017,KM. 143.6 (LA ENCARNACIÓN),S,Cargadero,K,FS,AD,37.5466001529323,-6.92767238274602,SI,2
B6502,BIF.GRAO VALENCI,S,Fin de línea,F,FS,AD,39.4509279323546,-0.34153526684707,NO,0
08014,PINAR DE ANTEQUERA,S,Estación,E,EX,AV,41.5925414379066,-4.75172219853721,SI,2
11108,CASTIL PEONES APD,S,Apartadero,Y,FS,AD,42.4859827835321,-3.38865984866631,SI,2
80008,ZUASTI,S,Túnel,T,EX,AD,42.8538020985872,-1.74853034033372,SI,2
80104,BIURRUN-CAMPANAS,S,Túnel,T,EX,AD,42.6898690909853,-1.65240672390591,SI,2
80105,CARRASCAL,S,Túnel,T,EX,AD,42.6527414562408,-1.64559025964732,SI,2
80109,OLITE-ERRIBERRI,P,Túnel,T,EX,AD,42.4850176852354,-1.64991624902092,SI,2
80111,PITILLAS (APD),S,Apartadero,Y,FS,AD,42.4230217484433,-1.63077753344899,SI,2
80114,MARCILLA DE NAVARRA,P,Túnel,T,EX,AD,42.3347867452506,-1.71738119230893,SI,2
81003,BRIONES,S,Túnel,T,EX,AD,42.5449223836865,-2.77957961141801,SI,2
81004,SAN ASENSIO,S,Túnel,T,EX,AD,42.5205975693341,-2.74586461116663,SI,2
81005,CENICERO,S,Túnel,T,EX,AD,42.4851810064009,-2.63130244571759,SI,2
81006,FUENMAYOR,S,Apeadero,A,EX,AD,42.4879134580034,-2.57079290813772,SI,2
81010,CENICERO-SAN ISIDRO (APD),S,Apartadero,Y,FS,AD,42.4821842569049,-2.64641719358563,SI,2
81011,HARO-EL PARDO (APD),S,Apartadero,Y,FS,AD,42.5775414966737,-2.84284362197399,SI,2
13113,BIDEBIETA-BASAURI,S,Estación,E,EX,AD,43.2369159225987,-2.88955044442341,SI,2
13114,OLLARGAN,S,Túnel,T,EX,AD,43.2424457020983,-2.91649995270181,SI,2
10411,ATAQUINES,S,Túnel,T,EX,AD,41.1781831591769,-4.79203366403629,SI,2
70111,LA GARENA (APD),P,Punto KM,P,EX,AD,40.4805198325194,-3.39304291307684,SI,2
70107,ALCALA DE H.-UNIVERSIDAD (APD),P,Punto KM,P,EX,AD,40.5052967349748,-3.33523262859935,SI,2
70201,FONTANAR,S,Apartadero,Y,FS,AD,40.719322623661,-3.1698121658612,SI,2
B6401,BIF. VALLADA,S,Fin de línea,F,FS,AD,38.911071286698,-0.685379031146171,NO,0
64200,SILLA,P,Estación,E,EX,AD,39.3617663327335,-0.41494981301051,SI,4
A6090,"S. VICENTE RASPEIG-AGJ KM. 448,7",S,Bifurcación,B,EX,AD,38.3825880039099,-0.528951193806664,SI,2
22003,SANTO ESTEVO DO SIL,P,Túnel,T,EX,AD,42.4274753009772,-7.66301012122091,SI,2
22004,SAN PEDRO DO SIL (APD),P,Punto KM,P,EX,AD,42.4530602901664,-7.71294806535048,SI,2
22002,AREAS (APD),P,Punto KM,P,EX,AD,42.4579264199852,-7.62917367791202,SI,2
22006,BARRA DE MIÑO,P,Túnel,T,EX,AD,42.4010563929101,-7.80266225757373,SI,2
22101,BARBANTES,P,Túnel,T,EX,AD,42.3385462685228,-8.0115933796479,SI,2
22110,CALDELAS (APD),P,Punto KM,P,EX,AD,42.0558051744078,-8.56638998027809,SI,2
21002,MIÑO (APD),P,Punto KM,P,EX,AD,43.3423025260796,-8.20540383376266,SI,2
21004,PONTEDEUME,P,Apeadero,A,EX,AD,43.4117674964786,-8.18037843534816,SI,2
21009,NEDA,P,Túnel,T,EX,AD,43.4953855251594,-8.16098591215673,SI,2
21001,BETANZOS-CIDADE,P,Túnel,T,EX,AD,43.2841568452132,-8.21586195281506,SI,2
21003,PERBES (APD),P,Punto KM,P,EX,AD,43.3781787790827,-8.201086030998,SI,2
21005,CABANAS (APD),P,Punto KM,P,EX,AD,43.4156178558517,-8.168830289607,SI,2
21008,PERLIO (APD),P,Punto KM,P,EX,AD,43.4722971631501,-8.17503268256897,SI,2
22001,CANAVAL,P,Estación,E,EX,AD,42.4827021269117,-7.5876267593539,SI,2
72201,EL VENDRELL,S,Estación,E,EX,AD,41.2208221445452,1.53788417870086,SI,2
72203,ELS MONJOS,S,Apeadero,A,EX,AD,41.3146844379056,1.65994623066148,SI,2
11406,ITSASONDO (APD),S,Punto KM,P,EX,AD,43.0684410651985,-2.162626028205,SI,2
35702,DOCE DE OCTUBRE (APD),S,Punto KM,P,EX,AD,40.3788914732765,-3.69890076787051,SI,2
35703,ORCASITAS,S,Túnel,T,EX,AD,40.3663549594342,-3.70470780212436,SI,2
35704,PUENTE ALCOCER (APD),S,Punto KM,P,EX,AD,40.3503682638617,-3.70518385272271,SI,2
37010,LAS MARGARITAS (APD),S,Punto KM,P,EX,AD,40.3229522458075,-3.72725842558405,SI,2
37003,"BUTANO, S.A. (APT-CGD)",S,Apeadero,A,EX,AD,40.2669329120092,-3.73925736680456,SI,2
B0102,KM. 98.5 ( BIF. MALAGA ),S,Cargadero,K,EX,AD,37.2144269164884,-4.85912887552372,SI,2
69110,GANDIA,S,Estación,E,EX,AD,38.9703153732919,-0.179998816873579,SI,1
15105,LA SECA (APD),S,Apartadero,Y,FS,AD,42.7578635120585,-5.64332521015732,SI,2
15106,LA ROBLA,P,Estación,E,EX,AD,42.8039677439652,-5.62642811733112,SI,3
15113,BUSDONGO,P,Apeadero,A,EX,AD,42.9844591861778,-5.70530637808496,SI,2
15118,PUENTE DE LOS FIERROS,P,Apeadero,A,EX,AD,43.0717099883499,-5.76941436455344,SI,2
15122,POLA DE LENA,P,Apeadero,A,EX,AD,43.1586609072162,-5.83101094977514,SI,3
15200,UJO,P,Túnel,T,EX,AD,43.2060199820305,-5.79266894969207,SI,2
15205,ABLAÑA,P,Túnel,T,EX,AD,43.2674001293615,-5.8047600232107,SI,5
15208,SOTO DE REY,S,Estación,E,EX,AD,43.3063703938931,-5.85581790772003,SI,3
15218,LLAMAQUIQUE (APD),P,Punto KM,P,EX,AD,43.3588169405732,-5.85734013143199,SI,2
15211,OVIEDO,P,Estación,E,EX,AD,43.3663090657023,-5.85488482978165,SI,4
15212,LUGONES,S,Apeadero,A,EX,AD,43.404217763764,-5.81193760882373,SI,3
10000,MADRID-PRINCIPE PIO,P,Estación,E,EX,AD,40.4222541531756,-3.72012287561797,SI,2
B7900,BIF. SAGRERA,S,Bifurcación,B,EX,AD,41.4146306647727,2.19202429757609,SI,2
71103,FUENTES DE EBRO,P,Apeadero,A,EX,AD,41.5151389273467,-0.6186768557288,SI,2
71104,PINA (APD),S,Apartadero,Y,FS,AD,41.4801186936767,-0.557191174945612,SI,2
78709,SABADELL NORD (APD),S,Punto KM,P,EX,AD,41.5618299161045,2.09664215343699,SI,2
78704,SABADELL CENTRE (APD),S,Punto KM,P,EX,AD,41.5478885085506,2.11496335267267,SI,2
78703,SABADELL SUD,S,Estación,E,EX,AD,41.5286703949439,2.10541777316385,SI,2
78705,BARBERA DEL VALLES (APD),S,Punto KM,P,EX,AD,41.5135626910445,2.11844992462854,SI,2
20109,TORRE DEL BIERZO,P,Túnel,T,EX,AD,42.5954736591424,-6.32891945608147,SI,2
20203,VILLADEPALOS (APD),P,Punto KM,P,EX,AD,42.5368607082541,-6.75114010898662,SI,2
20201,DEHESAS,S,Túnel,T,EX,AD,42.5437643081802,-6.68611711923243,SI,2
13006,ARTOMAÑA,S,Túnel,T,EX,AD,42.9867745141651,-2.97972871077708,SI,2
13106,LLODIO,P,Estación,E,EX,AD,43.1423202070821,-2.96066982299325,SI,2
74200,HUESCA,P,Estación,E,EX,AD,42.1333019602462,-0.409757081409616,SI,1
B6000,BIF. CERRO NEGRO/STA. CATALINA,S,Bifurcación,B,EX,AV,40.39060942715,-3.67306467255245,SI,4
37006,YELES,S,Otro,O,EX,AV,40.1387667349417,-3.76961683172895,SI,2
37113,LA SAGRA,S,Estación,E,EX,AV,39.9828392187739,-3.83784423407744,SI,3
92102,TOLEDO,P,Estación,E,EX,AV,39.8623744430564,-4.01119820279798,SI,1
C3715,"PK KM. 137,7",S,Cargadero,K,EX,AV,39.2695151027408,-3.88304918727656,SI,2
37110,MALAGON,S,Estación,E,EX,AV,39.1658213091083,-3.86048859389027,SI,2
B3770,BIF.CAMBIADOR ALCOLEA,S,Bifurcación,B,EX,AV,37.9225458664012,-4.69908465284393,SI,3
C3784,"PK KM. 394,4",S,Cargadero,K,EX,AV,37.7331404600302,-5.31337962817822,SI,2
02005,LOS PRADOS-A. V.,S,Estación,E,EX,AV,36.6982714167603,-4.47693108029998,SI,2
10202,LAS ZORRERAS-NAVALQUEJIGO (APD),P,Punto KM,P,EX,AD,40.6092540401705,-4.04635155505976,SI,2
35404,HERRERUELA (APD),S,Apartadero,Y,FS,AD,39.3952510478217,-6.8958240058825,SI,2
20100,ASTORGA,P,Estación,E,EX,AD,42.4594491114783,-6.04724668746506,SI,2
35100,VILLALUENGA-YUNCLER,S,Túnel,T,EX,AD,40.0323237841253,-3.90235356845891,SI,3
35206,NAVALMORAL DE LA MATA,P,Apeadero,A,EX,AD,39.8948415987376,-5.54564584651475,SI,2
30000,MONFRAGÜE,P,Túnel,T,EX,AD,39.9374806185264,-6.10105753259755,SI,3
B3531,"MONFRAGÜE-AGUJA KM.255,4",S,Bifurcación,B,EX,AD,39.9252898285996,-6.13973823217742,SI,3
35304,RIO TAJO (APD),S,Punto KM,P,EX,AD,39.7045349857477,-6.45755349424691,SI,2
B6731,"SAGUNT-AGUJA KM. 32,3",S,Bifurcación,B,EX,AD,39.6682296768986,-0.275779490687425,SI,3
71403,TARRAGONA-MERCADERIES,S,Estación,E,EX,AD,41.1110540722175,1.22475247041393,SI,3
70002,ASAMBLEA MADRID-ENTREVIAS (APD),P,Punto KM,P,EX,AD,40.3817267015966,-3.66791645330432,SI,2
70001,VALLECAS-INDUSTRIAL,S,Estación,E,EX,AD,40.3806184014939,-3.63027873426609,SI,3
23016,SANTIAGO CORNES,S,Garita,G,FS,AD,42.869705191677,-8.55234104598252,NO,0
37108,EL EMPERADOR,S,Estación,E,EX,AV,39.3350774313848,-3.87426639580086,SI,2
78801,TORRE BARÓ-VALLBONA,S,Punto KM,P,EX,AD,41.4616284021415,2.18037103350369,SI,2
78802,FABRA I PUIG,S,Estación,E,EX,AD,41.430951335006,2.18311039844738,SI,2
78805,PLAÇA DE CATALUNYA,P,Estación,E,EX,AD,41.3875801270893,2.16925804224755,SI,2
77001,"KM. 10,572 ( MONTCADA I REIXAC-SANT JOAN )",S,Apartadero,Y,FS,AD,41.4821000509665,2.18508877497943,SI,2
77002,MONTCADA-RIPOLLET,S,Estación,E,EX,AD,41.4967573860657,2.18190650574637,SI,2
77003,SANTA PERPETUA DE MOGODA LA FLORIDA,S,Punto KM,P,EX,AD,41.5216621979851,2.19431028810798,SI,2
77004,MOLLET-SANTA ROSA,S,Apeadero,A,EX,AD,41.5366481421778,2.20615973373853,SI,2
A7701,PALOU (CGD),S,Garita,G,EX,AD,41.5880469516463,2.27226588018441,SI,2
77101,"KM. 33,700 ( LLERONA )",S,Apartadero,Y,FS,AD,41.6502508483632,2.29694681755543,SI,2
77103,FIGARO,S,Túnel,T,EX,AD,41.7223098511675,2.27162813274162,SI,2
77104,SANT MARTI DE CENTELLES,S,Túnel,T,EX,AD,41.7605771352138,2.24894004027778,SI,2
77105,CENTELLES,S,Estación,E,EX,AD,41.7993412295852,2.22263384243733,SI,2
77106,BALENYA-ELS HOSTALETS (APD),S,Punto KM,P,EX,AD,41.8148959515363,2.23332731361357,SI,2
77107,BALENYA-TONA-SEVA,S,Apeadero,A,EX,AD,41.8419249756498,2.2474743128674,SI,2
77108,"KM. 63,094 ( TARADELL-MONT-RODOM )",S,Apartadero,Y,FS,AD,41.879388857702,2.25668199529337,SI,2
77110,MANLLEU,S,Túnel,T,EX,AD,41.999901630764,2.26928676443673,SI,2
77111,TORELLO,S,Túnel,T,EX,AD,42.0520269273883,2.25999991189635,SI,2
77112,BORGONYA (APD),S,Punto KM,P,EX,AD,42.0646363899204,2.24191673054081,SI,2
77113,SANT QUIRZE DE BESORA-MONT.,S,Túnel,T,EX,AD,42.1048291071617,2.2176949482453,SI,2
B0861,"BIF. A GRANDEIRA AG. KM. 85,0",S,Bifurcación,B,EX,AV,42.8576836448593,-8.53312749530635,SI,3
60701,CHINCHILLA DE MONTEARAGON,S,Garita,G,EX,AD,38.9036909843259,-1.69458788560241,SI,2
16404,LA MARUCA (CGD),S,Garita,G,EX,AD,43.5756908887717,-5.92864121468824,SI,2
23006,PORTAS,S,Apeadero,A,EX,AD,42.587476662833,-8.65796495986154,SI,1
15019,RIO BERNESGA,S,Estación,E,EX,AD,42.5546755297686,-5.5896324427808,SI,4
XX010,EL MUSEL,S,Otro,O,EX,AD,43.5543286166903,-5.69971502259171,SI,2
XX012,"AGUJA KM 8,640",S,Otro,O,EX,AD,40.3457236160757,-3.69424739930358,SI,1
54414,MALAGA-PUERTO,S,Fin de línea,F,FS,OT,36.711938196042,-4.41900696370066,NO,0
95104,MADRID-ABROÑIGAL,S,Otro,O,EX,AD,40.3836196346666,-3.68102294393949,SI,1
60000,MADRID-P. DE ATOCHA ALMUDENA GRANDES,P,Estación,E,EX,AV,40.4062594246225,-3.69058339811801,SI,2
50100,MANZANARES,P,Estación,E,EX,AD,39.0058060782698,-3.37053888599765,SI,3
50102,VALDEPEÑAS,P,Estación,E,EX,AD,38.7632950057252,-3.39594543735327,SI,2
B5102,BIF. TAMARGUILLO,S,Bifurcación,B,EX,AD,37.4240285671468,-5.95085255098044,SI,3
05018,KM. 18.8,S,Apartadero,Y,FS,AD,37.0326870817728,-4.53421718544178,SI,2
54202,CASARICHE,S,Túnel,T,EX,AD,37.2946086005669,-4.76438349087627,SI,2
35208,TORIL,S,Apartadero,Y,FS,AD,39.8945314021836,-5.79171876024967,SI,2
35209,LA BAZAGONA,S,Túnel,T,EX,AD,39.9152555976379,-5.89785511353771,SI,2
35301,MIRABEL,P,Apeadero,A,EX,AD,39.8661685317675,-6.22890651796529,SI,2
35302,CASAS DE MILLAN (APD),P,Punto KM,P,EX,AD,39.8120771395833,-6.32570380217211,SI,2
35303,CAÑAVERAL,P,Apeadero,A,EX,AD,39.7889624569678,-6.37454332218722,SI,2
35305,CASAR DE CACERES,S,Túnel,T,EX,AD,39.6203774974434,-6.48056576910591,SI,2
35401,ALDEA MORET,S,Apartadero,Y,FS,AD,39.4486080058524,-6.39188246561241,SI,2
35402,ARROYO DE MALPARTIDA,P,Apeadero,A,EX,AD,39.468073595583,-6.53441962332364,SI,2
35403,ALISEDA,S,Apartadero,Y,FS,AD,39.4293595494038,-6.70521616852573,SI,2
35405,SAN VICENTE DE ALCANTARA,P,Apeadero,A,EX,AD,39.3815261388488,-7.11706531117024,SI,2
37008,VILLASECA Y MOCEJON,S,Apeadero,A,EX,AD,39.9459036424359,-3.85067720081089,SI,2
91002,VILLALUENGA-ASLAND,S,Estación,E,EX,AD,40.0105514963056,-3.90366707954179,SI,2
66103,CAÑADA DEL HOYO (APD),P,Fin de línea,F,FS,AD,39.9538320909802,-1.88958254812445,NO,0
05376,SANTA CRUZ,P,Punto KM,P,EX,AD,43.1959694446268,-5.77759444422283,SI,2
05103,SANTA ICIA,P,Punto KM,P,EX,AD,43.4997444445401,-8.20008333303892,SI,2
05315,VEGA DE ANZO,P,Estación,E,EX,AD,43.3892944448324,-6.00565833377311,SI,2
05197,VEGADEO PUEBLO,P,Punto KM,P,EX,AD,43.4730416663679,-7.05030000001893,SI,2
05229,VEGARROZADAS,P,Punto KM,P,EX,AD,43.5511583336591,-5.99531388924396,SI,2
05575,VIDIAGO,P,Punto KM,P,EX,AD,43.3966277777872,-4.6727305560301,SI,2
05199,VILAVEDELLE,P,Punto KM,P,EX,AD,43.4912694438772,-7.03596388914377,SI,2
05796,VILLA ROMANA,P,Punto KM,P,EX,AD,42.6290833330474,-5.56130833347955,SI,2
05561,VILLAHORMES,P,Punto KM,P,EX,AD,43.4419527777534,-4.90369444404473,SI,2
05535,VILLAMAYOR,P,Estación,E,EX,AD,43.3630805550275,-5.30243055595129,SI,2
05279,VILLAPEDRE,P,Punto KM,P,EX,AD,43.5466333334162,-6.64550000050529,SI,2
05777,VILLAQUILAMBRE,P,Punto KM,P,EX,AD,42.6468555560084,-5.55399722291757,SI,2
05785,VILLASINTA,P,Punto KM,P,EX,AD,42.6575111107466,-5.54928611116171,SI,2
05673,VILLAVERDE DE PONTONES,P,Punto KM,P,EX,AD,43.4112527779767,-3.70361944422885,SI,2
05493,VILLAVERDE DE TRUCIOS,P,Punto KM,P,EX,AD,43.2412805560647,-3.2504750004638,SI,2
05751,VILLAVERDE TARILONTE,P,Punto KM,P,EX,AD,42.8183249996343,-4.68562500066893,SI,2
05633,VIRGEN DE LA PEÑA,P,Estación,E,EX,AD,43.3231000003185,-4.19361944397151,SI,2
05104,VIRXE DO MAR,P,Punto KM,P,EX,AD,43.4965083327719,-8.20493611094806,SI,2
05955,VISTA ALEGRE,P,Punto KM,P,EX,AD,37.6093222230354,-0.94411388813344,SI,2
05155,VIVEIRO,P,Estación,E,EX,AD,43.6571222227102,-7.60016666724305,SI,2
05156,VIVEIRO APD,P,Punto KM,P,EX,AD,43.6630916663096,-7.59213055505856,SI,2
05208,XIVARES,P,Punto KM,P,EX,AD,43.5659583333852,-5.72878611081997,SI,2
05410,XIXUN,P,Punto KM,P,EX,AD,43.3712749998596,-5.69357222214753,SI,2
05161,XOVE,P,Estación,E,EX,AD,43.6809416669666,-7.49551111159644,SI,2
05159,XOVE POBO,P,Punto KM,P,EX,AD,43.6835138889571,-7.51096111045532,SI,2
05157,XUANCES,P,Punto KM,P,EX,AD,43.6880638889836,-7.55393055572898,SI,2
05107,XUVIA,P,Estación,E,EX,AD,43.5172388885906,-8.16141111199992,SI,2
05762,YUGUEROS,P,Punto KM,P,EX,AD,42.8097583334869,-5.18009722137684,SI,2
05625,SANTA ISABEL DE QUIJAS,P,Punto KM,P,EX,AD,43.3590611113836,-4.11178888874664,SI,2
05131,SANTA MARIA DE MERA,P,Punto KM,P,EX,AD,43.6409416665984,-7.91623055481097,SI,2
05261,SANTA MARINA,P,Punto KM,P,EX,AD,43.5526333332915,-6.30517222205163,SI,2
05231,SANTIAGO DEL MONTE,P,Estación,E,EX,AD,43.5408500001147,-6.02804999928818,SI,2
05752,SANTIBAÑEZ DE LA PEÑA,P,Punto KM,P,EX,AD,42.8020666667653,-4.74161944457802,SI,2
05537,SEBARES,P,Estación,E,EX,AD,43.3624027777877,-5.25701388935539,SI,2
05111,SEDES,P,Punto KM,P,EX,AD,43.542630555382,-8.14020277774518,SI,2
05137,SENRA,P,Punto KM,P,EX,AD,43.6688000003292,-7.85451111079262,SI,2
05967,SIERRA MINERA,P,Punto KM,P,EX,AD,37.6198361115142,-0.864797222418126,SI,2
05467,SODUPE,P,Estación,E,EX,AD,43.2019999996431,-3.05041666650456,SI,2
05665,SOLARES,P,Estación,E,EX,AD,43.3871500000582,-3.73150555650569,SI,2
05738,SONCILLO,P,Punto KM,P,EX,AD,43.0058222219522,-3.84476944460244,SI,2
05790,SORRIBA,P,Punto KM,P,EX,AD,42.7862611113985,-5.12756666624723,SI,2
05405,SOTIELLO,P,Estación,E,EX,AD,43.5072527779751,-5.72641111062053,SI,3
05539,SOTO DE DUEÑAS,P,Estación,E,EX,AD,43.3581333337015,-5.22674444372444,SI,2
05255,SOTO DE LUIÑA,P,Estación,E,EX,AD,43.5594888889174,-6.23456666691267,SI,2
05233,SOTO DEL BARCO,P,Estación,E,EX,AD,43.5290388887323,-6.07155000029248,SI,2
05308,SOTO UDRION,P,Punto KM,P,EX,AD,43.3564916673064,-5.96506944499264,SI,3
05734,SOTOSCUEVA,P,Punto KM,P,EX,AD,43.0452083336546,-3.68830833372339,SI,2
05437,SOTRONDIO,P,Estación,E,EX,AD,43.2760833330851,-5.60487777758511,SI,2
05367,SUEROS (HUNOSA),S,Garita,G,EX,AD,43.2571611103985,-5.78429444472277,SI,2
05265,TABLIZO,P,Punto KM,P,EX,AD,43.5481333332801,-6.35153055543637,SI,2
05293,TAPIA,P,Punto KM,P,EX,AD,43.5349138889393,-6.90934444460056,SI,2
05779,TERMICA VELILLA,S,Garita,G,EX,PA,42.8097869090013,-4.85187059524832,SI,1
05295,TOL,P,Punto KM,P,EX,AD,43.5271749998352,-6.95203055477847,SI,2
05547,TORAÑO,P,Estación,E,EX,AD,43.4122027772691,-5.1178361113192,SI,2
05621,TORRELAVEGA CENTRO,P,Estación,E,EX,AD,43.3511666670161,-4.05123055549949,SI,2
05487,TRASLAVIÑA,P,Estación,E,EX,AD,43.2333472222935,-3.19827777719789,SI,2
05217,TRASONA,P,Estación,E,EX,AD,43.5518444445011,-5.8743527771428,SI,2
05641,TRECEÑO,P,Estación,E,EX,AD,43.3184111113154,-4.30887222226449,SI,2
05203,TREMAÑES CARREÑO,P,Punto KM,P,EX,AD,43.5286277772857,-5.69458333299715,SI,2
05403,TREMAÑES LANGREO,P,Punto KM,P,EX,AD,43.527283332886,-5.69051388912327,SI,2
05683,TRETO,P,Estación,E,EX,AD,43.3941111115326,-3.4694000004258,SI,2
05311,TRUBIA,P,Estación,E,EX,AD,43.348580555689,-5.96770555498771,SI,2
05421,TUILLA,P,Estación,E,EX,AD,43.3281166669854,-5.64321944452996,SI,2
05689,UDALLA,P,Punto KM,P,EX,AD,43.3137083339109,-3.44552777784976,SI,2
05375,UJO TARUELO,P,Estación,E,EX,AD,43.20061944447,-5.7880694439591,SI,2
05722,UNGO NAVA,P,Punto KM,P,EX,AD,43.1515999998706,-3.26624722207892,SI,2
05649,UNQUERA,P,Estación,E,EX,AD,43.3749138889101,-4.51455555613193,SI,2
05749,VADO-CERVERA,P,Estación,E,EX,AD,42.8392833335065,-4.49435833316654,SI,2
05757,VALCUENDE,P,Punto KM,P,EX,AD,42.7653638895876,-4.92961666647237,SI,2
05602,VALDECILLA LA MARGA,P,Punto KM,P,EX,AD,43.452741666808,-3.82851666753072,SI,3
05797,VALDEPIELAGO,P,Punto KM,P,EX,AD,42.8649222223828,-5.40326388850624,SI,2
05807,VALDERILLA,P,Punto KM,P,EX,AD,42.7199138891091,-5.52955277851294,SI,2
05416,VALDESOTO,P,Punto KM,P,EX,AD,43.3584500000998,-5.65853888833176,SI,2
05257,VALDREDO,P,Punto KM,P,EX,AD,43.566419444213,-6.26316111174341,SI,2
05760,VALLE DE LAS CASAS,P,Punto KM,P,EX,AD,42.7678833334793,-5.07105833264551,SI,2
05652,VALLE REAL,P,Punto KM,P,EX,AD,43.4274583332898,-3.84036666724806,SI,2
05300,VALLOBIN,P,Punto KM,P,EX,AD,43.3652694438583,-5.86486388798587,SI,2
B7193,"CAN TUNIS AGUJA KM. 18,3",S,Bifurcación,B,EX,AD,41.3394132994704,2.09867866017967,SI,2
B6500,BIF. PUERTO CABANYAL,S,Bifurcación,B,EX,AD,39.4420722388434,-0.340874055935689,SI,3
94005,CIUDAD REAL-MIGUELTURRA,S,Túnel,T,EX,AD,38.9715808671933,-3.89525257847959,SI,3
79400,BARNA.-EST. DE FRANÇA,P,Estación,E,EX,AD,41.3844335566633,2.18532449531958,SI,1
B7901,BIF. AIGÜES,S,Bifurcación,B,EX,AD,41.4557519299707,2.19159644006445,SI,3
79011,LA LLAGOSTA,S,Apeadero,A,EX,AD,41.5104245874393,2.19974519598386,SI,3
79005,MONTCADA I REIXAC,S,Túnel,T,EX,AD,41.484191340973,2.18808461570999,SI,2
75111,CELLERS-LLIMIANA (APD),P,Punto KM,P,EX,CA,42.0586569223812,0.882936013702708,NO,0
65303,LAS VILLAS DE BENICASSIM,S,Apartadero,Y,FS,AD,40.0570910864295,0.0873142880180658,SI,2
73022,RIU MILANS,S,Estación,E,EX,AD,41.4073542239425,1.03223218570627,SI,2
67003,CADRETE,S,Apartadero,Y,FS,AD,41.5665760717863,-0.966780963460028,SI,2
67108,CAUDE-TABLARES,S,Apartadero,Y,FS,AD,40.4098074816814,-1.19489264042049,SI,2
67209,TORAS-BEJIS,S,Apartadero,Y,FS,AD,39.9474610697666,-0.683184978570018,SI,2
67218,ALGAR DE PALANCIA,S,Túnel,T,EX,AD,39.772195287648,-0.367455300089564,SI,2
67216,ALGIMIA-CIUDAD (APD),S,Punto KM,P,EX,AD,39.752958167744,-0.365733762438918,SI,2
67220,ALGIMIA DE ALFARA-TORRES-TORRES,S,Apartadero,Y,FS,AD,39.7459563426492,-0.367255674512451,SI,2
18101,SOL (APD),S,Estación,E,EX,AD,40.4169268089937,-3.70311883541576,SI,2
60702,VILLAR DE CHINCHILLA,S,Apartadero,Y,FS,AD,38.9061737803926,-1.48997697029078,SI,2
66008,HUELVES (APD),S,Fin de línea,F,FS,AD,40.0436133593165,-2.88545504761135,NO,0
66010,VELLISCA (APD),S,Fin de línea,F,FS,AD,40.1121997370715,-2.79639774205122,NO,0
66012,CARACENILLA (APD),S,Fin de línea,F,FS,AD,40.1535334405324,-2.56798779586974,NO,0
66013,CASTILLEJO DEL ROMERAL (APD),P,Fin de línea,F,FS,AD,40.137115366552,-2.5068927209037,NO,0
66014,CUEVAS DE VELASCO (APD),P,Fin de línea,F,FS,AD,40.1554518422001,-2.40853939705237,NO,0
66015,VILLAR DEL SAZ DE NAVALON (APD),S,Fin de línea,F,FS,AD,40.1692096237619,-2.35776270065746,NO,0
66016,CHILLARON (APD),P,Fin de línea,F,FS,AD,40.102854850239,-2.22101338347326,NO,0
66101,KM. 157.7,S,Fin de línea,F,FS,AD,40.0285806334185,-2.091230624581,NO,0
A0660,CAN TUNIS-A. V.,S,Estación,E,EX,AV,41.3437518617998,2.11549106988007,SI,1
B0101,BIF. ARCHIDONA,S,Bifurcación,B,EX,AV,37.1216786478512,-4.41585584437709,SI,2
78501,SANT GUIM DE FREIXENET (APD),P,Punto KM,P,EX,AD,41.6559095388746,1.42058333271452,SI,2
78604,SANT VICENÇ DE CASTELLET,P,Estación,E,EX,AD,41.6687385006522,1.86265015402282,SI,2
78600,MANRESA,P,Estación,E,EX,AD,41.7203804496338,1.82645014392165,SI,2
77100,LES FRANQUESES DEL VALLES,S,Estación,E,EX,AD,41.6297831344229,2.29511362384078,SI,2
70715,CAMBIADOR PLASENCIA DE JALÓN,S,Cruce,C,EX,AV,41.6963418010427,-1.22813657287167,SI,2
05504,PARQUE PRINCIPADO,P,Punto KM,P,EX,AD,43.3865805552305,-5.80893333346393,SI,2
05735,PEDROSA,P,Estación,E,EX,AD,43.0123305556304,-3.73784166695613,SI,2
05113,PEDROSO DE NARON,P,Punto KM,P,EX,AD,43.5366388885053,-8.10922499945489,SI,2
05772,PEDRUN,P,Punto KM,P,EX,AD,42.790808333746,-5.50704444439162,SI,2
05577,PENDUELES,P,Estación,E,EX,AD,43.3927222225822,-4.63006111084862,SI,2
05316,PEÑAFLOR DE GRADO,P,Punto KM,P,EX,AD,43.4029194446963,-6.04535555469688,SI,2
05237,PEÑAULLAN,P,Punto KM,P,EX,AD,43.4911916668944,-6.09405555535205,SI,2
05209,PERLORA,P,Estación,E,EX,AD,43.5809861109256,-5.75431111110095,SI,2
05647,PESUES,P,Punto KM,P,EX,AD,43.3703111106052,-4.48013888839453,SI,2
05227,PIEDRAS BLANCAS,P,Estación,E,EX,AD,43.5564583329138,-5.97552222186341,SI,2
05531,PINTUELES,P,Punto KM,P,EX,AD,43.3598750004598,-5.38417499991278,SI,2
05407,PINZALES,P,Estación,E,EX,AD,43.4865111110276,-5.7195666673793,SI,2
05105,PIÑEIROS,P,Punto KM,P,EX,AD,43.5094916668764,-8.18391388931955,SI,2
05281,PIÑERA-VILLAORIL,P,Punto KM,P,EX,AD,43.5355861110024,-6.68526666742134,SI,2
05383,PIÑERES,P,Estación,E,EX,AD,43.165869443778,-5.68432777776796,SI,2
05513,POLA DE SIERO,P,Estación,E,EX,AD,43.3880361109098,-5.66492222306583,SI,2
05542,POLICLINICO,P,Punto KM,P,EX,AD,43.3788694444027,-5.18618611180143,SI,2
05133,PONTE MERA,P,Estación,E,EX,AD,43.6659666664792,-7.9024638893212,SI,2
05569,POO,P,Punto KM,P,EX,AD,43.4241277781727,-4.78243888958305,SI,2
05563,POSADA,P,Estación,E,EX,AD,43.4249888882213,-4.86496388896143,SI,2
05759,PRADO DE LA GUZPEÑA,P,Punto KM,P,EX,AD,42.7832388888312,-5.02716666653307,SI,2
05325,PRAVIA,P,Estación,E,EX,AD,43.4908861111454,-6.11026111125478,SI,4
05672,PUENTE AGÜERO,P,Punto KM,P,EX,AD,43.4064277783011,-3.71939444491031,SI,2
64004,VALLADA (APD),S,Punto KM,P,EX,AD,38.9113466489863,-0.685456430619178,SI,2
43024,HUELVA-MERCANCIAS (APD),S,Apartadero,Y,FS,AD,37.2617489413203,-6.91661322471137,SI,2
A6142,MOYRESA CGD,S,Garita,G,EX,AD,37.6137142389646,-0.955153263091113,SI,2
23000,REDONDELA-PICOTA (APD),P,Punto KM,P,EX,AD,42.2869183658202,-8.60714129480888,SI,2
05515,LOS CORROS,P,Punto KM,P,EX,AD,43.3768303272724,-5.60155285520391,SI,2
B2300,BIF. ARCADE,S,Bifurcación,B,EX,AD,42.3389834421028,-8.61029814627315,SI,3
B6406,BIF. BENALUA,S,Bifurcación,B,EX,AD,38.3620356821188,-0.531123184023678,SI,3
B6405,BIF. ALACANT,S,Bifurcación,B,EX,AD,38.3458861176608,-0.519932242505602,SI,3
D3546,C. DE R.,S,R,R,EX,AD,39.3960830378534,-7.03131568955184,SI,2
C3600,KM 32.135,S,Cargadero,K,EX,AV,39.1947060578648,-6.37568553888162,NO,0
B2301,BIF. SAN AMARO,S,Bifurcación,B,EX,AV,42.4847176390704,-8.6497821739435,SI,3
B1513,BIF. ONZONILLA,S,Bifurcación,B,EX,AD,42.537737078677,-5.56970732113572,SI,2
Z1302,BASE DE MONTAJE ALBACETE,S,Zona técnica,Z,EX,AV,39.0555587633621,-1.90940786759042,SI,2
XX001,FASA-RENAULT,S,Otro,O,EX,AD,41.9563153316136,-4.50162124636167,SI,1
22310,DAVID FERNANDEZ GRANDE(CGD),S,Garita,G,EX,AD,42.2888843908927,-8.64397945807496,SI,2
22301,MURADAS(CGD),S,Garita,G,EX,AD,42.2874704731812,-8.64924579511296,SI,2
C7931,"P.K.274,305(FRONTERA)",S,Cargadero,K,EX,AV,42.4348227669011,3.15919981070183,SI,2
C7932,"P.K.274,305(FRONTERA)",S,Fin de línea,F,FS,AD,42.434891825698,3.15960161962358,NO,0
23200,CARRIL,S,Apartadero,Y,FS,AD,42.6082106165363,-8.76746527069869,SI,2
F0505,LOGROSAN,S,Fin de línea,F,FS,AD,39.3406513340358,-5.483523893453,NO,0
F0520,CAMPOLUGAR,S,Fin de línea,F,FS,AD,39.1187335263002,-5.718845500212,NO,0
F0521,MADRIGALEJO,S,Fin de línea,F,FS,AD,39.1710424611355,-5.63116332294235,NO,0
F0522,ZORITA LAVADERO,S,Fin de línea,F,FS,AD,39.2441225819972,-5.52106054375718,NO,0
E1210,LA SAGRERA,S,Estación,E,EC,AV,41.422508085733,2.19345917029166,NO,0
E1330,ALBACETE,S,Estación,E,EC,AV,39.0009128045047,-1.84727457484159,NO,0
E1340,VILLENA,S,Estación,E,EC,AV,38.5860550336058,-0.874860467010072,NO,0
E1345,ALICANTE TÉRMINO,S,Estación,E,EC,AV,38.3445933673272,-0.495519555091917,NO,0
F0523,GUADALUPE,S,Fin de línea,F,FS,OT,39.4500857647616,-5.31856195919238,NO,0
C7510,PK. 1.927,S,Cargadero,K,EX,CA,41.6206783086655,0.650280894959857,NO,0
B2230,BIF. REDONDELA,S,Bifurcación,B,EX,AV,42.2938534332298,-8.60371614426885,SI,3
23020,DODRO,S,Túnel,T,EX,AV,42.7024032598866,-8.73517166594677,SI,2
B2302,BIF. ANGUEIRA,S,Bifurcación,B,EX,AV,42.794333861733,-8.64287726774872,SI,3
08223,VIGO URZAIZ,P,Estación,E,EX,AV,42.2344927461741,-8.71307490399736,SI,1
23021,PADRON BARBANZA,P,Túnel,T,EX,AD,42.7808213980654,-8.6568221334979,SI,2
08224,REDONDELA AV,P,Estación,E,EX,AD,42.2845096516291,-8.60357353911246,SI,3
37700,PUERTOLLANO,P,Estación,E,EX,AV,38.69141485943,-4.11161241485793,SI,4
A8014,PINAR DE ANTEQUERA,S,Apartadero,Y,EX,AV,41.5925010541571,-4.75173330577787,SI,2
08014,DUEÑAS AV,S,Estación,E,EX,AV,41.8479814087207,-4.52402906936408,SI,2
51113,JARDINES DE HERCULES (APD),S,Punto KM,P,EX,AD,37.3327074082888,-5.96400474404074,SI,2
B3200,BIF. ARROYO DE LA GOLOSA,S,Bifurcación,B,EX,AD,41.2819142074442,-4.97039465175266,SI,3
B1401,BIF. VILLAMURIEL DE CERRATO,S,Bifurcación,B,FS,AD,41.9775039323596,-4.49319643226014,SI,3
A7510,"PK. 1,927",S,Cargadero,K,EX,AD,41.620830776201,0.650421379523625,SI,1
B0826,BIF. CLASIFICACION,S,Bifurcación,B,EX,AD,42.5785297209357,-5.57970652031144,SI,3
B0810,BIF. CANAL DUERO,S,Bifurcación,B,EX,AV,41.6957062510121,-4.67975565552314,SI,5
B0814,BIF. VENTA DE BAÑOS,S,Bifurcación,B,EX,AV,41.9266295241442,-4.48467281894454,SI,3
B0817,BIF. CERRATO,S,Bifurcación,B,EX,AV,41.9650059795967,-4.47955345262086,SI,4
B0818,BIF. LAS BARRERAS,S,Bifurcación,B,EX,AV,42.1997251751789,-4.79738696503769,SI,2
08203,VILLADA AV,S,Estación,E,EX,AV,42.2703454758995,-4.95989585832537,SI,2
B0819,BIF. LAS ARENAS,S,Fin de línea,F,FS,AV,42.3945942619001,-5.14353846988878,NO,0
B0823,BIF. VILECHA,S,Fin de línea,F,FS,AV,42.5304646222136,-5.56593805864928,NO,0
A0823,BIF. CAMB. VILECHA,S,Bifurcación,B,EX,AV,42.5370039679519,-5.56942379935913,SI,3
B0824,BIF. ESTADIO MUNICIPAL,S,Bifurcación,B,EX,AV,42.5832798982423,-5.57950472135008,SI,3
70113,AZUQUECA PUERTO SECO (CGD),S,Garita,G,EX,AD,40.5708563712678,-3.25380520220743,SI,2
08201,CAMBIADOR VILLAMURIEL,S,Cruce,C,EX,AV,41.9758918396607,-4.49048539839311,SI,2
08205,CAMBIADOR VILECHA,S,Cruce,C,EX,AV,42.543260866713,-5.572665075339,SI,2
08206,CAMBIADOR CLASIFICACION,S,Cruce,C,EX,AV,42.5816102533844,-5.57963853661646,SI,2
70112,SOTO DEL HENARES(APD),P,Punto KM,P,EX,AD,40.4639584756939,-3.44066100030187,SI,2
B0813,BIF. LAS PAJARERAS,S,Bifurcación,B,EX,AV,41.702684246164,-4.67469876288376,SI,2
97200,MIRASIERRA-PACO DE LUCIA (APD),P,Punto KM,P,EX,AD,40.4997174416434,-3.70995813336455,SI,2
A6410,KM. 3.012 LIM ADIF-FORD,S,Cargadero,K,EX,AD,39.3268545934776,-0.425498774175271,SI,2
A6504,KM. 6.7 LIM ADIF-PTO VALENCIA,S,Cargadero,K,EX,AD,39.438040945244,-0.336623603543608,SI,2
A6505,KM. 7.1 LIM ADIF-PTO VALENCIA,S,Cargadero,K,EX,AD,39.4350512960638,-0.333561788092217,SI,2
A5110,KM. 1.717 LIM ADIF-PUERTO SEVILLA,S,Cargadero,K,EX,AD,37.3367431176328,-5.97502762735061,SI,2
A1650,KM. 0.450 LIM ADIF-ARCELOR,S,Cargadero,K,EX,AD,43.5269177044012,-5.87290178343673,SI,2
A3142,KM. 6.135 LIM ADIF-UNION FENOSA,S,Cargadero,K,EX,AD,43.1691648857431,-8.47075932823297,SI,2
08243,CAMBIADOR DE ZAMORA,S,Fin de línea,F,FS,AV,41.5133885859788,-5.74613009656564,NO,0
08240,MEDINA DEL CAMPO AV,P,Estación,E,EX,AV,41.2910686684686,-4.92355867243617,SI,3
08242,PAET TORO AV,S,Estación,E,EX,AV,41.4756141900156,-5.41253292852535,SI,2
B0840,BIF. CORESES,S,Bifurcación,B,EX,AV,41.5348228849974,-5.6307168869624,SI,2
83008,LA NAVA-TARAZONA,S,Fin de línea,F,FS,AD,41.906307804884,-1.85434937501176,NO,0
08241,CAMB. MEDINA DEL CAMPO AV,S,Cruce,C,EX,AV,41.2921423135686,-4.93467866355067,SI,2
A1703,AG. A5 TUILLA,S,Fin de línea,F,FS,AD,43.3119221938612,-5.67553854320318,NO,0
A1985,P.C. TREMAÑES 1,S,Bifurcación,B,EX,AD,43.5310025121942,-5.69025232883407,SI,2
A1986,P.C. TREMAÑES 2,S,Bifurcación,B,EX,AD,43.5281784930681,-5.68926983091029,SI,2
C5259,AGUJA SUEROS PK 17.5,S,Bifurcación,B,EX,AD,43.2613269007008,-5.78873359801816,SI,2
C5260,AGUJA SUEROS PK 18.5,S,Bifurcación,B,EX,AD,43.2539896222452,-5.78313240571021,SI,2
16502,LA BARCA,S,Apartadero,Y,FS,AD,43.5263825135094,-5.87188688876939,SI,2
C6017,KM 5.900,S,Fin de línea,F,FS,AD,38.7791983790813,-0.903567656749549,NO,0
XX018,AZVISA CENTRO LOGÍSTICO,S,Túnel,T,EX,AD,37.3776036307447,-5.87716712181773,SI,1
XX017,CEPSA FACTORIA,S,Apeadero,A,EX,AD,41.8990667411508,-0.766132338729177,SI,1
C2011,KM. 273.390,S,Cargadero,K,EX,AD,42.4929005894755,-6.83271657080869,SI,2
C1125,KM. 529.1,S,Cargadero,K,EX,AD,42.8665235595196,-2.24157701436337,SI,2
B0323,BIF. JESUS,S,Bifurcación,B,EX,AV,39.4520687894442,-0.382171348670135,SI,3
A6422,BIF. JOAQUIN SOROLLA-UIC,S,Bifurcación,B,EX,AV,39.4474087037683,-0.382979699056541,SI,3
Z1104,BASE DE MONTAJE VILLADA,S,Zona técnica,Z,EX,AV,42.2753548959659,-4.9698870158788,NO,0
11220,MIRANDA DE EBRO CLASIFICACION,S,Estación,E,EX,AD,42.6921441418894,-2.93981810652226,SI,2
20324,POBRA DE SAN XIAN,S,Túnel,T,EX,AD,42.8701758699157,-7.45510486380146,SI,2
64010,LA PARRILLA,S,Túnel,T,EX,AD,38.8450924439442,-0.839913505596617,SI,2
B7510,BIF. VILASECA,S,Bifurcación,B,EX,AD,41.119921941089,1.14246443546457,SI,3
20115,PONFERRADA-CARGADEROS,S,Apartadero,Y,FS,AD,42.5533417141967,-6.63630327901265,NO,0
A6135,"MURCIA DEL CARMEN AG. KM 526,8",S,Bifurcación,B,EX,AV,37.9715912013748,-1.10211231808085,SI,2
A6137,"EL REGUERON AGUJA KM 525,3",S,Bifurcación,B,EX,AV,37.9760327534055,-1.08853595433698,SI,2
C6105,KM. 378.0,S,Cargadero,K,EX,AD,38.3454607069102,-1.53570639948923,SI,2
A6133,"EL REGUERON AG KM 522,1",S,Bifurcación,B,EX,AV,37.9905978343431,-1.06071287536641,SI,3
B0201,BIF. GOBANTES,S,Bifurcación,B,EX,AV,37.0121381153891,-4.72277864445528,SI,3
B0109,BIF. TOCON,S,Bifurcación,B,EX,AV,37.2322563402231,-3.98397710103415,SI,3
B0110,BIF. LA CHANA,S,Bifurcación,B,EX,AV,37.1989996124326,-3.65396670141648,SI,3
B0107,BIF. RIOFRIO,S,Bifurcación,B,EX,AV,37.137911670319,-4.21455703044024,SI,3
C0111,"KM 141,417",S,Cargadero,K,EX,AV,37.1393693623592,-4.29674802302086,SI,2
02035,ILLORA,S,Estación,E,EX,AV,37.2324092450409,-3.95973756713345,SI,2
02030,ANTEQUERA AV,P,Estación,E,EX,AV,37.0300002558847,-4.56010483110098,SI,3
B0105,BIF. BOBADILLA,S,Bifurcación,B,EX,AV,37.0437052187723,-4.64168497589416,SI,3
B0811,"KM 192,7",S,Cargadero,K,EX,AV,41.6477091448619,-4.67342193321318,SI,2
Z1305,BASE DE MONTAJE VILLARRUBIA,S,Zona técnica,Z,EX,AV,39.9591321338409,-3.34706035247477,SI,2
04120,CAMBIADOR DE LA BOELLA,S,Cruce,C,EX,AV,41.1406957091103,1.16970599684127,SI,2
B5410,BIF. LA FEREDAT,S,Bifurcación,B,EX,AV,41.1220922339062,1.12748076423912,SI,3
65422,CAMBRILS,P,Estación,E,EX,AD,41.081088147669,1.04520870288315,SI,2
65420,L'HOSPITALET DE L'INFANT,P,Estación,E,EX,AD,40.9998449877159,0.912603800954193,SI,2
B5411,BIF. BELLISSENS,S,Bifurcación,B,EX,AV,41.132532742663,1.14570003474722,SI,2
B4105,BIF. LA XACONA,S,Bifurcación,B,EX,AV,41.1824076519335,1.23879338177094,SI,2
A5410,BIF. LA FEREDAT AG. KM. 249.3,S,Bifurcación,B,EX,AV,41.1160362955492,1.11779157251832,SI,2
65421,RIFA,S,Estación,E,EX,AV,41.0498059909559,0.975082964828872,SI,2
B7183,BIF.GLORIAS-CLOT,S,Bifurcación,B,EX,AD,41.3985692597794,2.18744441018167,SI,4
F0799,P.K. 79.9,S,Cargadero,K,FS,AD,37.2400516438364,-5.02938814987676,NO,0
F1617,"P.K. 161,699",S,Cargadero,K,FS,AD,36.2203367863876,-5.43516283800804,NO,0
F1580,"P.K. 158,029",S,Cargadero,K,FS,AD,36.2539953561659,-5.43694403491427,NO,0
PK068,"P.K. 0,682 PTO CONEXION MALAGA",S,Cargadero,K,EX,AD,36.7079697440947,-4.42970894495391,SI,1
33009,MARTIN DE YELTES (APD),S,Punto KM,P,FS,AD,40.778565180666,-6.29161211893583,SI,2
55004,"KM. 41,7 ( ATALAYA )",S,Cargadero,K,FS,AD,36.9416073769123,-5.08291533853065,SI,2
17110,BOCEGUILLAS,S,Punto KM,P,FS,AD,41.3314132871354,-3.60096687662609,SI,2
17111,CAMPO DE SAN PEDRO,S,Túnel,T,FS,AD,41.4296699931168,-3.54335268984902,SI,2
65211,VILA-REAL CONTENEDORES,S,Estación,E,FS,AD,39.9343224458209,-0.0950159413686592,SI,2
31105,LOSACIO-SAN MARTIN (APD),S,Apartadero,Y,FS,AD,41.7359983520189,-6.0225510478031,SI,2
31201,PEDRALBA,S,Túnel,T,EX,AD,42.0272251707368,-6.69670848741412,SI,2
41004,JEREZ DE LOS CABALLEROS (CGD),S,Garita,G,FS,AD,38.322324005436,-6.78367825017352,SI,1
20601,COSMOS (CGD),S,Garita,G,FS,AD,42.556309901111,-6.76654495345096,SI,2
20603,VILLAFRANCA DEL BIERZO (CGD),S,Garita,G,FS,AD,42.601640392148,-6.81414377733853,SI,1
31102,KM. 18.7 (ANDAVIAS),S,Apartadero,Y,FS,AD,41.6271707714364,-5.85766531649863,SI,2
31106,FERRERUELA DE TABARA (APD),P,Punto KM,P,EX,AD,41.7641151430248,-6.07389651505911,SI,2
31101,LA HINIESTA (CGD),S,Garita,G,EX,AD,41.5634173657905,-5.81180716751855,SI,2
31110,LA TORRE DE ALISTE-POBLADURA (APD),S,Apartadero,Y,FS,AD,41.8748110286319,-6.30054082865168,SI,2
31202,KM 120.6,S,Cargadero,K,FS,AD,42.0232748850737,-6.74904569001285,SI,2
31207,CASTRELO DO VAL-VERIN-C.,S,Apartadero,Y,FS,AD,42.0625761629684,-7.33329415246167,SI,2
33007,MUÑOZ (APD),S,Punto KM,P,EX,AD,40.8131492557749,-6.19746918621211,SI,2
15213,UJO-SOVILLA,S,Apartadero,Y,FS,AD,43.1980880403856,-5.78428776149427,SI,2
17113,FUENTELCESPED-SANTA CRUZ,S,Punto KM,P,FS,AD,41.5963082742951,-3.62693353423948,SI,2
34004,AVEINTE (APD),S,Punto KM,P,FS,AD,40.7856456234353,-4.83682993722172,SI,2
30023,HIJOS DE MIRAT (CGD),S,Garita,G,FS,AD,40.9578593044611,-5.65741505009023,SI,2
31209,A ALBERGUERIA-PRADO,S,Apartadero,Y,FS,AD,42.1256150480907,-7.5108567345281,SI,2
54200,"KM. 72,3",S,Cargadero,K,FS,AD,37.4015730379423,-4.70931604470146,SI,2
17108,SANTO TOME DEL PUERTO,S,Túnel,T,FS,AD,41.1806776919916,-3.56348610592829,SI,2
00002,KM. 40.0 (VALSEQUILLO),S,Apeadero,A,FS,AD,38.4131863683563,-5.34852456602894,SI,2
84003,ADRADAS (APD),S,Apartadero,Y,FS,AD,41.3647243067241,-2.45947673606849,SI,2
17007,SOTO EL REAL (APD),S,Punto KM,P,FS,AD,40.7582466004506,-3.7666524069316,SI,2
17008,MIRAFLORES DE LA SIERRA,S,Túnel,T,FS,AD,40.8069128710537,-3.7521556647873,SI,2
17102,LOZOYUELA,S,Túnel,T,FS,AD,40.9026879464134,-3.65091141502869,SI,2
17103,GARGANTILLA-LOZOYA,S,Túnel,T,FS,AD,40.9520969624411,-3.71595554308095,SI,2
17105,GASCONES-BUITRAGO,S,Túnel,T,FS,AD,41.0283085427948,-3.67407803101768,SI,2
17106,BRAOJOS-LA SERNA (APD),S,Punto KM,P,FS,AD,41.0438046643086,-3.64285743941439,SI,2
15304,POAGO,S,Estación,E,FS,AD,43.5273045341709,-5.73656756629762,SI,2
56003,"KM. 36,0 ( GARCIEZ Y JIMENA )",S,Cargadero,K,FS,AD,37.9258644108172,-3.46139800182224,SI,2
35201,CALERA-CHOZAS,S,Túnel,T,EX,AD,39.8918205476517,-4.96288259571418,NO,0
05007,ILLORA-LACHAR (APD),S,Apartadero,Y,FS,AD,37.2501578007988,-3.85903184688593,SI,2
34003,MONSALUPE (APD),S,Punto KM,P,FS,AD,40.7615184324807,-4.79561355228371,SI,2
03002,"KM. 139,2 ( VILLARGORDO )",S,Cargadero,K,FS,AD,37.9135935491964,-3.78409676781621,SI,2
03003,"KM. 130,0 ( GRAÑENA )",S,Cargadero,K,FS,AD,37.8388425546703,-3.76533858158462,SI,2
17115,LA ACEBEDA (APD),S,Depósito,D,FS,AD,41.0878132006874,-3.62503244220787,SI,2
10602,CABEZON DEL PISUERGA,P,Túnel,T,EX,AD,41.7373060139209,-4.6513316651653,SI,2
37602,"KM. 471,5 ( TORREMAYOR )",S,Cargadero,K,FS,AD,38.9131084490948,-6.5387762425044,SI,2
17117,LA SERNA,S,Estación,E,FS,AD,41.0632341882538,-3.62221024916537,SI,2
17201,GUMIEL DE HIZAN,S,Punto KM,P,FS,AD,41.7743933917063,-3.67082475064893,SI,2
17204,FONTIOSO,S,Punto KM,P,FS,AD,41.9353171728136,-3.76992088433417,SI,2
17206,VILLAMAYOR DE LOS MONTES,S,Punto KM,P,FS,AD,42.1178147248629,-3.734638689657,SI,2
31212,PONTEAMBIA (APD),S,Apartadero,Y,FS,AD,42.2258946157301,-7.71914619634452,SI,2
30200,ZAMORA,P,Estación,E,EX,AV,41.5159168427828,-5.73973966197153,SI,3
31203,LUBIAN,S,Túnel,T,EX,AD,42.0378203658491,-6.89350873260164,SI,2
35102,BARGAS (APD),S,Punto KM,P,FS,AD,39.972146709724,-4.02325639348779,SI,2
35103,VILLAMIEL DE TOLEDO,S,Túnel,T,EX,AD,39.9646691529036,-4.12851416370727,SI,2
05006,SAN PASCUAL,S,Apartadero,Y,FS,AD,37.2499302191029,-3.84859539927446,SI,2
05014,RIOFRIO (APD),S,Punto KM,P,FS,AD,37.1536760338493,-4.20135914036396,SI,2
10601,TRES HERMANOS,S,Túnel,T,EX,AD,41.6779775390475,-4.69216663575872,SI,2
10603,CORCOS-AGUILAREJO,P,Túnel,T,EX,AD,41.766374811608,-4.62340998749723,SI,2
70803,C.I.M. DE ZARAGOZA,S,Garita,G,FS,AD,41.6788873178205,-0.947001406162829,SI,3
30101,VALDUNCIEL (CGD),S,Fin de línea,F,FS,AD,41.0745438870175,-5.67137074636929,NO,0
56010,"KM. 99,2 ( HUELMA )",S,Cargadero,K,FS,AD,37.6195200662791,-3.29531861601912,SI,2
37413,"KM. 440,0 ( DON ALVARO )",S,Cargadero,K,FS,AD,38.8385916684735,-6.26597634141092,SI,2
40103,"KM. 86,7 ( USAGRE-BIENVENIDA )",S,Cargadero,K,FS,AD,38.33406864139,-6.18661087013955,SI,2
37412,"KM. 436,6 ( ZARZA DE ALANJE )",S,Cargadero,K,FS,AD,38.8361426925399,-6.2300529163764,SI,2
18004,DELICIAS,S,Punto KM,P,EX,AD,40.4002316889018,-3.69258614070904,SI,2
18005,PIRAMIDES (APD),S,Punto KM,P,EX,AD,40.4026186493998,-3.71131678974183,SI,2
42007,"KM. 78,5 ( LA NAVA DE HUELVA )",S,Cargadero,K,FS,AD,37.9939375560626,-6.75348103811798,SI,2
14226,SOLVAY FACTORIA (CGD),S,Garita,G,FS,AD,43.3874740457163,-4.03321108986199,SI,1
XX014,BIF. PARQUE CARBONERAS,S,Fin de línea,F,FS,AD,43.5546116401449,-5.72390736887202,SI,2
05017,"KM. 23,5 ( LA PEÑA )",S,Cargadero,K,FS,AD,37.057628728893,-4.49182055222296,SI,2
13201,LA CASILLA,S,Estación,E,FS,AD,43.2538027313692,-2.93994515281757,SI,4
17205,LERMA (APD),S,Punto KM,P,FS,AD,42.022132261786,-3.77268123988454,SI,2
17116,SANTA CRUZ DE LA SALCEDA (APD),S,Punto KM,P,FS,AD,41.5905346144408,-3.59719818001941,SI,2
18003,MENDEZ ALVARO (APD),S,Punto KM,P,EX,AD,40.3956019072418,-3.67838930099631,SI,2
77310,LA TOUR DE CAROL-ENVEIGT,P,Estación,E,FS,OT,42.4590600405395,1.90449025888955,SI,1
31108,SARRACIN DE ALISTE,P,Apeadero,A,EX,AD,41.8482688288525,-6.20509391833007,SI,2
43014,LA VIZCAERIA,S,Apartadero,Y,FS,AD,37.3577771238208,-6.67335771779729,SI,2
15214,LUGO DE LLANERA-BASE (APD),S,Punto KM,P,FS,AD,43.4340809721367,-5.81129489757003,SI,2
58101,MINAS DEL MARQUESADO,S,Fin de línea,F,FS,AD,37.189022914862,-3.10321429148587,NO,0
17114,GARGANTA DE LOS MONTES (APD),S,Punto KM,P,FS,AD,40.9226031987963,-3.69284693756432,SI,2
80006,H.ARAKIL-VILLANUEVA DE A.(APD),S,Punto KM,P,FS,AD,42.9147871928737,-1.89458987462589,SI,2
11002,PICON DE LOS SERRANOS (CGD),S,Garita,G,FS,AD,41.9436485717914,-4.46619055486596,SI,2
60001,KM. 5.200,S,Cargadero,K,FS,AD,40.3683768235236,-3.677317344263,SI,2
78006,SAN GREGORIO,S,Apeadero,A,FS,AD,41.7218003707119,-0.860292195242976,SI,1
72305,LHOSPITALET DE LLOBREGAT,P,Estación,E,EX,AD,41.3641946221843,2.10091765980881,SI,3
73110,BASE DE ALCOVER,S,Estación,E,FS,AD,41.2777438926428,1.18485502440008,SI,2
60903,"KM. 402,9",S,Cargadero,K,EX,AD,38.5729727509012,-0.843248463457134,SI,2
23014,"KM 86,7 (CASAL)",S,Apartadero,Y,FS,AD,42.8617588730675,-8.58767071183228,SI,2
50208,"KM. 300,3 ( CABRERIZAS )",S,Cargadero,K,FS,AD,38.1797973026177,-3.54460598826908,SI,2
37405,"KM. 385,1 ( MAGACELA )",S,Cargadero,K,FS,AD,38.9162296606818,-5.72250031987707,SI,2
37408,MEDELLIN,S,Punto KM,P,FS,AD,38.9340441366456,-5.97255025840297,SI,2
11410,LASKAIBAR,S,Apartadero,Y,FS,AD,43.0496971762578,-2.18959881436943,SI,2
31010,AZUCARERA DEL DUERO,S,Garita,G,FS,AD,41.5279386699305,-5.71093344670873,SI,2
43016,"KM. 81,8 ( LAS MALLAS )",S,Cargadero,K,FS,AD,37.3557575665276,-6.69189235795604,SI,2
70004,CAMBIADOR ATOCHA,S,Fin de línea,F,FS,AD,40.4010963370438,-3.68070263882533,NO,0
14106,LAS CABAÑAS DE CASTILLA (APD),S,Punto KM,P,FS,AD,42.3570135393653,-4.36304134239392,SI,2
31107,ABEJERA (APD),P,Punto KM,P,EX,AD,41.8093936890124,-6.14183493291901,SI,2
31104,CARBAJALES DE ALBA,P,Túnel,T,EX,AD,41.681556011638,-5.9720144888583,SI,2
31103,MANZANAL DEL BARCO,S,Apartadero,Y,FS,AD,41.6531375952334,-5.90895605380507,SI,2
33012,EL SALTO (APD),S,Punto KM,P,FS,AD,40.6632584361325,-6.4343898120833,SI,2
33010,EL COLLADO (APD),S,Punto KM,P,FS,AD,40.7631129591623,-6.34747581203213,SI,2
33014,CARPIO DE AZABA (APD),S,Punto KM,P,FS,AD,40.5870208251957,-6.62082132203685,SI,2
19004,BASE EL GOLOSO (CGD),S,Garita,G,FS,AD,40.5533341658337,-3.69258339729053,SI,2
65412,TRES CAMINS,S,Apeadero,A,FS,AD,41.1038091670273,1.1667817428826,SI,2
42002,MEDINA DE LAS TORRES (APD),S,Punto KM,P,FS,AD,38.3427179213854,-6.40880876732609,SI,2
42010,GIL MARQUEZ (APD),S,Apartadero,Y,FS,AD,37.8576237331004,-6.85018638689168,SI,2
41002,BURGUILLOS DEL CERRO (CGD),S,Garita,G,FS,AD,38.3750232938075,-6.59248509393442,SI,2
80102,CIZURMAYOR (APD-CGD),S,Apartadero,Y,FS,AD,42.7973774886846,-1.6775846927021,SI,2
80116,MILAGRO (APD),S,Punto KM,P,FS,AD,42.2428790311549,-1.73372348654841,SI,2
21006,FRANZA (APD),S,Apartadero,Y,FS,AD,43.4383304954738,-8.19759697675612,SI,2
37000,VILLAVERDE ALTO CARGAS,S,Garita,G,FS,AD,40.3415480573151,-3.70904246315229,SI,2
30219,VALDERREY (APD),S,Fin de línea,F,FS,AD,42.4094033403064,-6.00723618035975,NO,0
35008,VILLAVERDE-ORCASITAS (CGD),S,Garita,G,FS,AD,40.3564150819468,-3.70635284650037,SI,1
14105,MARCILLA DE CAMPOS (APD),S,Punto KM,P,FS,AD,42.3102544337358,-4.38223362571289,SI,2
11105,PIEDRAHITA DE JUARROS,S,Apartadero,Y,FS,AD,42.4329841894834,-3.43388673779011,SI,2
17000,MADRID-CHAMARTIN-CLARA CAMPOAMOR,P,Estación,E,EX,AV,40.4742284016954,-3.68150636639926,SI,8
17100,BUSTARVIEJO-VALDEMANCO,S,Apeadero,A,FS,AD,40.8499145564324,-3.68694403904153,SI,2
17107,ROBREGORDO-SOMOSIERRA,S,Túnel,T,FS,AD,41.1077001429171,-3.59047760899797,SI,2
17109,RIAZA,S,Túnel,T,FS,AD,41.2575485654733,-3.50736189753176,SI,2
17112,MADERUELO-LINARES,S,Punto KM,P,FS,AD,41.5029119332616,-3.54302836493122,SI,2
70608,CANTERA DE PURROY (CGD),S,Garita,G,FS,AD,41.4792977578815,-1.5350574374371,SI,2
81204,BUÑUEL (APD),S,Punto KM,P,FS,AD,41.9719769676562,-1.48762119189056,SI,2
00007,VILLANUEVA DEL REY (APD),S,Punto KM,P,FS,AD,38.2293554539466,-5.12219938686763,SI,2
05309,CACES,S,Apartadero,Y,FS,AD,43.3313888886545,-5.93296111161199,SI,2
05728,CANTONAD,S,Punto KM,P,FS,AD,43.0850805547289,-3.3624388882896,SI,2
05729,LA SILLA,S,Punto KM,P,FS,AD,43.0855388888417,-3.39716111161205,SI,2
05723,MENAMAYOR,S,Punto KM,P,FS,AD,43.1205388885359,-3.25660000049179,SI,2
05486,OTXARAN,S,Punto KM,P,FS,AD,43.2237972226379,-3.16971388971031,SI,2
05351,PALOMAR,S,Apartadero,Y,FS,AD,43.30991388868,-5.91227500027735,SI,2
05746,CORDOVILLA,S,Punto KM,P,FS,AD,42.8589888893893,-4.23183333303768,SI,2
05491,EL PESO,S,Punto KM,P,FS,AD,43.2400694440517,-3.23859722197088,SI,2
10611,RIO PISUERGA,S,Túnel,T,EX,AD,41.7150553886883,-4.66644607681129,SI,3
05446,ABOÑO MERCANCIAS,S,Estación,E,FS,AD,43.5552555554596,-5.71769166659949,SI,2
05725,ANZO,S,Punto KM,P,FS,AD,43.086258332958,-3.28260000056142,SI,2
05482,BALMASEDA MERCANCIAS,S,Estación,E,FS,AD,43.1933777770565,-3.19246111020255,SI,2
05726,VIGO SIONES,S,Punto KM,P,FS,AD,43.0627249999103,-3.31581111028207,SI,2
05650,SANTANDER MERCANCIAS,S,Estación,E,FS,AD,43.4560555562313,-3.81955000055538,SI,2
05353,SOTO DE RIBERA,S,Apartadero,Y,FS,AD,43.3084805554523,-5.87527777855539,SI,2
05355,PARTEAYER,S,Apartadero,Y,FS,AD,43.2831805554749,-5.87515277769679,SI,2
05357,PEÑAMIEL,S,Apartadero,Y,FS,AD,43.2824722221555,-5.85886388894475,SI,2
B3020,BIF. EL BOLON,S,Fin de línea,F,FS,AV,41.5123639464593,-5.74808115240089,NO,0
B3122,PEDRALBA AG KM 112.4,S,Bifurcación,B,EX,AD,42.0363016717781,-6.68911993186504,SI,3
B1803,BIF. STA. CATALINA,S,Bifurcación,B,EX,AD,40.3985182002966,-3.68874141081222,SI,3
B3019,ZAMORA AG. KM. 233.0,S,Bifurcación,B,EX,AV,41.5141255010868,-5.74427067221938,SI,2
B3021,BIF. VALORIO,S,Bifurcación,B,EX,AV,41.5159226072523,-5.76985409064206,SI,3
A0843,BIFURCACION LA HINIESTA,S,Bifurcación,B,EX,AV,41.5581814560426,-5.80754188568165,SI,3
08247,SANABRIA A.V.,P,Estación,E,EX,AV,42.0443986307273,-6.56381183299603,SI,2
B0843,BIFURCACION LOS CONFORCOS,S,Bifurcación,B,EX,AV,41.5785868557084,-5.80119599132208,SI,2
B3120,BIF. PEDRALBA,S,Bifurcación,B,EX,AV,42.0463602677993,-6.63328687434908,SI,3
08245,TABARA,S,Estación,E,EX,AV,41.8270824977337,-5.93280952562745,SI,2
08246,OTERO DE BODAS,S,Bifurcación,B,EX,AV,41.9601606687204,-6.16835947714623,SI,2
08248,CAMBIADOR ANCHO PEDRALBA,S,Cruce,C,EX,AV,42.038950500057,-6.6775922689588,SI,2
B0340,BIF VINALOPO,S,Bifurcación,B,EX,AV,38.3941831388271,-0.714736400014994,SI,3
03410,ELX AV,P,Estación,E,EX,AV,38.2460232703091,-0.766968551170944,SI,2
03412,CALLOSA DE SEGURA-COX,P,Estación,E,EX,AD,38.1367697628594,-0.875587684978511,SI,2
08244,LA HINIESTA AV BASE DE MONTAJE,S,Zona técnica,Z,EX,AV,41.5635711701007,-5.81043434069125,SI,1
50A03,TORRASPAPEL - LA MONTAÑANESA,S,Garita,G,EX,PA,41.6976554285894,-0.829183140433439,SI,1
A1510,"LEON AG. KM. 123,6",S,Bifurcación,B,EX,AV,42.5981057985641,-5.59144185760768,SI,3
A8250,"TABOADELA AG. KM. 234,0",S,Bifurcación,B,EX,AV,42.2608614162702,-7.82915478303103,SI,3
08250,VILAVELLA,S,Estación,E,EX,AV,42.0466976832456,-7.04623908864006,SI,2
08253,TABOADELA AV,S,Estación,E,EX,AV,42.2556564121206,-7.80498532136438,SI,2
A8248,"TABOADELA AV AG KM 446,1",S,Bifurcación,B,EX,AV,42.2558559814514,-7.80999961367998,SI,3
A8249,"TABOADELA AG. KM. 447,1",S,Bifurcación,B,EX,AV,42.2570164682138,-7.82158182875111,SI,3
08255,CAMBIADOR DE TABOADELA,S,Cruce,C,EX,AV,42.2561923128371,-7.81537197762081,SI,2
08251,PORTA DE GALICIA,P,Estación,E,EX,AV,42.0636337320379,-7.13424083115811,SI,2
08252,MIAMAN,S,Estación,E,EX,AV,42.1971229446733,-7.64140872817291,SI,2
A3540,CACERES AG. KM. 82.2,S,Bifurcación,B,EX,AV,39.4441475883254,-6.39035858878214,SI,2
B3503,BIF. CASA DE LA TORRE,S,Bifurcación,B,EX,AV,39.5167700737837,-6.42891833217524,SI,3
B3501,BIF. SAN ESTEBAN,S,Bifurcación,B,EX,AV,39.9744890323796,-6.14934307631312,SI,3
B3500,BIF. EL CHAPARRAL,S,Bifurcación,B,EX,AV,39.9551301927196,-6.14790704733705,SI,3
03200,MADRID-JARDIN BOTANICO,S,Estación,E,EX,AV,40.4094182554313,-3.69205680161196,SI,2
B0885,BOCA N. TUNEL CH-ATOCHA,S,Cargadero,K,EX,AV,40.4679383156435,-3.68299145146673,SI,2
B0888,BOCA SUR TUNEL CH-ATOCHA,S,Cargadero,K,EX,AV,40.4014734830856,-3.68512539090879,SI,2
B3750,BIF. LA ISLA,S,Bifurcación,B,EX,AV,38.9157153011535,-6.47239943781011,SI,4
B3760,BIF. SAN NICOLAS,S,Bifurcación,B,EX,AV,38.934134612193,-6.83901792515874,SI,3
03500,ARROYO DE LA HERRERA,S,Bifurcación,B,EX,AV,39.9493067830628,-6.18660476848948,SI,3
03501,CERRO DE LA CABRERA,S,Estación,E,EX,AV,39.7287734084581,-6.42842919208074,SI,2
B3502,BIF. EL PALMERAL,S,Bifurcación,B,EX,AV,39.5339904497325,-6.44225105541881,SI,2
A3760,"AG. KM. 160,4",S,Bifurcación,B,EX,AV,38.916738180763,-6.64269802057469,SI,4
B3602,PEÑAS BLANCAS,S,Bifurcación,B,EX,AV,39.0728668149271,-6.37189579481569,SI,2
B3600,BIF. ROMANOS,S,Bifurcación,B,EX,AV,39.4217476602001,-6.3995792320123,SI,2
B0815,BIF. SOTO,S,Bifurcación,B,EX,AV,41.9454553970264,-4.43470050472332,SI,3
B0816,BIF. LA VEGA,S,Bifurcación,B,EX,AV,41.9473532957698,-4.42751005030938,SI,2
08020,CAMB. BURGOS,S,Cruce,C,EX,AV,42.3727235635573,-3.65947367555673,SI,2
A0825,"BURGOS AG. KM. 374,2",S,Bifurcación,B,EX,AD,42.3731481203518,-3.65752430741611,SI,3
C3602,KM. 114.116,S,Cargadero,K,EX,AV,39.1749806386629,-6.35727069061884,SI,2
08016,RIO ARLANZON,S,Estación,E,EX,AV,42.143826647548,-4.11603173408389,SI,2
B3601,BIF. LA ALDIHUELA,S,Bifurcación,B,EX,AV,39.4173373671378,-6.39783352300116,SI,2
03602,ALDEA DEL CANO AV,S,Estación,E,EX,AV,39.258871219847,-6.3740278125286,SI,2
08018,ESTEPAR AV,S,Estación,E,EX,AV,42.2848486002453,-3.88839543503002,SI,2
72508,S PERPETUA MOGODA-RIERA CALDES (APD),S,Punto KM,P,EX,AD,41.5260090187861,2.18595404043417,SI,2
08F88,ALMOINES,S,Punto KM,P,FS,OT,38.9425835212343,-0.178886952448169,NO,0
08F89,GIGOSOS DE LOS OTEROS,S,Estación,E,FS,OT,42.3808300605979,-5.51277096922507,NO,0
79317,PORTBOU MERCADERIES,S,Estación,E,EX,AD,42.4245617772799,3.15393376581223,SI,2
51419,RIO ARILLO,S,Estación,E,EX,CA,36.4575975820893,-6.22522666590579,SI,2
PK540,"P.K. 5,404 PTO",S,Cargadero,K,EX,AD,42.4063554926154,-8.67972190143986,SI,1
A8401,"AG. KM. 185,747",S,Bifurcación,B,EX,AD,41.6163817721378,0.655845507897611,SI,3
B6410,BIF. TUNEL DE LA ENCINA,S,Bifurcación,B,EX,AD,38.7831870819403,-0.899167035296655,SI,2
B6411,BIF. MOIXENT,S,Bifurcación,B,EX,AD,38.8819771517515,-0.745417831197582,SI,3
B0820,BIF. PAJARES,S,Bifurcación,B,EX,AV,42.7729076359347,-5.64287564582576,SI,3
B4106,BIF.  LA GATELLADA,S,Bifurcación,B,EX,AV,41.2516208092045,1.19089041287623,SI,2
04300,SANT ANDREU COMTAL AV,S,Fin de línea,F,FS,AV,41.4267434901447,2.19578948030451,NO,0
F0517,BIENSERVIDA,S,Fin de línea,F,FS,AD,38.5371452936803,-2.67588177283762,NO,0
86009,VILLANUEVA DE JILOCA,S,Fin de línea,F,FS,AD,41.0764664980964,-1.39179161997335,NO,0
F0408,BONANZA,S,Fin de línea,F,FS,AD,36.8049409790685,-6.33468555787934,NO,0
F0508,YERA,S,Fin de línea,F,FS,AD,43.1338311596455,-3.73506633795278,NO,0
A7003,"AG. KM. 1,2",S,Bifurcación,B,EX,AD,40.4003022419695,-3.67859259560564,SI,2
B6140,"LÍMITE ADIF -  AP CARTAGENA PK 11,310",S,Cargadero,K,EX,AD,37.569546322628,-0.939718114411378,SI,2
61404,DARSENA DE ESCOMBRERAS,S,Estación,E,EX,OT,37.5676036683145,-0.966867218268581,SI,1
13302,PARQUE GUGGENHEIM,S,Apartadero,Y,FS,AD,43.2670212765689,-2.93966748293738,SI,2
F0407,CARMONA BAJA,S,Fin de línea,F,FS,AD,37.3602998813779,-5.86307489247618,NO,0
F2004,SAN FRANCISCO DE GUADAIRA,S,Fin de línea,F,FS,AD,37.3802024468908,-5.98459889987529,NO,0
C8825,"PK. 388,235",S,Cargadero,K,EX,AV,42.9350667397036,-5.73865814757561,SI,2
A0849,"AG. CAMB. KM. 410,7",S,Bifurcación,B,EX,AV,43.1048832637364,-5.82284145422121,SI,2
A0851,"AG. CAMB. KM. 411,6",S,Bifurcación,B,EX,AV,43.1131725694552,-5.82087063238589,SI,2
08208,LA ROBLA AV,S,Estación,E,EX,AV,42.8010408909819,-5.6378983718986,SI,2
08207,CAMPOMANES AV,S,Estación,E,EX,AV,43.1095257987381,-5.82173863176045,SI,2
Z0001,PUESTO DE MANDO-AVE ATOCHA,S,Zona técnica,Z,EX,AV,40.4074819051239,-3.69259347120303,SI,2
A4309,"HUELVA-MERCANCIAS AG. KM. 107,4",S,Fin de línea,F,FS,AD,37.2520579224463,-6.93206802113588,SI,1
64210,ALBAL,S,Punto KM,P,EX,AD,39.3915685364741,-0.402612702085875,SI,2
B4310,BIFURCACION TORRE ARENILLAS,S,Bifurcación,B,EX,OT,37.2034426893981,-6.93513879959013,SI,2
43030,ACCESO PUERTO DE HUELVA,S,Cargadero,K,EX,OT,37.2026067574671,-6.93429597681492,SI,2
19304,COTO DE PALOS,S,Apartadero,Y,FS,OT,37.1819859998771,-6.87997390000032,SI,2
19303,RIO GULF,S,Apartadero,Y,FS,OT,37.1802990211814,-6.90984438782984,SI,1
85206,PEÑAFIEL,S,Fin de línea,F,FS,AD,41.6052328350415,-4.11398876847881,NO,0
30104,CUBO DEL VINO,S,Fin de línea,F,FS,AD,41.2554354786156,-5.70502201541216,NO,0
F0101,SORIA CAÑUELO,S,Fin de línea,F,FS,AD,41.7553692978004,-2.47562576462512,NO,0
85001,MONTEAGUDO,S,Fin de línea,F,FS,AD,41.358751014735,-2.15532086676265,NO,0
87003,TULEBRAS,S,Fin de línea,F,FS,OT,41.9756708464769,-1.67475307160305,NO,0
68004,ALCAÑIZ,S,Fin de línea,F,FS,AD,41.0605241455861,-0.145875894927837,NO,0
F0518,MEQUINENZA,S,Fin de línea,F,FS,AD,41.3719307127505,0.297237572013524,NO,0
F0305,MURCIA ZARAICHE,S,Fin de línea,F,FS,AD,37.9934179643863,-1.13091561144642,NO,0
F0301,LA PINILLA,S,Fin de línea,F,FS,AD,37.5962852278463,-1.33575029524343,NO,0
03106,ALCAUDETE-FTE.ORBE,S,Fin de línea,F,FS,AD,37.6102236007633,-4.12189989272272,NO,0
01002,LA TRINIDAD,S,Fin de línea,F,FS,AD,37.1307935830452,-5.45481977676072,NO,0
52003,ARCOS DE LA FRONTERA,S,Fin de línea,F,FS,AD,36.7487661800226,-5.81667170218878,NO,0
F0403,LA CARLOTA,S,Fin de línea,F,FS,AD,37.7042708127596,-4.98491559843866,NO,0
F0406,SEVILLA SAN BERNARDO,S,Fin de línea,F,FS,AD,37.3776098287908,-5.87716429319157,NO,0
F0506,PUERTOLLANO,S,Fin de línea,F,FS,AD,38.1514952746649,-4.04789236704801,NO,0
F0409,MALAGA,S,Fin de línea,F,FS,AD,36.7112987496011,-4.42487105388122,NO,0
F0512,OLVERA,S,Fin de línea,F,FS,AD,36.9414895617722,-5.25286598246231,NO,0
30009,PUERTO DE BEJAR,S,Fin de línea,F,FS,AD,40.3417601105576,-5.84591771627259,NO,0
F0502,YELES Y ESQUIVIAS,S,Fin de línea,F,FS,AD,40.1357829966418,-3.77225959161934,NO,0
30212,POBLADURA,S,Fin de línea,F,FS,AD,42.0978589038151,-5.7448379547988,NO,0
31402,OROSO-VILLACID,S,Fin de línea,F,FS,AD,42.9856735261624,-8.45512767696669,NO,0
F0514,P.K. 405/600,S,Cargadero,K,FS,AD,43.0438285271192,-8.44481427350994,NO,0
F0515,P.K. 421/500,S,Cargadero,K,FS,AD,43.1357783260603,-8.48695332409356,NO,0
F0501,POBLETE,S,Fin de línea,F,FS,AD,38.9379319312485,-3.94501898356304,NO,0
12108,CIRUELOS,S,Fin de línea,F,FS,AD,40.9328768049557,-4.11431520541869,NO,0
85109,LANGA DE DUERO,S,Fin de línea,F,FS,AD,41.6064673234428,-3.39651937212008,NO,0
82108,SAN LEONARDO,S,Fin de línea,F,FS,AD,42.3336959819419,-3.707796383176,NO,0
82219,CIDAD-DOSANTE,S,Fin de línea,F,FS,AD,43.0125934699081,-3.75727767989119,NO,0
F0103,LA FREGENEDA (Puente Internacional),S,Fin de línea,F,FS,AD,41.0271783739176,-6.93090161926966,NO,0
F0102,FITERO,S,Fin de línea,F,FS,AD,42.0495654557989,-1.81530500810938,NO,0
85101,ALMAZAN-DEHESA APT,S,Fin de línea,F,FS,AD,41.4660941114902,-2.53733390975751,NO,0
82005,TORRELAPAJA,S,Fin de línea,F,FS,AD,41.5898478681673,-1.95423808974511,NO,0
68007,CRETAS,S,Fin de línea,F,FS,AD,40.9174592925813,0.215724788084623,NO,0
74203,TURUÑANA BIF.,S,Fin de línea,F,FS,AD,42.2225174344629,-0.680407503454459,NO,0
F0201,OJOS NEGROS,S,Fin de línea,F,FS,AD,40.5786142897877,-1.31532333789533,NO,0
87005,TARAZONA,S,Fin de línea,F,FS,AD,41.9053724503573,-1.72081524605366,NO,0
75001,BARBASTRO,S,Fin de línea,F,FS,AD,42.0335737724748,0.127631967374431,NO,0
77201,SANT JOAN DE LES ABADESSES,S,Fin de línea,F,FS,OT,42.2506508554116,2.28959170150498,NO,0
F0519,FRAGA,S,Fin de línea,F,FS,AD,41.4736058007721,0.35476510718156,NO,0
93003,QUINTANAR DE LA ORDEN,S,Fin de línea,F,FS,AD,39.6217254426189,-3.32266738993439,NO,0
65100,EL COSCOLLAR,S,Fin de línea,F,FS,AD,39.6220980261624,-0.301853736976109,NO,0
69209,LIRIA,S,Fin de línea,F,FS,AD,39.6233025646218,-0.591128082900892,NO,0
F0314,CARAVACA,S,Fin de línea,F,FS,OT,38.1015689590257,-1.85627546446365,NO,0
F0302,MAZARRON,S,Fin de línea,F,FS,AD,37.6901461041847,-1.28626143811987,NO,0
F0304,CHINCHILLA DE MONTEARAGON,S,Fin de línea,F,FS,AD,38.8771430367727,-1.69801093655742,NO,0
F0916,P.K. 91.6,S,Cargadero,K,FS,AD,37.2263986250451,-4.93424285512807,NO,0
96002,TOMELLOSO,S,Fin de línea,F,FS,AD,39.1481482589534,-3.02819529590176,NO,0
F0415,SEVILLA CTT,S,Fin de línea,F,FS,AD,37.4016114463521,-5.96440192953948,NO,0
53009,SANLUCAR DE BARRAMEDA,S,Fin de línea,F,FS,AD,36.6125991788297,-6.20882946349949,NO,0
51502,JEDULA,S,Fin de línea,F,FS,AD,36.7437150867204,-5.92246260457104,NO,0
56013,LINARES SAN JOSE,S,Fin de línea,F,FS,AD,38.0962092522118,-3.6183390339494,NO,0
58001,ALQUIFE,S,Fin de línea,F,FS,AD,37.2525628124973,-3.02886139717548,NO,0
42107,AYAMONTE,S,Fin de línea,F,FS,AD,37.214282588997,-7.3999094129157,NO,0
01103,MORON DE LA FRONTERA,S,Fin de línea,F,FS,AD,37.1699444481318,-5.64169865743995,NO,0
F0402,LINARES,S,Fin de línea,F,FS,AD,38.0102838102025,-3.83466359171822,NO,0
F0511,P.K. 114/400,S,Cargadero,K,FS,AD,38.6847610012706,-4.1148799998761,NO,0
F0401,ALMARGEN,S,Fin de línea,F,FS,AD,37.0008462495002,-5.01987203012533,NO,0
F0503,VV. FRESNO,S,Fin de línea,F,FS,AD,38.3796857890711,-7.16685459403932,NO,0
F0504,LA POVEDA,S,Fin de línea,F,FS,AD,40.3192861387373,-3.47882088592406,NO,0
F0509,ALIA,S,Fin de línea,F,FS,AD,39.4544441990038,-5.21709874788608,NO,0
F0510,RENA,S,Fin de línea,F,FS,AD,39.0441746853448,-5.78860608664453,NO,0
14302,BARRUELO DE SANTULLAN,S,Fin de línea,F,FS,AD,42.9013688472139,-4.28777849090962,NO,0
F0513,P.K. 405/525,S,Cargadero,K,FS,AD,43.0432426317483,-8.44532544474466,NO,0
31406,QUEIXAS-LONDOÑO,S,Fin de línea,F,FS,AD,43.1442199706564,-8.46207328040763,NO,0
37804,EXPO,S,Fin de línea,F,FS,AV,37.4557868330683,-5.96017121579959,NO,0
F0205,BORDEAUX,S,Fin de línea,F,FS,AD,42.7940770982654,-0.543158245722723,NO,0
F0416,BIF.BOBADILLA,S,Fin de línea,F,FS,AD,37.1966733280869,-5.76514476337725,NO,0
02101,CARMONA ALTA,S,Fin de línea,F,FS,AD,37.4760356003702,-5.64799886059664,NO,0
F0405,TROCADERO,S,Fin de línea,F,FS,AD,36.6125991788297,-6.20882946349949,NO,0
92100,MOCEJON,S,Otro,O,EX,AV,39.9173321630187,-3.88699366677266,SI,2
66020,BASE DE MONTAJE AV VILLARRUBIA DE SAN,S,Garita,G,EX,AV,39.9605082714043,-3.33986786932154,SI,2
66019,ACCIONA INFRAESTRUCTURAS(APT),S,Garita,G,EX,PA,39.969192648605,-3.41262128837068,SI,2
71905,BARNA-MORROT CONTENEDORES,S,Garita,G,EX,AD,41.3666978375812,2.17375999298874,SI,1
19A01,BRIHUEGA ALMACENES EXISTENCIAS,S,L,L,EX,AV,40.5330266457407,-3.19442164545403,SI,2
05784,HOSPITALES,P,Apartadero,Y,FS,AD,42.6125552524502,-5.56982452955653,SI,2
05801,VENTAS - SAN MAMES,P,Apartadero,Y,FS,AD,42.6099046640279,-5.57118244530224,SI,2
05778,LEON,P,Apartadero,Y,FS,AD,42.6025354768655,-5.57493478037928,SI,2
B5120,MARISMILLAS,S,Apartadero,Y,FS,AD,36.9878096234795,-6.00500271607073,SI,2
54002,ELECTROMECANICA,S,Apartadero,Y,FS,AD,37.8780674816092,-4.80795952965086,SI,2
Z0025,CANTILLANA,S,Zona técnica,Z,EX,AV,37.574235383308,-5.80317922337545,SI,2
Z0040,BASE DE MADRID - VILLAVERDE,S,Zona técnica,Z,EX,AV,40.3471430422289,-3.66311862763337,SI,2
Z0042,BASE DE CALATAYUD,S,Zona técnica,Z,EX,AV,41.3438354406453,-1.64213728227477,SI,2
Z0043,BASE DE SALILLAS DE JALON,S,Zona técnica,Z,EX,AV,41.5604831860552,-1.33197646629712,SI,2
Z0044,SUBBASE DE LA CARTUJA - ZARAGOZA,S,Zona técnica,Z,EX,AV,41.6605193886627,-0.917077784122724,SI,2
Z0052,AÑOVER,S,Zona técnica,Z,EX,AV,39.9808233062905,-3.83844438605837,SI,2
Z0055,POSADAS,S,Zona técnica,Z,EX,AV,37.8077501622784,-5.10050811824663,SI,2
Z0056,LORA DEL RIO,S,Zona técnica,Z,EX,AV,37.6610086432533,-5.54557650714487,SI,2
Z0057,LA RINCONADA,S,Zona técnica,Z,EX,AV,37.4798555187661,-5.93901220321121,SI,2
Z0101,BASE DE MONTAJE DE ALMODOVAR DEL RIO,S,Zona técnica,Z,EX,AV,37.820346576096,-4.99031412767102,SI,2
Z1046,BASE DE PUIGVERD,S,Zona técnica,Z,EX,AV,41.5641358334315,0.699842443008446,SI,2
Z1048,BASE DE VILAFRANCA DEL PENEDES,S,Zona técnica,Z,EX,AV,41.3580322845026,1.71651726852815,SI,2
08A02,BARCELONA SAGRERA E.C.,S,Apartadero,Y,FS,AD,41.4187659964894,2.19191081740561,SI,2
B5703,"GRANADA AG. KM 54,289",S,Bifurcación,B,EX,AV,37.1980236642734,-3.62261895861591,SI,3
B5702,"GRANADA AG. KM 53,273",S,Bifurcación,B,EX,AV,37.2061210671406,-3.62731901446143,SI,3
B0104,BIFURCACION LA VERONICA,S,Bifurcación,B,EX,AD,37.0339278515872,-4.58361811612515,SI,2
05021,CAMBIADOR GRANADA,S,Cruce,C,EX,AV,37.2024328108453,-3.62512304336274,SI,2
B2003,ACCESO POLIGONO VILLADANGOS,S,Garita,G,EX,AD,42.538633222826,-5.7170829676315,SI,2
64110,ALMUSSAFES,S,Estación,E,EX,AD,39.3294369438172,-0.425687764216197,SI,2
05022,GRANADA ESTACION CENTRO,S,Apartadero,Y,FS,AD,37.1846745441913,-3.61157137523446,SI,2
37612,PLATAFORMA LOGISTICA DEL SUROESTE,S,Garita,G,EX,CA,38.8985583733588,-6.99451451984345,SI,2
B3603,BIF. GRANJA LAS ENCINAS,S,Bifurcación,B,EX,AV,38.944062479382,-6.41699665757309,SI,3
10620,COMPLEJO FERROVIARIO MERC.,S,Estación,E,EX,AD,41.6325457526699,-4.68190116695788,SI,3
05426,LA FELGUERA-LANGREO CENTRO,S,Punto KM,P,EX,AD,43.3063412089946,-5.68869650795858,SI,2
05427,SAMA LOS LLERONES,S,Estación,E,EX,AD,43.2973178943755,-5.6798887668254,SI,2
04320,LA SAGRERA AV,S,Estación,E,EX,AV,41.4213744913632,2.19401761928979,SI,2
B3730,ACCESO PUERTOLLANO REFINERÍA,S,Bifurcación,B,EX,AD,38.6835155094224,-4.11813372837,SI,3
B1053,"C. FERROVIARIO AG. KM. 3,7",S,Bifurcación,B,EX,AD,41.6105397565678,-4.72020787184603,SI,2
08190,LAS ARENAS,S,Estación,E,EX,AV,42.3948552489858,-5.14352235462274,SI,2
08230,VILECHA,S,Estación,E,EX,AV,42.5328830987619,-5.56745539332199,SI,2
C3520,"P.K. 187,360",S,Cargadero,K,EX,AD,39.9088846496624,-5.39589088025065,SI,2
A5116,"LAS ALETAS AG. KM. 2,2",S,Bifurcación,B,EX,AD,36.5308261727863,-6.20452269575381,SI,2
32000,ZALDESA (CGD),S,Garita,G,EX,AD,40.9546189778386,-5.72240346255048,SI,2
35211,PLATAFORMA LOGIST. NAVALM. DE LA MATA,S,Garita,G,EX,CA,39.9046061341361,-5.49468792684984,SI,2
40009,PLATAFORMA LOGISTICA DE MERIDA,S,Garita,G,EX,CA,38.8218612904733,-6.36725619024493,NO,0
